program_code,university_code,program_name,qualification,mandatory_exams,elective_exams
0010135,001,ჟურნალისტიკა და მასობრივი კომუნიკაცია (ქართული რუსულენოვანი კომპონენტებით),სოციალური მეცნიერებების ბაკალავრი,გამოცდა კოეფიციენტი მინ. ზღვარი პრიორიტეტი ადგილების რ-ბა; ქართული ენა და ლიტერატურა 5 41%-ზე მეტი 1; უცხოური ენა (ინგ.; რუს.; გერ.; ფრა.) 5 51%-ზე მეტი 2; ,ერთ-ერთი შემდეგი სავალდებულო საგნებიდან; მათემატიკა 2 41%-ზე მეტი 3 1; ისტორია 2 41%-ზე მეტი 3 5; გეოგრაფია 2 41%-ზე მეტი 3 1; ლიტერატურა 2 41%-ზე მეტი 3 2; სამოქალაქო განათლება 2 41%-ზე მეტი 3 1; 71; 001 სსიპ - ივანე ჯავახიშვილის სახელობის თბილისის სახელმწიფო უნივერსიტეტი 08.08.2025 16:49; 
0010136,001,ეკონომიკა,ეკონომიკის ბაკალავრი,გამოცდა კოეფიციენტი მინ. ზღვარი პრიორიტეტი ადგილების რ-ბა; ქართული ენა და ლიტერატურა 3 25%-ზე მეტი 3; უცხოური ენა (გერ.; ინგ.; რუს.; ფრან.) 3 20%-ზე მეტი 2; მათემატიკა 6 20%-ზე მეტი 1; 72; 001 სსიპ - ივანე ჯავახიშვილის სახელობის თბილისის სახელმწიფო უნივერსიტეტი 08.08.2025 10:07; ,
0010137,001,ბიზნესის ადმინისტრირება (180 კრედიტი),ბიზნესის ადმინისტრირების ბაკალავრი,გამოცდა კოეფიციენტი მინ. ზღვარი პრიორიტეტი ადგილების რ-ბა; ქართული ენა და ლიტერატურა 3 25%-ზე მეტი 3; უცხოური ენა (გერ.; ინგ.; რუს.; ფრან.) 3 20%-ზე მეტი 2; ,ერთ-ერთი შემდეგი სავალდებულო საგნებიდან; მათემატიკა 6 20%-ზე მეტი 1 350; ისტორია 6 25%-ზე მეტი 1 350; 73; 001 სსიპ - ივანე ჯავახიშვილის სახელობის თბილისის სახელმწიფო უნივერსიტეტი 08.08.2025 10:07; 
0010138,001,ტურიზმი,ბიზნესის ადმინისტრირების ბაკალავრი ტურიზმში,გამოცდა კოეფიციენტი მინ. ზღვარი პრიორიტეტი ადგილების რ-ბა; ქართული ენა და ლიტერატურა 3 25%-ზე მეტი 3; უცხოური ენა (გერ.; ინგ.; რუს.; ფრან.) 6 20%-ზე მეტი 1; ,ერთ-ერთი შემდეგი სავალდებულო საგნებიდან; მათემატიკა 3 20%-ზე მეტი 2 30; ისტორია 3 25%-ზე მეტი 2 135; გეოგრაფია 3 25%-ზე მეტი 2 135; 74; 001 სსიპ - ივანე ჯავახიშვილის სახელობის თბილისის სახელმწიფო უნივერსიტეტი 08.08.2025 10:07; 
0010139,001,ეკონომიკის საერთაშორისო სკოლის (ISET) საბაკალავრო პროგრამა ეკონომიკაში (ინგლისურენოვანი),ეკონომიკის ბაკალავრი,გამოცდა კოეფიციენტი მინ. ზღვარი პრიორიტეტი ადგილების რ-ბა; ქართული ენა და ლიტერატურა 2 25%-ზე მეტი 3; უცხოური ენა (ინგ.) 4 65%-ზე მეტი 2; მათემატიკა 6 50%-ზე მეტი 1; 75; 001 სსიპ - ივანე ჯავახიშვილის სახელობის თბილისის სახელმწიფო უნივერსიტეტი 08.08.2025 10:07; ,
0010140,001,სამართალი,სამართლის ბაკალავრი,გამოცდა კოეფიციენტი მინ. ზღვარი პრიორიტეტი ადგილების რ-ბა; ქართული ენა და ლიტერატურა 5 35%-ზე მეტი 1; უცხოური ენა (გერ.; ინგ.; რუს.; ფრან.) 3 35%-ზე მეტი 3; ,ერთ-ერთი შემდეგი სავალდებულო საგნებიდან; მათემატიკა 4 20%-ზე მეტი 2 300; ისტორია 4 35%-ზე მეტი 2 420; სამოქალაქო განათლება 4 35%-ზე მეტი 2 80; 76; 001 სსიპ - ივანე ჯავახიშვილის სახელობის თბილისის სახელმწიფო უნივერსიტეტი 08.08.2025 10:07; 
0010141,001,საერთაშორისო სამართალი,საერთაშორისო სამართლის ბაკალავრი,გამოცდა კოეფიციენტი მინ. ზღვარი პრიორიტეტი ადგილების რ-ბა; ქართული ენა და ლიტერატურა 4 35%-ზე მეტი 2; უცხოური ენა (ინგ.) 5 35%-ზე მეტი 1; ,ერთ-ერთი შემდეგი სავალდებულო საგნებიდან; მათემატიკა 3 20%-ზე მეტი 3 30; ისტორია 3 35%-ზე მეტი 3 55; სამოქალაქო განათლება 3 35%-ზე მეტი 3 15; 77; 001 სსიპ - ივანე ჯავახიშვილის სახელობის თბილისის სახელმწიფო უნივერსიტეტი 08.08.2025 10:07; 
0010142,001,ევროპისმცოდნეობა,ევროპისმცოდნეობის ბაკალავრი,გამოცდა კოეფიციენტი მინ. ზღვარი პრიორიტეტი ადგილების რ-ბა; ქართული ენა და ლიტერატურა 4 35%-ზე მეტი 2; უცხოური ენა (ინგ.) 5 35%-ზე მეტი 1; ,ერთ-ერთი შემდეგი სავალდებულო საგნებიდან; მათემატიკა 3 20%-ზე მეტი 3 30; ისტორია 3 35%-ზე მეტი 3 70; 78; 001 სსიპ - ივანე ჯავახიშვილის სახელობის თბილისის სახელმწიფო უნივერსიტეტი 08.08.2025 10:07; 
0010143,001,ფსიქოლოგია,მეცნიერების ბაკალავრი ფსიქოლოგიაში,გამოცდა კოეფიციენტი მინ. ზღვარი პრიორიტეტი ადგილების რ-ბა; ქართული ენა და ლიტერატურა 4 40%-ზე მეტი 1; უცხოური ენა (გერ.; ინგ.; ფრან.) 4 40%-ზე მეტი 2; ,ერთ-ერთი შემდეგი სავალდებულო საგნებიდან; მათემატიკა 4 25%-ზე მეტი 3 60; ისტორია 4 40%-ზე მეტი 3 135; ბიოლოგია 4 40%-ზე მეტი 3 130; 79; 001 სსიპ - ივანე ჯავახიშვილის სახელობის თბილისის სახელმწიფო უნივერსიტეტი 08.08.2025 10:07; 
0010144,001,დაწყებითი საფეხურის მასწავლებლის მომზადების ინტეგრირებული საბაკალავრო-სამაგისტრო საგანმანათლებლო პროგრამა,განათლების მაგისტრი,გამოცდა კოეფიციენტი მინ. ზღვარი პრიორიტეტი ადგილების რ-ბა; ქართული ენა და ლიტერატურა 5 50%-ზე მეტი 1; უცხოური ენა (ინგ.; გერ.; ფრა.) 2 40%-ზე მეტი 3; ,ერთ-ერთი შემდეგი სავალდებულო საგნებიდან; მათემატიკა 5 30%-ზე მეტი 2 60; ისტორია 5 50%-ზე მეტი 2 40; 80; 001 სსიპ - ივანე ჯავახიშვილის სახელობის თბილისის სახელმწიფო უნივერსიტეტი 08.08.2025 10:07; 
0010145,001,მულტილინგვური განათლება - დაწყებითი საფეხურის მასწავლებლის მომზადების ინტეგრირებული საბაკალავრო-სამაგისტრო პროგრამა,განათლების მაგისტრი,გამოცდა კოეფიციენტი მინ. ზღვარი პრიორიტეტი ადგილების რ-ბა; ქართული ენა და ლიტერატურა 6 51%-ზე მეტი 1; უცხოური ენა (ინგ.; გერ.; ფრა.) 3 21%-ზე მეტი 3; ,ერთ-ერთი შემდეგი სავალდებულო საგნებიდან; მათემატიკა 3 21%-ზე მეტი 2 10; ისტორია 3 25%-ზე მეტი 2 15; 81; 001 სსიპ - ივანე ჯავახიშვილის სახელობის თბილისის სახელმწიფო უნივერსიტეტი 08.08.2025 10:07; 
0010146,001,მედიცინა (ქართულენოვანი),დიპლომირებული მედიკოსი,გამოცდა კოეფიციენტი მინ. ზღვარი პრიორიტეტი ადგილების რ-ბა; ქართული ენა და ლიტერატურა 2 55%-ზე მეტი 4; უცხოური ენა (ინგ.) 3 75%-ზე მეტი 2; ბიოლოგია 4 65%-ზე მეტი 1; ,ერთ-ერთი შემდეგი სავალდებულო საგნებიდან; მათემატიკა 3 50%-ზე მეტი 3 30; ფიზიკა 3 50%-ზე მეტი 3 30; ქიმია 3 60%-ზე მეტი 3 40; 82; 001 სსიპ - ივანე ჯავახიშვილის სახელობის თბილისის სახელმწიფო უნივერსიტეტი 08.08.2025 10:07; 
0010147,001,მედიცინა (ინგლისურენოვანი),დიპლომირებული მედიკოსი,გამოცდა კოეფიციენტი მინ. ზღვარი პრიორიტეტი ადგილების რ-ბა; ქართული ენა და ლიტერატურა 2 55%-ზე მეტი 4; უცხოური ენა (ინგ.) 4 85%-ზე მეტი 2; ბიოლოგია 4 65%-ზე მეტი 1; ,ერთ-ერთი შემდეგი სავალდებულო საგნებიდან; მათემატიკა 2 50%-ზე მეტი 3 3; ფიზიკა 2 50%-ზე მეტი 3 3; ქიმია 2 60%-ზე მეტი 3 4; 83; 001 სსიპ - ივანე ჯავახიშვილის სახელობის თბილისის სახელმწიფო უნივერსიტეტი 08.08.2025 10:07; 
0010148,001,სტომატოლოგია,დიპლომირებული სტომატოლოგი,გამოცდა კოეფიციენტი მინ. ზღვარი პრიორიტეტი ადგილების რ-ბა; ქართული ენა და ლიტერატურა 2 50%-ზე მეტი 4; უცხოური ენა (ინგ.) 3 60%-ზე მეტი 2; ბიოლოგია 4 50%-ზე მეტი 1; ,ერთ-ერთი შემდეგი სავალდებულო საგნებიდან; მათემატიკა 3 45%-ზე მეტი 3 12; ფიზიკა 3 45%-ზე მეტი 3 12; ქიმია 3 50%-ზე მეტი 3 16; 84; 001 სსიპ - ივანე ჯავახიშვილის სახელობის თბილისის სახელმწიფო უნივერსიტეტი 08.08.2025 10:07; 
0010149,001,ოკუპაციური თერაპია,ოკუპაციური თერაპიის ბაკალავრი,გამოცდა კოეფიციენტი მინ. ზღვარი პრიორიტეტი ადგილების რ-ბა; ქართული ენა და ლიტერატურა 4 41%-ზე მეტი 1; უცხოური ენა (ინგ.) 4 41%-ზე მეტი 2; ბიოლოგია 3 41%-ზე მეტი 3; ,ერთ-ერთი შემდეგი სავალდებულო საგნებიდან; მათემატიკა 1 21%-ზე მეტი 4 8; ფიზიკა 1 26%-ზე მეტი 4 6; ქიმია 1 26%-ზე მეტი 4 6; 85; 001 სსიპ - ივანე ჯავახიშვილის სახელობის თბილისის სახელმწიფო უნივერსიტეტი 08.08.2025 10:07; 
0010150,001,ქართულ ენაში მომზადება აზერბაიჯანულენოვანთათვის,,გამოცდა კოეფიციენტი მინ. ზღვარი პრიორიტეტი ადგილების რ-ბა; ზოგადი უნარები (აზერ) 12 30%-ზე მეტი 1; 86; 001 სსიპ - ივანე ჯავახიშვილის სახელობის თბილისის სახელმწიფო უნივერსიტეტი 08.08.2025 10:07; ,
0010151,001,ქართულ ენაში მომზადება სომხურენოვანთათვის,,გამოცდა კოეფიციენტი მინ. ზღვარი პრიორიტეტი ადგილების რ-ბა; ზოგადი უნარები (სომხ) 12 30%-ზე მეტი 1; 87; 001 სსიპ - ივანე ჯავახიშვილის სახელობის თბილისის სახელმწიფო უნივერსიტეტი 08.08.2025 10:07; ,
0010152,001,ქართულ ენაში მომზადება აფხაზურენოვანთათვის,,გამოცდა კოეფიციენტი მინ. ზღვარი პრიორიტეტი ადგილების რ-ბა; აფხაზური ენა 12 25%-ზე მეტი 1; 88; 001 სსიპ - ივანე ჯავახიშვილის სახელობის თბილისის სახელმწიფო უნივერსიტეტი 08.08.2025 10:07; ,
0010153,001,ქართულ ენაში მომზადება ოსურენოვანთათვის,,"გამოცდა კოეფიციენტი მინ. ზღვარი პრიორიტეტი ადგილების რ-ბა; ოსური ენა 12 25%-ზე მეტი 1; 89; 001 სსიპ - ივანე ჯავახიშვილის სახელობის თბილისის სახელმწიფო უნივერსიტეტი 08.08.2025 10:07; 002 სსიპ - თბილისის ვანო სარაჯიშვილის სახელობის სახელმწიფო კონსერვატორია; მისამართი: 0108, თბილისი, გრიბოედოვის ქ. 8-10; ტელეფონი: (+995 32) 2 995 194; ვებგვერდი: www.tsc.edu.ge; ელ.ფოსტა: info@tsc.edu.ge; 90; 002 სსიპ - თბილისის ვანო სარაჯიშვილის სახელობის სახელმწიფო კონსერვატორია 08.08.2025 10:07; ",
0020101,002,საშემსრულებლო ხელოვნება - კლავიშიანი საკრავები,ჰუმანიტარული მეცნიერებების ბაკალავრი საშემსრულებლო ხელოვნებაში (კლავიშიანი საკრავები),გამოცდა კოეფიციენტი მინ. ზღვარი პრიორიტეტი ადგილების რ-ბა; ქართული ენა და ლიტერატურა 25%-ზე მეტი; უცხოური ენა (გერ.; ინგ.; რუს.; ფრან.) 20%-ზე მეტი; შემოქმედებითი ტური 12 1; 91; 002 სსიპ - თბილისის ვანო სარაჯიშვილის სახელობის სახელმწიფო კონსერვატორია 08.08.2025 10:07; ,
0020102,002,საშემსრულებლო ხელოვნება - აკადემიური გუნდის დირიჟორობა,ჰუმანიტარული მეცნიერებების ბაკალავრი საშემსრულებლო ხელოვნებაში (საგუნდო დირიჟორობა),გამოცდა კოეფიციენტი მინ. ზღვარი პრიორიტეტი ადგილების რ-ბა; ქართული ენა და ლიტერატურა 25%-ზე მეტი; უცხოური ენა (გერ.; ინგ.; რუს.; ფრან.) 20%-ზე მეტი; შემოქმედებითი ტური 12 1; 92; 002 სსიპ - თბილისის ვანო სარაჯიშვილის სახელობის სახელმწიფო კონსერვატორია 08.08.2025 10:07; ,
0020103,002,საშემსრულებლო ხელოვნება - სოლო აკადემიური სიმღერა (ქალები),ჰუმანიტარული მეცნიერებების ბაკალავრი საშემსრულებლო ხელოვნებაში (ვოკალი),გამოცდა კოეფიციენტი მინ. ზღვარი პრიორიტეტი ადგილების რ-ბა; ქართული ენა და ლიტერატურა 25%-ზე მეტი; უცხოური ენა (გერ.; ინგ.; რუს.; ფრან.) 20%-ზე მეტი; შემოქმედებითი ტური 12 1; 93; 002 სსიპ - თბილისის ვანო სარაჯიშვილის სახელობის სახელმწიფო კონსერვატორია 08.08.2025 10:07; ,
0020104,002,საშემსრულებლო ხელოვნება - სოლო აკადემიური სიმღერა (ვაჟები),ჰუმანიტარული მეცნიერებების ბაკალავრი საშემსრულებლო ხელოვნებაში (ვოკალი),გამოცდა კოეფიციენტი მინ. ზღვარი პრიორიტეტი ადგილების რ-ბა; ქართული ენა და ლიტერატურა 25%-ზე მეტი; უცხოური ენა (გერ.; ინგ.; რუს.; ფრან.) 20%-ზე მეტი; შემოქმედებითი ტური 12 1; 94; 002 სსიპ - თბილისის ვანო სარაჯიშვილის სახელობის სახელმწიფო კონსერვატორია 08.08.2025 10:07; ,
0020105,002,საშემსრულებლო ხელოვნება - სიმებიანი საკრავები (ვიოლინო),ჰუმანიტარული მეცნიერებების ბაკალავრი საშემსრულებლო ხელოვნებაში (სიმებიანი საკრავები),გამოცდა კოეფიციენტი მინ. ზღვარი პრიორიტეტი ადგილების რ-ბა; ქართული ენა და ლიტერატურა 25%-ზე მეტი; უცხოური ენა (გერ.; ინგ.; რუს.; ფრან.) 20%-ზე მეტი; შემოქმედებითი ტური 12 1; 95; 002 სსიპ - თბილისის ვანო სარაჯიშვილის სახელობის სახელმწიფო კონსერვატორია 08.08.2025 10:07; ,
0020106,002,საშემსრულებლო ხელოვნება - სიმებიანი საკრავები (ალტი),ჰუმანიტარული მეცნიერებების ბაკალავრი საშემსრულებლო ხელოვნებაში (სიმებიანი საკრავები),გამოცდა კოეფიციენტი მინ. ზღვარი პრიორიტეტი ადგილების რ-ბა; ქართული ენა და ლიტერატურა 25%-ზე მეტი; უცხოური ენა (გერ.; ინგ.; რუს.; ფრან.) 20%-ზე მეტი; შემოქმედებითი ტური 12 1; 96; 002 სსიპ - თბილისის ვანო სარაჯიშვილის სახელობის სახელმწიფო კონსერვატორია 08.08.2025 10:07; ,
0020107,002,საშემსრულებლო ხელოვნება - სიმებიანი საკრავები (ჩელო),ჰუმანიტარული მეცნიერებების ბაკალავრი საშემსრულებლო ხელოვნებაში (სიმებიანი საკრავები),გამოცდა კოეფიციენტი მინ. ზღვარი პრიორიტეტი ადგილების რ-ბა; ქართული ენა და ლიტერატურა 25%-ზე მეტი; უცხოური ენა (გერ.; ინგ.; რუს.; ფრან.) 20%-ზე მეტი; შემოქმედებითი ტური 12 1; 97; 002 სსიპ - თბილისის ვანო სარაჯიშვილის სახელობის სახელმწიფო კონსერვატორია 08.08.2025 10:07; ,
0020108,002,საშემსრულებლო ხელოვნება - სიმებიანი საკრავები (კონტრაბასი),ჰუმანიტარული მეცნიერებების ბაკალავრი საშემსრულებლო ხელოვნებაში (სიმებიანი საკრავები),გამოცდა კოეფიციენტი მინ. ზღვარი პრიორიტეტი ადგილების რ-ბა; ქართული ენა და ლიტერატურა 25%-ზე მეტი; უცხოური ენა (გერ.; ინგ.; რუს.; ფრან.) 20%-ზე მეტი; შემოქმედებითი ტური 12 1; 98; 002 სსიპ - თბილისის ვანო სარაჯიშვილის სახელობის სახელმწიფო კონსერვატორია 08.08.2025 10:07; ,
0020109,002,საშემსრულებლო ხელოვნება - სიმებიანი საკრავები (გიტარა),ჰუმანიტარული მეცნიერებების ბაკალავრი საშემსრულებლო ხელოვნებაში (სიმებიანი საკრავები),გამოცდა კოეფიციენტი მინ. ზღვარი პრიორიტეტი ადგილების რ-ბა; ქართული ენა და ლიტერატურა 25%-ზე მეტი; უცხოური ენა (გერ.; ინგ.; რუს.; ფრან.) 20%-ზე მეტი; შემოქმედებითი ტური 12 1; 99; 002 სსიპ - თბილისის ვანო სარაჯიშვილის სახელობის სახელმწიფო კონსერვატორია 08.08.2025 10:07; ,
0020110,002,საშემსრულებლო ხელოვნება - ჩასაბერი საკრავები (ფლეიტა),ჰუმანიტარული მეცნიერებების ბაკალავრი საშემსრულებლო ხელოვნებაში (ჩასაბერი საკრავები),გამოცდა კოეფიციენტი მინ. ზღვარი პრიორიტეტი ადგილების რ-ბა; ქართული ენა და ლიტერატურა 25%-ზე მეტი; უცხოური ენა (გერ.; ინგ.; რუს.; ფრან.) 20%-ზე მეტი; შემოქმედებითი ტური 12 1; 100; 002 სსიპ - თბილისის ვანო სარაჯიშვილის სახელობის სახელმწიფო კონსერვატორია 08.08.2025 10:07; ,
0020111,002,საშემსრულებლო ხელოვნება - ჩასაბერი საკრავები (ჰობოი),ჰუმანიტარული მეცნიერებების ბაკალავრი საშემსრულებლო ხელოვნებაში (ჩასაბერი საკრავები),გამოცდა კოეფიციენტი მინ. ზღვარი პრიორიტეტი ადგილების რ-ბა; ქართული ენა და ლიტერატურა 25%-ზე მეტი; უცხოური ენა (გერ.; ინგ.; რუს.; ფრან.) 20%-ზე მეტი; შემოქმედებითი ტური 12 1; 101; 002 სსიპ - თბილისის ვანო სარაჯიშვილის სახელობის სახელმწიფო კონსერვატორია 08.08.2025 10:07; ,
0020112,002,საშემსრულებლო ხელოვნება - ჩასაბერი საკრავები (კლარნეტი),ჰუმანიტარული მეცნიერებების ბაკალავრი საშემსრულებლო ხელოვნებაში (ჩასაბერი საკრავები),გამოცდა კოეფიციენტი მინ. ზღვარი პრიორიტეტი ადგილების რ-ბა; ქართული ენა და ლიტერატურა 25%-ზე მეტი; უცხოური ენა (გერ.; ინგ.; რუს.; ფრან.) 20%-ზე მეტი; შემოქმედებითი ტური 12 1; 102; 002 სსიპ - თბილისის ვანო სარაჯიშვილის სახელობის სახელმწიფო კონსერვატორია 08.08.2025 10:07; ,
0020113,002,საშემსრულებლო ხელოვნება - ჩასაბერი საკრავები (ფაგოტი),ჰუმანიტარული მეცნიერებების ბაკალავრი საშემსრულებლო ხელოვნებაში (ჩასაბერი საკრავები),გამოცდა კოეფიციენტი მინ. ზღვარი პრიორიტეტი ადგილების რ-ბა; ქართული ენა და ლიტერატურა 25%-ზე მეტი; უცხოური ენა (გერ.; ინგ.; რუს.; ფრან.) 20%-ზე მეტი; შემოქმედებითი ტური 12 1; 103; 002 სსიპ - თბილისის ვანო სარაჯიშვილის სახელობის სახელმწიფო კონსერვატორია 08.08.2025 10:07; ,
0020114,002,საშემსრულებლო ხელოვნება - ჩასაბერი საკრავები (ვალტორნა),ჰუმანიტარული მეცნიერებების ბაკალავრი საშემსრულებლო ხელოვნებაში (ჩასაბერი საკრავები),გამოცდა კოეფიციენტი მინ. ზღვარი პრიორიტეტი ადგილების რ-ბა; ქართული ენა და ლიტერატურა 25%-ზე მეტი; უცხოური ენა (გერ.; ინგ.; რუს.; ფრან.) 20%-ზე მეტი; შემოქმედებითი ტური 12 1; 104; 002 სსიპ - თბილისის ვანო სარაჯიშვილის სახელობის სახელმწიფო კონსერვატორია 08.08.2025 10:07; ,
0020115,002,საშემსრულებლო ხელოვნება - ჩასაბერი საკრავები (საყვირი),ჰუმანიტარული მეცნიერებების ბაკალავრი საშემსრულებლო ხელოვნებაში (ჩასაბერი საკრავები),გამოცდა კოეფიციენტი მინ. ზღვარი პრიორიტეტი ადგილების რ-ბა; ქართული ენა და ლიტერატურა 25%-ზე მეტი; უცხოური ენა (გერ.; ინგ.; რუს.; ფრან.) 20%-ზე მეტი; შემოქმედებითი ტური 12 1; 105; 002 სსიპ - თბილისის ვანო სარაჯიშვილის სახელობის სახელმწიფო კონსერვატორია 08.08.2025 10:07; ,
0020116,002,საშემსრულებლო ხელოვნება - ჩასაბერი საკრავები (ტრომბონი),ჰუმანიტარული მეცნიერებების ბაკალავრი საშემსრულებლო ხელოვნებაში (ჩასაბერი საკრავები),გამოცდა კოეფიციენტი მინ. ზღვარი პრიორიტეტი ადგილების რ-ბა; ქართული ენა და ლიტერატურა 25%-ზე მეტი; უცხოური ენა (გერ.; ინგ.; რუს.; ფრან.) 20%-ზე მეტი; შემოქმედებითი ტური 12 1; 106; 002 სსიპ - თბილისის ვანო სარაჯიშვილის სახელობის სახელმწიფო კონსერვატორია 08.08.2025 10:07; ,
0020117,002,საშემსრულებლო ხელოვნება - დასარტყამი საკრავები,ჰუმანიტარული მეცნიერებების ბაკალავრი საშემსრულებლო ხელოვნებაში (დასარტყამი საკრავები),გამოცდა კოეფიციენტი მინ. ზღვარი პრიორიტეტი ადგილების რ-ბა; ქართული ენა და ლიტერატურა 25%-ზე მეტი; უცხოური ენა (გერ.; ინგ.; რუს.; ფრან.) 20%-ზე მეტი; შემოქმედებითი ტური 12 1; 107; 002 სსიპ - თბილისის ვანო სარაჯიშვილის სახელობის სახელმწიფო კონსერვატორია 08.08.2025 10:07; ,
0020118,002,ჯაზის ხელოვნება,ჰუმანიტარული მეცნიერებების ბაკალავრი საშემსრულებლო ხელოვნებაში (ჯაზ-ორკესტრის საკრავები/ჯაზ-ვოკალი),გამოცდა კოეფიციენტი მინ. ზღვარი პრიორიტეტი ადგილების რ-ბა; ქართული ენა და ლიტერატურა 25%-ზე მეტი; უცხოური ენა (გერ.; ინგ.; რუს.; ფრან.) 20%-ზე მეტი; შემოქმედებითი ტური 12 1; 108; 002 სსიპ - თბილისის ვანო სარაჯიშვილის სახელობის სახელმწიფო კონსერვატორია 08.08.2025 10:07; ,
0020119,002,მუსიკოლოგია,ჰუმანიტარული მეცნიერებების ბაკალავრი მუსიკოლოგიაში,გამოცდა კოეფიციენტი მინ. ზღვარი პრიორიტეტი ადგილების რ-ბა; ქართული ენა და ლიტერატურა 3 25%-ზე მეტი 2; უცხოური ენა (გერ.; ინგ.; რუს.; ფრან.) 3 20%-ზე მეტი 3; შემოქმედებითი ტური 6 1; 109; 002 სსიპ - თბილისის ვანო სარაჯიშვილის სახელობის სახელმწიფო კონსერვატორია 08.08.2025 10:07; ,
0020120,002,კომპოზიცია,ჰუმანიტარული მეცნიერებების ბაკალავრი კომპოზიციაში,გამოცდა კოეფიციენტი მინ. ზღვარი პრიორიტეტი ადგილების რ-ბა; ქართული ენა და ლიტერატურა 25%-ზე მეტი; უცხოური ენა (გერ.; ინგ.; რუს.; ფრან.) 20%-ზე მეტი; შემოქმედებითი ტური 12 1; 110; 002 სსიპ - თბილისის ვანო სარაჯიშვილის სახელობის სახელმწიფო კონსერვატორია 08.08.2025 10:07; ,
0020121,002,მუსიკის ტექნოლოგია,ჰუმანიტარული მეცნიერებების ბაკალავრი მუსიკის ტექნოლოგიაში,გამოცდა კოეფიციენტი მინ. ზღვარი პრიორიტეტი ადგილების რ-ბა; ქართული ენა და ლიტერატურა 4 25%-ზე მეტი 1; უცხოური ენა (გერ.; ინგ.; რუს.; ფრან.) 4 20%-ზე მეტი 2; ,ერთ-ერთი შემდეგი სავალდებულო საგნებიდან; მათემატიკა 4 20%-ზე მეტი 3 3; ისტორია 4 25%-ზე მეტი 3 2; ხელოვნება 4 25%-ზე მეტი 3 5; 111; 002 სსიპ - თბილისის ვანო სარაჯიშვილის სახელობის სახელმწიფო კონსერვატორია 08.08.2025 10:07; 
0020122,002,ქართულ ენაში მომზადების საგანმანათლებლო პროგრამა აფხაზურენოვანთათვის,,გამოცდა კოეფიციენტი მინ. ზღვარი პრიორიტეტი ადგილების რ-ბა; აფხაზური ენა 12 25%-ზე მეტი 1; 112; 002 სსიპ - თბილისის ვანო სარაჯიშვილის სახელობის სახელმწიფო კონსერვატორია 08.08.2025 10:07; ,
0020123,002,ქართულ ენაში მომზადების საგანმანათლებლო პროგრამა ოსურენოვანთათვის,,გამოცდა კოეფიციენტი მინ. ზღვარი პრიორიტეტი ადგილების რ-ბა; ოსური ენა 12 25%-ზე მეტი 1; 113; 002 სსიპ - თბილისის ვანო სარაჯიშვილის სახელობის სახელმწიფო კონსერვატორია 08.08.2025 10:07; ,
0020124,002,ქართულ ენაში მომზადების საგანმანათლებლო პროგრამა სომხურენოვანთათვის,,გამოცდა კოეფიციენტი მინ. ზღვარი პრიორიტეტი ადგილების რ-ბა; ზოგადი უნარები (სომხ) 12 30%-ზე მეტი 1; 114; 002 სსიპ - თბილისის ვანო სარაჯიშვილის სახელობის სახელმწიფო კონსერვატორია 08.08.2025 10:07; ,
0020125,002,ქართულ ენაში მომზადების საგანმანათლებლო პროგრამა აზერბაიჯანულენოვანთათვის,,გამოცდა კოეფიციენტი მინ. ზღვარი პრიორიტეტი ადგილების რ-ბა; ზოგადი უნარები (აზერ) 12 30%-ზე მეტი 1; 115; 002 სსიპ - თბილისის ვანო სარაჯიშვილის სახელობის სახელმწიფო კონსერვატორია 08.08.2025 10:07; 003 სსიპ - საქართველოს ტექნიკური უნივერსიტეტი; მისამართი: ქ.თბილისი. მერაბ კოსტავას ქ. N 77; ტელეფონი: (+995 32) 2 36 54 29; ვებგვერდი: www.gtu.ge; ელ.ფოსტა: info@gtu.ge; contact@gtu.ge; 116; 003 სსიპ - საქართველოს ტექნიკური უნივერსიტეტი 08.08.2025 10:07; ,
0030101,003,მშენებლობა,მშენებლობის ინჟინერიის ბაკალავრი,გამოცდა კოეფიციენტი მინ. ზღვარი პრიორიტეტი ადგილების რ-ბა; ქართული ენა და ლიტერატურა 4 25%-ზე მეტი 3; უცხოური ენა (გერ.; ინგ.; რუს.; ფრან.) 4 20%-ზე მეტი 2; ,ერთ-ერთი შემდეგი სავალდებულო საგნებიდან; მათემატიკა 4 20%-ზე მეტი 1 225; ფიზიკა 4 25%-ზე მეტი 1 25; 117; 003 სსიპ - საქართველოს ტექნიკური უნივერსიტეტი 08.08.2025 10:07; 
0030102,003,მშენებლობის ინჟინერია და მენეჯმენტი,მშენებლობის ინჟინერიისა და მენეჯმენტის ბაკალავრი,გამოცდა კოეფიციენტი მინ. ზღვარი პრიორიტეტი ადგილების რ-ბა; ქართული ენა და ლიტერატურა 4 25%-ზე მეტი 3; უცხოური ენა (გერ.; ინგ.; რუს.; ფრან.) 4 20%-ზე მეტი 2; ,ერთ-ერთი შემდეგი სავალდებულო საგნებიდან; მათემატიკა 4 20%-ზე მეტი 1 45; ფიზიკა 4 25%-ზე მეტი 1 5; 118; 003 სსიპ - საქართველოს ტექნიკური უნივერსიტეტი 08.08.2025 10:07; 
0030103,003,სამოქალაქო ინჟინერია,მეცნიერების ბაკალავრი სამოქალაქო ინჟინერიაში,გამოცდა კოეფიციენტი მინ. ზღვარი პრიორიტეტი ადგილების რ-ბა; ქართული ენა და ლიტერატურა 4 25%-ზე მეტი 3; უცხოური ენა (გერ.; ინგ.; რუს.; ფრან.) 4 20%-ზე მეტი 2; ,ერთ-ერთი შემდეგი სავალდებულო საგნებიდან; მათემატიკა 4 20%-ზე მეტი 1 40; ფიზიკა 4 25%-ზე მეტი 1 5; 119; 003 სსიპ - საქართველოს ტექნიკური უნივერსიტეტი 08.08.2025 10:07; 
0030104,003,სამოქალაქო ინჟინერია (ინგლისურენოვანი),მეცნიერების ბაკალავრი სამოქალაქო ინჟინერიაში,გამოცდა კოეფიციენტი მინ. ზღვარი პრიორიტეტი ადგილების რ-ბა; ქართული ენა და ლიტერატურა 4 25%-ზე მეტი 3; უცხოური ენა (ინგ.) 4 20%-ზე მეტი 2; ,ერთ-ერთი შემდეგი სავალდებულო საგნებიდან; მათემატიკა 4 20%-ზე მეტი 1 16; ფიზიკა 4 25%-ზე მეტი 1 4; 120; 003 სსიპ - საქართველოს ტექნიკური უნივერსიტეტი 08.08.2025 10:07; 
0030105,003,ენერგეტიკა და ელექტროინჟინერია,ენერგეტიკისა და ელექტროინჟინერიის ბაკალავრი,გამოცდა კოეფიციენტი მინ. ზღვარი პრიორიტეტი ადგილების რ-ბა; ქართული ენა და ლიტერატურა 4 25%-ზე მეტი 3; უცხოური ენა (გერ.; ინგ.; რუს.; ფრან.) 4 20%-ზე მეტი 2; ,ერთ-ერთი შემდეგი სავალდებულო საგნებიდან; მათემატიკა 4 20%-ზე მეტი 1 180; ფიზიკა 4 25%-ზე მეტი 1 30; 121; 003 სსიპ - საქართველოს ტექნიკური უნივერსიტეტი 08.08.2025 10:07; 
0030106,003,საინჟინრო მენეჯმენტი,მენეჯმენტის ბაკალავრი,გამოცდა კოეფიციენტი მინ. ზღვარი პრიორიტეტი ადგილების რ-ბა; ქართული ენა და ლიტერატურა 4 25%-ზე მეტი 3; უცხოური ენა (ინგ.; რუს.; გერ.; ფრა.) 4 20%-ზე მეტი 2; ,ერთ-ერთი შემდეგი სავალდებულო საგნებიდან; მათემატიკა 4 20%-ზე მეტი 1 10; ისტორია 4 25%-ზე მეტი 1 40; 122; 003 სსიპ - საქართველოს ტექნიკური უნივერსიტეტი 08.08.2025 10:07; 
0030107,003,ელექტრული და ელექტრონული ინჟინერია,მეცნიერების ბაკალავრი ელექტრულ და ელექტრონულ ინჟინერიაში,გამოცდა კოეფიციენტი მინ. ზღვარი პრიორიტეტი ადგილების რ-ბა; ქართული ენა და ლიტერატურა 4 25%-ზე მეტი 3; უცხოური ენა (ინგ.) 4 20%-ზე მეტი 2; ,ერთ-ერთი შემდეგი სავალდებულო საგნებიდან; მათემატიკა 4 20%-ზე მეტი 1 40; ფიზიკა 4 25%-ზე მეტი 1 10; 123; 003 სსიპ - საქართველოს ტექნიკური უნივერსიტეტი 08.08.2025 10:07; 
0030108,003,გეოლოგია,გეოლოგიის ბაკალავრი,გამოცდა კოეფიციენტი მინ. ზღვარი პრიორიტეტი ადგილების რ-ბა; ქართული ენა და ლიტერატურა 4 25%-ზე მეტი 3; უცხოური ენა (გერ.; ინგ.; რუს.; ფრან.) 4 20%-ზე მეტი 2; ,ერთ-ერთი შემდეგი სავალდებულო საგნებიდან; მათემატიკა 4 20%-ზე მეტი 1 30; ისტორია 4 25%-ზე მეტი 1 15; გეოგრაფია 4 25%-ზე მეტი 1 15; 124; 003 სსიპ - საქართველოს ტექნიკური უნივერსიტეტი 08.08.2025 10:07; 
0030109,003,სამთო და გეოინჟინერია,სამთო და გეოინჟინერიის ბაკალავრი,გამოცდა კოეფიციენტი მინ. ზღვარი პრიორიტეტი ადგილების რ-ბა; ქართული ენა და ლიტერატურა 4 25%-ზე მეტი 3; უცხოური ენა (გერ.; ინგ.; რუს.; ფრან.) 4 20%-ზე მეტი 2; ,ერთ-ერთი შემდეგი სავალდებულო საგნებიდან; მათემატიკა 4 20%-ზე მეტი 1 30; გეოგრაფია 4 25%-ზე მეტი 1 20; ფიზიკა 4 25%-ზე მეტი 1 20; 125; 003 სსიპ - საქართველოს ტექნიკური უნივერსიტეტი 08.08.2025 10:07; 
0030110,003,საინჟინრო გეოდეზია,საინჟინრო გეოდეზიისა და გეოინფორმატიკის ბაკალავრი,გამოცდა კოეფიციენტი მინ. ზღვარი პრიორიტეტი ადგილების რ-ბა; ქართული ენა და ლიტერატურა 4 25%-ზე მეტი 3; უცხოური ენა (გერ.; ინგ.; რუს.; ფრან.) 4 20%-ზე მეტი 2; ,ერთ-ერთი შემდეგი სავალდებულო საგნებიდან; მათემატიკა 4 20%-ზე მეტი 1 20; გეოგრაფია 4 25%-ზე მეტი 1 10; ფიზიკა 4 25%-ზე მეტი 1 20; 126; 003 სსიპ - საქართველოს ტექნიკური უნივერსიტეტი 08.08.2025 10:07; 
0030111,003,საინჟინრო უსაფრთხოება და საგანგებო სიტუაციების მართვა,პროფესიული უსაფრთხოების ბაკალავრი,გამოცდა კოეფიციენტი მინ. ზღვარი პრიორიტეტი ადგილების რ-ბა; ქართული ენა და ლიტერატურა 4 25%-ზე მეტი 3; უცხოური ენა (გერ.; ინგ.; რუს.; ფრან.) 4 20%-ზე მეტი 2; ,ერთ-ერთი შემდეგი სავალდებულო საგნებიდან; მათემატიკა 4 20%-ზე მეტი 1 15; ისტორია 4 25%-ზე მეტი 1 10; ქიმია 4 25%-ზე მეტი 1 15; ბიოლოგია 4 25%-ზე მეტი 1 10; 127; 003 სსიპ - საქართველოს ტექნიკური უნივერსიტეტი 08.08.2025 10:07; 
0030112,003,ნავთობისა და გაზის ტექნოლოგიები (რუსულენოვანი),ნავთობისა და გაზის მოპოვების ტექნოლოგიის ბაკალავრი,გამოცდა კოეფიციენტი მინ. ზღვარი პრიორიტეტი ადგილების რ-ბა; ქართული ენა და ლიტერატურა 4 25%-ზე მეტი 3; უცხოური ენა (გერ.; ინგ.; რუს.; ფრან.) 4 20%-ზე მეტი 2; ,ერთ-ერთი შემდეგი სავალდებულო საგნებიდან; მათემატიკა 4 20%-ზე მეტი 1 3; ფიზიკა 4 25%-ზე მეტი 1 1; ქიმია 4 25%-ზე მეტი 1 1; 128; 003 სსიპ - საქართველოს ტექნიკური უნივერსიტეტი 08.08.2025 10:07; 
0030113,003,ქიმიური და ბიოლოგიური ინჟინერია,ქიმიური და ბიოლოგიური ინჟინერიის ბაკალავრი,გამოცდა კოეფიციენტი მინ. ზღვარი პრიორიტეტი ადგილების რ-ბა; ქართული ენა და ლიტერატურა 4 25%-ზე მეტი 3; უცხოური ენა (გერ.; ინგ.; რუს.; ფრან.) 4 20%-ზე მეტი 2; ,ერთ-ერთი შემდეგი სავალდებულო საგნებიდან; მათემატიკა 4 20%-ზე მეტი 1 8; ფიზიკა 4 25%-ზე მეტი 1 3; ქიმია 4 25%-ზე მეტი 1 9; ბიოლოგია 4 25%-ზე მეტი 1 5; 129; 003 სსიპ - საქართველოს ტექნიკური უნივერსიტეტი 08.08.2025 10:07; 
0030114,003,ქიმია,ქიმიის ბაკალავრი,გამოცდა კოეფიციენტი მინ. ზღვარი პრიორიტეტი ადგილების რ-ბა; ქართული ენა და ლიტერატურა 4 25%-ზე მეტი 3; უცხოური ენა (გერ.; ინგ.; რუს.; ფრან.) 4 20%-ზე მეტი 2; ,ერთ-ერთი შემდეგი სავალდებულო საგნებიდან; მათემატიკა 4 20%-ზე მეტი 1 3; ქიმია 4 25%-ზე მეტი 1 5; ბიოლოგია 4 25%-ზე მეტი 1 2; 130; 003 სსიპ - საქართველოს ტექნიკური უნივერსიტეტი 08.08.2025 10:07; 
0030115,003,მეტალურგია,ინჟინერიის ბაკალავრი მეტალურგიაში,გამოცდა კოეფიციენტი მინ. ზღვარი პრიორიტეტი ადგილების რ-ბა; ქართული ენა და ლიტერატურა 4 25%-ზე მეტი 3; უცხოური ენა (გერ.; ინგ.; რუს.; ფრან.) 4 20%-ზე მეტი 2; ,ერთ-ერთი შემდეგი სავალდებულო საგნებიდან; მათემატიკა 4 20%-ზე მეტი 1 5; ფიზიკა 4 25%-ზე მეტი 1 2; ქიმია 4 25%-ზე მეტი 1 3; 131; 003 სსიპ - საქართველოს ტექნიკური უნივერსიტეტი 08.08.2025 10:07; 
0030116,003,მასალათმცოდნეობა,ინჟინერიის ბაკალავრი მასალათმცოდნეობაში,გამოცდა კოეფიციენტი მინ. ზღვარი პრიორიტეტი ადგილების რ-ბა; ქართული ენა და ლიტერატურა 4 25%-ზე მეტი 3; უცხოური ენა (გერ.; ინგ.; რუს.; ფრან.) 4 20%-ზე მეტი 2; ,ერთ-ერთი შემდეგი სავალდებულო საგნებიდან; მათემატიკა 4 20%-ზე მეტი 1 9; ფიზიკა 4 25%-ზე მეტი 1 2; ქიმია 4 25%-ზე მეტი 1 4; 132; 003 სსიპ - საქართველოს ტექნიკური უნივერსიტეტი 08.08.2025 10:07; 
0030117,003,გარემოსდაცვითი ინჟინერია,გარემოს ინჟინერიის ბაკალავრი,გამოცდა კოეფიციენტი მინ. ზღვარი პრიორიტეტი ადგილების რ-ბა; ქართული ენა და ლიტერატურა 4 25%-ზე მეტი 3; უცხოური ენა (გერ.; ინგ.; რუს.; ფრან.) 4 20%-ზე მეტი 2; ,ერთ-ერთი შემდეგი სავალდებულო საგნებიდან; მათემატიკა 4 20%-ზე მეტი 1 10; გეოგრაფია 4 25%-ზე მეტი 1 25; ფიზიკა 4 25%-ზე მეტი 1 5; ქიმია 4 25%-ზე მეტი 1 10; 133; 003 სსიპ - საქართველოს ტექნიკური უნივერსიტეტი 08.08.2025 10:07; 
0030118,003,სურსათის მეცნიერება და ტექნოლოგია,მეცნიერების ბაკალავრი სასურსათო ტექნოლოგიაში,გამოცდა კოეფიციენტი მინ. ზღვარი პრიორიტეტი ადგილების რ-ბა; ქართული ენა და ლიტერატურა 4 25%-ზე მეტი 3; უცხოური ენა (გერ.; ინგ.; რუს.; ფრან.) 4 20%-ზე მეტი 2; ,ერთ-ერთი შემდეგი სავალდებულო საგნებიდან; მათემატიკა 4 20%-ზე მეტი 1 5; ისტორია 4 25%-ზე მეტი 1 30; ფიზიკა 4 25%-ზე მეტი 1 5; ქიმია 4 25%-ზე მეტი 1 5; ბიოლოგია 4 25%-ზე მეტი 1 5; 134; 003 სსიპ - საქართველოს ტექნიკური უნივერსიტეტი 08.08.2025 10:07; 
0030119,003,ფარმაცია,ფარმაციის ბაკალავრი,გამოცდა კოეფიციენტი მინ. ზღვარი პრიორიტეტი ადგილების რ-ბა; ქართული ენა და ლიტერატურა 3 25%-ზე მეტი 4; უცხოური ენა (გერ.; ინგ.; რუს.; ფრან.) 3 20%-ზე მეტი 3; ბიოლოგია 3 25%-ზე მეტი 2; ,ერთ-ერთი შემდეგი სავალდებულო საგნებიდან; მათემატიკა 3 20%-ზე მეტი 1 5; ფიზიკა 3 25%-ზე მეტი 1 5; ქიმია 3 25%-ზე მეტი 1 5; 135; 003 სსიპ - საქართველოს ტექნიკური უნივერსიტეტი 08.08.2025 10:07; 
0030120,003,ბიონანოკერამიკული და პოლიმერული კომპოზიტები და ექსპერტიზა,მეცნიერების ბაკალავრი მასალების საინჟინრო ტექნოლოგიაში,გამოცდა კოეფიციენტი მინ. ზღვარი პრიორიტეტი ადგილების რ-ბა; ქართული ენა და ლიტერატურა 4 25%-ზე მეტი 3; უცხოური ენა (გერ.; ინგ.; რუს.; ფრან.) 4 20%-ზე მეტი 2; ,ერთ-ერთი შემდეგი სავალდებულო საგნებიდან; მათემატიკა 4 20%-ზე მეტი 1 1; ისტორია 4 25%-ზე მეტი 1 7; ფიზიკა 4 25%-ზე მეტი 1 1; ქიმია 4 25%-ზე მეტი 1 1; 136; 003 სსიპ - საქართველოს ტექნიკური უნივერსიტეტი 08.08.2025 10:07; 
0030121,003,ტრანსპორტი,ტრანსპორტის ინჟინერიის ბაკალავრი,გამოცდა კოეფიციენტი მინ. ზღვარი პრიორიტეტი ადგილების რ-ბა; ქართული ენა და ლიტერატურა 4 25%-ზე მეტი 3; უცხოური ენა (გერ.; ინგ.; რუს.; ფრან.) 4 20%-ზე მეტი 2; ,ერთ-ერთი შემდეგი სავალდებულო საგნებიდან; მათემატიკა 4 20%-ზე მეტი 1 20; ფიზიკა 4 25%-ზე მეტი 1 10; 137; 003 სსიპ - საქართველოს ტექნიკური უნივერსიტეტი 08.08.2025 10:07; 
0030122,003,სამრეწველო ინჟინერია და ტექნოლოგია,სამრეწველო ინჟინერიისა და ტექნოლოგიის ბაკალავრი,გამოცდა კოეფიციენტი მინ. ზღვარი პრიორიტეტი ადგილების რ-ბა; ქართული ენა და ლიტერატურა 4 25%-ზე მეტი 3; უცხოური ენა (გერ.; ინგ.; რუს.; ფრან.) 4 20%-ზე მეტი 2; ,ერთ-ერთი შემდეგი სავალდებულო საგნებიდან; მათემატიკა 4 20%-ზე მეტი 1 12; ქიმია 4 25%-ზე მეტი 1 3; 138; 003 სსიპ - საქართველოს ტექნიკური უნივერსიტეტი 08.08.2025 10:07; 
0030123,003,მექანიკის ინჟინერია და ტექნოლოგია,მექანიკის ინჟინერიისა და ტექნოლოგიის ბაკალავრი,გამოცდა კოეფიციენტი მინ. ზღვარი პრიორიტეტი ადგილების რ-ბა; ქართული ენა და ლიტერატურა 4 25%-ზე მეტი 3; უცხოური ენა (გერ.; ინგ.; რუს.; ფრან.) 4 20%-ზე მეტი 2; ,ერთ-ერთი შემდეგი სავალდებულო საგნებიდან; მათემატიკა 4 20%-ზე მეტი 1 20; ფიზიკა 4 25%-ზე მეტი 1 10; 139; 003 სსიპ - საქართველოს ტექნიკური უნივერსიტეტი 08.08.2025 10:07; 
0030124,003,საკვები პროდუქტების გადამუშავება და სამაცივრო ტექნოლოგია,ინჟინერიის ბაკალავრი სასურსათო ტექნოლოგიაში,გამოცდა კოეფიციენტი მინ. ზღვარი პრიორიტეტი ადგილების რ-ბა; ქართული ენა და ლიტერატურა 4 25%-ზე მეტი 3; უცხოური ენა (გერ.; ინგ.; რუს.; ფრან.) 4 20%-ზე მეტი 2; ,ერთ-ერთი შემდეგი სავალდებულო საგნებიდან; მათემატიკა 4 20%-ზე მეტი 1 4; ისტორია 4 25%-ზე მეტი 1 12; ფიზიკა 4 25%-ზე მეტი 1 3; ქიმია 4 25%-ზე მეტი 1 3; ბიოლოგია 4 25%-ზე მეტი 1 3; 140; 003 სსიპ - საქართველოს ტექნიკური უნივერსიტეტი 08.08.2025 10:07; 
0030125,003,ლოგისტიკა,საინჟინრო ლოგისტიკის ბაკალავრი,გამოცდა კოეფიციენტი მინ. ზღვარი პრიორიტეტი ადგილების რ-ბა; ქართული ენა და ლიტერატურა 4 25%-ზე მეტი 3; უცხოური ენა (გერ.; ინგ.; რუს.; ფრან.) 4 20%-ზე მეტი 2; მათემატიკა 4 20%-ზე მეტი 1; 141; 003 სსიპ - საქართველოს ტექნიკური უნივერსიტეტი 08.08.2025 10:07; ,
0030126,003,სამეწარმეო ბიზნესის ორგანიზაცია და მართვა,ბიზნეს ადმინისტრირების ბაკალავრი მენეჯმენტში,გამოცდა კოეფიციენტი მინ. ზღვარი პრიორიტეტი ადგილების რ-ბა; ქართული ენა და ლიტერატურა 4 25%-ზე მეტი 3; უცხოური ენა (გერ.; ინგ.; რუს.; ფრან.) 4 20%-ზე მეტი 2; ,ერთ-ერთი შემდეგი სავალდებულო საგნებიდან; მათემატიკა 4 20%-ზე მეტი 1 15; ისტორია 4 25%-ზე მეტი 1 55; 142; 003 სსიპ - საქართველოს ტექნიკური უნივერსიტეტი 08.08.2025 10:07; 
0030127,003,საავიაციო ინჟინერია,ინჟინერიის ბაკალავრი საავიაციო ინჟინერიაში,გამოცდა კოეფიციენტი მინ. ზღვარი პრიორიტეტი ადგილების რ-ბა; ქართული ენა და ლიტერატურა 4 25%-ზე მეტი 3; უცხოური ენა (გერ.; ინგ.; რუს.; ფრან.) 4 20%-ზე მეტი 2; ,ერთ-ერთი შემდეგი სავალდებულო საგნებიდან; მათემატიკა 4 20%-ზე მეტი 1 13; ფიზიკა 4 25%-ზე მეტი 1 2; 143; 003 სსიპ - საქართველოს ტექნიკური უნივერსიტეტი 08.08.2025 10:07; 
0030128,003,მექანიკის ინჟინერია (ინგლისურენოვანი),მექანიკის ინჟინერიის ბაკალავრი,გამოცდა კოეფიციენტი მინ. ზღვარი პრიორიტეტი ადგილების რ-ბა; ქართული ენა და ლიტერატურა 4 25%-ზე მეტი 3; უცხოური ენა (ინგ.) 4 70%-ზე მეტი 2; ,ერთ-ერთი შემდეგი სავალდებულო საგნებიდან; მათემატიკა 4 20%-ზე მეტი 1 4; ფიზიკა 4 25%-ზე მეტი 1 1; 144; 003 სსიპ - საქართველოს ტექნიკური უნივერსიტეტი 08.08.2025 10:07; 
0030129,003,არქიტექტურა,არქიტექტურის ბაკალავრი,გამოცდა კოეფიციენტი მინ. ზღვარი პრიორიტეტი ადგილების რ-ბა; ქართული ენა და ლიტერატურა 4 25%-ზე მეტი 3; უცხოური ენა (ინგ.; რუს.; გერ.; ფრან.) 4 20%-ზე მეტი 2; ,ერთ-ერთი შემდეგი სავალდებულო საგნებიდან; მათემატიკა 4 20%-ზე მეტი 1 160; ფიზიკა 4 25%-ზე მეტი 1 20; 145; 003 სსიპ - საქართველოს ტექნიკური უნივერსიტეტი 08.08.2025 10:07; 
0030130,003,არქიტექტურა (რუსულენოვანი),არქიტექტურის ბაკალავრი,გამოცდა კოეფიციენტი მინ. ზღვარი პრიორიტეტი ადგილების რ-ბა; ქართული ენა და ლიტერატურა 4 25%-ზე მეტი 3; უცხოური ენა (ინგ.; რუს.; გერ.; ფრან.) 4 20%-ზე მეტი 2; ,ერთ-ერთი შემდეგი სავალდებულო საგნებიდან; მათემატიკა 4 20%-ზე მეტი 1 10; ფიზიკა 4 25%-ზე მეტი 1 5; 146; 003 სსიპ - საქართველოს ტექნიკური უნივერსიტეტი 08.08.2025 10:07; 
0030131,003,მოდის დიზაინის ტექნოლოგიები,დიზაინის ბაკალავრი,გამოცდა კოეფიციენტი მინ. ზღვარი პრიორიტეტი ადგილების რ-ბა; ქართული ენა და ლიტერატურა 4 25%-ზე მეტი 3; უცხოური ენა (ინგ.; რუს.; გერ.; ფრან.) 4 20%-ზე მეტი 2; ,ერთ-ერთი შემდეგი სავალდებულო საგნებიდან; მათემატიკა 4 20%-ზე მეტი 1 5; ისტორია 4 25%-ზე მეტი 1 20; ხელოვნება 4 25%-ზე მეტი 1 5; 147; 003 სსიპ - საქართველოს ტექნიკური უნივერსიტეტი 08.08.2025 10:07; 
0030132,003,სამართალი,სამართლის ბაკალავრი,გამოცდა კოეფიციენტი მინ. ზღვარი პრიორიტეტი ადგილების რ-ბა; ქართული ენა და ლიტერატურა 4 25%-ზე მეტი 3; უცხოური ენა (გერ.; ინგ.; რუს.; ფრან.) 4 20%-ზე მეტი 2; ,ერთ-ერთი შემდეგი სავალდებულო საგნებიდან; მათემატიკა 4 20%-ზე მეტი 1 21; ისტორია 4 25%-ზე მეტი 1 30; სამოქალაქო განათლება 4 25%-ზე მეტი 1 159; 148; 003 სსიპ - საქართველოს ტექნიკური უნივერსიტეტი 08.08.2025 10:07; 
0030133,003,საერთაშორისო ურთიერთობები,საერთაშორისო ურთიერთობების ბაკალავრი,გამოცდა კოეფიციენტი მინ. ზღვარი პრიორიტეტი ადგილების რ-ბა; ქართული ენა და ლიტერატურა 4 25%-ზე მეტი 3; უცხოური ენა (გერ.; ინგ.; რუს.; ფრან.) 4 20%-ზე მეტი 2; ,ერთ-ერთი შემდეგი სავალდებულო საგნებიდან; მათემატიკა 4 20%-ზე მეტი 1 8; ისტორია 4 25%-ზე მეტი 1 22; გეოგრაფია 4 25%-ზე მეტი 1 20; სამოქალაქო განათლება 4 25%-ზე მეტი 1 30; 149; 003 სსიპ - საქართველოს ტექნიკური უნივერსიტეტი 08.08.2025 10:07; 
0030134,003,საერთაშორისო ურთიერთობები (რუსულენოვანი),საერთაშორისო ურთიერთობების ბაკალავრი,გამოცდა კოეფიციენტი მინ. ზღვარი პრიორიტეტი ადგილების რ-ბა; ქართული ენა და ლიტერატურა 4 25%-ზე მეტი 3; უცხოური ენა (გერ.; ინგ.; რუს.; ფრან.) 4 20%-ზე მეტი 2; ,ერთ-ერთი შემდეგი სავალდებულო საგნებიდან; მათემატიკა 4 20%-ზე მეტი 1 1; ისტორია 4 25%-ზე მეტი 1 2; გეოგრაფია 4 25%-ზე მეტი 1 2; სამოქალაქო განათლება 4 25%-ზე მეტი 1 2; 150; 003 სსიპ - საქართველოს ტექნიკური უნივერსიტეტი 08.08.2025 10:07; 
0030135,003,ინფორმატიკა,ინფორმატიკის ბაკალავრი,გამოცდა კოეფიციენტი მინ. ზღვარი პრიორიტეტი ადგილების რ-ბა; ქართული ენა და ლიტერატურა 4 25%-ზე მეტი 3; უცხოური ენა (გერ.; ინგ.; რუს.; ფრან.) 4 20%-ზე მეტი 2; ,ერთ-ერთი შემდეგი სავალდებულო საგნებიდან; მათემატიკა 4 20%-ზე მეტი 1 130; ფიზიკა 4 25%-ზე მეტი 1 20; 151; 003 სსიპ - საქართველოს ტექნიკური უნივერსიტეტი 08.08.2025 10:07; 
0030136,003,ინფორმატიკა (რუსულენოვანი),ინფორმატიკის ბაკალავრი,გამოცდა კოეფიციენტი მინ. ზღვარი პრიორიტეტი ადგილების რ-ბა; ქართული ენა და ლიტერატურა 4 25%-ზე მეტი 3; უცხოური ენა (გერ.; ინგ.; რუს.; ფრან.) 4 20%-ზე მეტი 2; ,ერთ-ერთი შემდეგი სავალდებულო საგნებიდან; მათემატიკა 4 20%-ზე მეტი 1 15; ფიზიკა 4 25%-ზე მეტი 1 5; 152; 003 სსიპ - საქართველოს ტექნიკური უნივერსიტეტი 08.08.2025 10:07; 
0030137,003,კომპიუტერული ინჟინერია,კომპიუტერული ინჟინერიის ბაკალავრი,გამოცდა კოეფიციენტი მინ. ზღვარი პრიორიტეტი ადგილების რ-ბა; ქართული ენა და ლიტერატურა 4 25%-ზე მეტი 3; უცხოური ენა (გერ.; ინგ.; რუს.; ფრან.) 4 20%-ზე მეტი 2; ,ერთ-ერთი შემდეგი სავალდებულო საგნებიდან; მათემატიკა 4 20%-ზე მეტი 1 40; ფიზიკა 4 25%-ზე მეტი 1 20; 153; 003 სსიპ - საქართველოს ტექნიკური უნივერსიტეტი 08.08.2025 10:07; 
0030138,003,კომპიუტერული ინჟინერია (ინგლისურენოვანი),კომპიუტერული ინჟინერიის ბაკალავრი,გამოცდა კოეფიციენტი მინ. ზღვარი პრიორიტეტი ადგილების რ-ბა; ქართული ენა და ლიტერატურა 4 25%-ზე მეტი 3; უცხოური ენა (ინგ.) 4 50%-ზე მეტი 2; ,ერთ-ერთი შემდეგი სავალდებულო საგნებიდან; მათემატიკა 4 20%-ზე მეტი 1 20; ფიზიკა 4 25%-ზე მეტი 1 5; 154; 003 სსიპ - საქართველოს ტექნიკური უნივერსიტეტი 08.08.2025 10:07; 
0030139,003,მათემატიკა,მათემატიკის ბაკალავრი,გამოცდა კოეფიციენტი მინ. ზღვარი პრიორიტეტი ადგილების რ-ბა; ქართული ენა და ლიტერატურა 4 25%-ზე მეტი 3; უცხოური ენა (გერ.; ინგ.; რუს.; ფრან.) 4 20%-ზე მეტი 2; ,ერთ-ერთი შემდეგი სავალდებულო საგნებიდან; მათემატიკა 4 20%-ზე მეტი 1 25; ფიზიკა 4 25%-ზე მეტი 1 5; 155; 003 სსიპ - საქართველოს ტექნიკური უნივერსიტეტი 08.08.2025 10:07; 
0030140,003,საინჟინრო ფიზიკა,საინჟინრო ფიზიკის ბაკალავრი,გამოცდა კოეფიციენტი მინ. ზღვარი პრიორიტეტი ადგილების რ-ბა; ქართული ენა და ლიტერატურა 4 25%-ზე მეტი 3; უცხოური ენა (გერ.; ინგ.; რუს.; ფრან.) 4 20%-ზე მეტი 2; ,ერთ-ერთი შემდეგი სავალდებულო საგნებიდან; მათემატიკა 4 20%-ზე მეტი 1 5; ფიზიკა 4 25%-ზე მეტი 1 10; 156; 003 სსიპ - საქართველოს ტექნიკური უნივერსიტეტი 08.08.2025 10:07; 
0030141,003,ბიოსამედიცინო ინჟინერია,მეცნიერების ბაკალავრი ბიოსამედიცინო ინჟინერიაში,გამოცდა კოეფიციენტი მინ. ზღვარი პრიორიტეტი ადგილების რ-ბა; ქართული ენა და ლიტერატურა 4 25%-ზე მეტი 3; უცხოური ენა (გერ.; ინგ.; რუს.; ფრან.) 4 20%-ზე მეტი 2; ,ერთ-ერთი შემდეგი სავალდებულო საგნებიდან; მათემატიკა 4 20%-ზე მეტი 1 20; ფიზიკა 4 25%-ზე მეტი 1 10; ბიოლოგია 4 25%-ზე მეტი 1 20; 157; 003 სსიპ - საქართველოს ტექნიკური უნივერსიტეტი 08.08.2025 10:07; 
0030142,003,ბიოსამედიცინო ინჟინერია (ინგლისურენოვანი),მეცნიერების ბაკალავრი ბიოსამედიცინო ინჟინერიაში,გამოცდა კოეფიციენტი მინ. ზღვარი პრიორიტეტი ადგილების რ-ბა; ქართული ენა და ლიტერატურა 4 25%-ზე მეტი 3; უცხოური ენა (ინგ.) 4 50%-ზე მეტი 2; ,ერთ-ერთი შემდეგი სავალდებულო საგნებიდან; მათემატიკა 4 20%-ზე მეტი 1 10; ფიზიკა 4 25%-ზე მეტი 1 5; ბიოლოგია 4 25%-ზე მეტი 1 5; 158; 003 სსიპ - საქართველოს ტექნიკური უნივერსიტეტი 08.08.2025 10:07; 
0030143,003,"მართვის სისტემები, ავტომატიზაცია და ტესტ-ინჟინერინგი","ხელსაწყოთმშენებლობის, ავტომატიზაციის და მართვის სისტემების ინჟინერიის ბაკალავრი",გამოცდა კოეფიციენტი მინ. ზღვარი პრიორიტეტი ადგილების რ-ბა; ქართული ენა და ლიტერატურა 4 25%-ზე მეტი 3; უცხოური ენა (გერ.; ინგ.; რუს.; ფრან.) 4 20%-ზე მეტი 2; ,ერთ-ერთი შემდეგი სავალდებულო საგნებიდან; მათემატიკა 4 20%-ზე მეტი 1 20; ფიზიკა 4 25%-ზე მეტი 1 10; 159; 003 სსიპ - საქართველოს ტექნიკური უნივერსიტეტი 08.08.2025 10:07; 
0030144,003,ციფრული სატელეკომუნიკაციო ტექნოლოგიები,ინჟინერიის ბაკალავრი ტელეკომუნიკაციაში,გამოცდა კოეფიციენტი მინ. ზღვარი პრიორიტეტი ადგილების რ-ბა; ქართული ენა და ლიტერატურა 4 25%-ზე მეტი 3; უცხოური ენა (გერ.; ინგ.; რუს.; ფრან.) 4 20%-ზე მეტი 2; ,ერთ-ერთი შემდეგი სავალდებულო საგნებიდან; მათემატიკა 4 20%-ზე მეტი 1 15; ფიზიკა 4 25%-ზე მეტი 1 10; 160; 003 სსიპ - საქართველოს ტექნიკური უნივერსიტეტი 08.08.2025 10:07; 
0030145,003,კომპიუტერული მეცნიერება (ინგლისურენოვანი),კომპიუტერული მეცნიერების ბაკალავრი,გამოცდა კოეფიციენტი მინ. ზღვარი პრიორიტეტი ადგილების რ-ბა; ქართული ენა და ლიტერატურა 4 25%-ზე მეტი 3; უცხოური ენა (ინგ.) 4 50%-ზე მეტი 2; ,ერთ-ერთი შემდეგი სავალდებულო საგნებიდან; მათემატიკა 4 20%-ზე მეტი 1 30; ფიზიკა 4 25%-ზე მეტი 1 10; 161; 003 სსიპ - საქართველოს ტექნიკური უნივერსიტეტი 08.08.2025 10:07; 
0030146,003,კომპიუტერული მეცნიერება,კომპიუტერული მეცნიერების ბაკალავრი,გამოცდა კოეფიციენტი მინ. ზღვარი პრიორიტეტი ადგილების რ-ბა; ქართული ენა და ლიტერატურა 4 25%-ზე მეტი 3; უცხოური ენა (ინგ.) 4 20%-ზე მეტი 2; ,ერთ-ერთი შემდეგი სავალდებულო საგნებიდან; მათემატიკა 4 20%-ზე მეტი 1 80; ფიზიკა 4 25%-ზე მეტი 1 20; 162; 003 სსიპ - საქართველოს ტექნიკური უნივერსიტეტი 08.08.2025 10:07; 
0030147,003,კომპიუტერული ინფორმაციული ტექნოლოგიები,ინფორმაციული ტექნოლოგიების ბაკალავრი,გამოცდა კოეფიციენტი მინ. ზღვარი პრიორიტეტი ადგილების რ-ბა; ქართული ენა და ლიტერატურა 4 25%-ზე მეტი 3; უცხოური ენა (ინგ.) 4 20%-ზე მეტი 2; ,ერთ-ერთი შემდეგი სავალდებულო საგნებიდან; მათემატიკა 4 20%-ზე მეტი 1 40; ფიზიკა 4 25%-ზე მეტი 1 10; 163; 003 სსიპ - საქართველოს ტექნიკური უნივერსიტეტი 08.08.2025 10:07; 
0030148,003,დიზაინი (ინგლისურენოვანი),ხელოვნების ბაკალავრი დიზაინში,გამოცდა კოეფიციენტი მინ. ზღვარი პრიორიტეტი ადგილების რ-ბა; ქართული ენა და ლიტერატურა 4 30%-ზე მეტი 3; უცხოური ენა (ინგ.) 4 60%-ზე მეტი 2; ,ერთ-ერთი შემდეგი სავალდებულო საგნებიდან; მათემატიკა 4 20%-ზე მეტი 1 20; ისტორია 4 25%-ზე მეტი 1 15; ხელოვნება 4 25%-ზე მეტი 1 5; 164; 003 სსიპ - საქართველოს ტექნიკური უნივერსიტეტი 08.08.2025 10:07; 
0030149,003,არქიტექტურა (ინგლისურენოვანი),არქიტექტურის ბაკალავრი,გამოცდა კოეფიციენტი მინ. ზღვარი პრიორიტეტი ადგილების რ-ბა; ქართული ენა და ლიტერატურა 4 30%-ზე მეტი 3; უცხოური ენა (ინგ.) 4 60%-ზე მეტი 2; ,ერთ-ერთი შემდეგი სავალდებულო საგნებიდან; მათემატიკა 4 20%-ზე მეტი 1 15; ფიზიკა 4 25%-ზე მეტი 1 5; 165; 003 სსიპ - საქართველოს ტექნიკური უნივერსიტეტი 08.08.2025 10:07; 
0030150,003,აგრარული ტექნოლოგიები,აგრონომიის ბაკალავრი,გამოცდა კოეფიციენტი მინ. ზღვარი პრიორიტეტი ადგილების რ-ბა; ქართული ენა და ლიტერატურა 4 25%-ზე მეტი 3; უცხოური ენა (გერ.; ინგ.; რუს.; ფრან.) 4 20%-ზე მეტი 2; ,ერთ-ერთი შემდეგი სავალდებულო საგნებიდან; მათემატიკა 4 20%-ზე მეტი 1 10; ისტორია 4 25%-ზე მეტი 1 10; ქიმია 4 25%-ზე მეტი 1 20; ბიოლოგია 4 25%-ზე მეტი 1 20; 166; 003 სსიპ - საქართველოს ტექნიკური უნივერსიტეტი 08.08.2025 10:07; 
0030151,003,მევენახეობა და ენოლოგია,აგრარულ მეცნიერებათა ბაკალავრი,გამოცდა კოეფიციენტი მინ. ზღვარი პრიორიტეტი ადგილების რ-ბა; ქართული ენა და ლიტერატურა 4 25%-ზე მეტი 3; უცხოური ენა (გერ.; ინგ.; რუს.; ფრან.) 4 20%-ზე მეტი 2; ,ერთ-ერთი შემდეგი სავალდებულო საგნებიდან; მათემატიკა 4 20%-ზე მეტი 1 40; ისტორია 4 25%-ზე მეტი 1 20; ქიმია 4 25%-ზე მეტი 1 30; ბიოლოგია 4 25%-ზე მეტი 1 30; 167; 003 სსიპ - საქართველოს ტექნიკური უნივერსიტეტი 08.08.2025 10:07; 
0030152,003,აგრონომია,აგრონომიის ბაკალავრი,გამოცდა კოეფიციენტი მინ. ზღვარი პრიორიტეტი ადგილების რ-ბა; ქართული ენა და ლიტერატურა 4 25%-ზე მეტი 3; უცხოური ენა (გერ.; ინგ.; რუს.; ფრან.) 4 20%-ზე მეტი 2; ,ერთ-ერთი შემდეგი სავალდებულო საგნებიდან; მათემატიკა 4 20%-ზე მეტი 1 10; ისტორია 4 25%-ზე მეტი 1 10; ქიმია 4 25%-ზე მეტი 1 20; ბიოლოგია 4 25%-ზე მეტი 1 20; 168; 003 სსიპ - საქართველოს ტექნიკური უნივერსიტეტი 08.08.2025 10:07; 
0030153,003,სასურსათო ტექნოლოგია,სასურსათო ტექნოლოგიის ბაკალავრი,გამოცდა კოეფიციენტი მინ. ზღვარი პრიორიტეტი ადგილების რ-ბა; ქართული ენა და ლიტერატურა 4 25%-ზე მეტი 3; უცხოური ენა (გერ.; ინგ.; რუს.; ფრან.) 4 20%-ზე მეტი 2; ,ერთ-ერთი შემდეგი სავალდებულო საგნებიდან; მათემატიკა 4 20%-ზე მეტი 1 18; ისტორია 4 25%-ზე მეტი 1 30; ფიზიკა 4 25%-ზე მეტი 1 12; ქიმია 4 25%-ზე მეტი 1 30; ბიოლოგია 4 25%-ზე მეტი 1 30; 169; 003 სსიპ - საქართველოს ტექნიკური უნივერსიტეტი 08.08.2025 10:07; 
0030154,003,მეცხოველეობა,მეცხოველეობის ბაკალავრი,გამოცდა კოეფიციენტი მინ. ზღვარი პრიორიტეტი ადგილების რ-ბა; ქართული ენა და ლიტერატურა 4 25%-ზე მეტი 3; უცხოური ენა (გერ.; ინგ.; რუს.; ფრან.) 4 20%-ზე მეტი 2; ,ერთ-ერთი შემდეგი სავალდებულო საგნებიდან; მათემატიკა 4 20%-ზე მეტი 1 5; ისტორია 4 25%-ზე მეტი 1 5; ქიმია 4 25%-ზე მეტი 1 5; ბიოლოგია 4 25%-ზე მეტი 1 5; 170; 003 სსიპ - საქართველოს ტექნიკური უნივერსიტეტი 08.08.2025 10:07; 
0030155,003,ნიადაგის და წყლის რესურსების ინჟინერია,ინჟინერიის ბაკალავრი აგროინჟინერიაში,გამოცდა კოეფიციენტი მინ. ზღვარი პრიორიტეტი ადგილების რ-ბა; ქართული ენა და ლიტერატურა 4 25%-ზე მეტი 3; უცხოური ენა (გერ.; ინგ.; რუს.; ფრან.) 4 20%-ზე მეტი 2; ,ერთ-ერთი შემდეგი სავალდებულო საგნებიდან; მათემატიკა 4 20%-ზე მეტი 1 5; ქიმია 4 25%-ზე მეტი 1 2; ბიოლოგია 4 25%-ზე მეტი 1 3; 171; 003 სსიპ - საქართველოს ტექნიკური უნივერსიტეტი 08.08.2025 10:07; 
0030156,003,აგროინჟინერია,ინჟინერიის ბაკალავრი აგროინჟინერიაში,გამოცდა კოეფიციენტი მინ. ზღვარი პრიორიტეტი ადგილების რ-ბა; ქართული ენა და ლიტერატურა 4 25%-ზე მეტი 3; უცხოური ენა (გერ.; ინგ.; რუს.; ფრან.) 4 20%-ზე მეტი 2; ,ერთ-ერთი შემდეგი სავალდებულო საგნებიდან; მათემატიკა 4 20%-ზე მეტი 1 5; ქიმია 4 25%-ზე მეტი 1 2; ბიოლოგია 4 25%-ზე მეტი 1 3; 172; 003 სსიპ - საქართველოს ტექნიკური უნივერსიტეტი 08.08.2025 10:07; 
0030157,003,სატყეო საქმე,სატყეო საქმის ბაკალავრი,გამოცდა კოეფიციენტი მინ. ზღვარი პრიორიტეტი ადგილების რ-ბა; ქართული ენა და ლიტერატურა 4 25%-ზე მეტი 3; უცხოური ენა (გერ.; ინგ.; რუს.; ფრან.) 4 20%-ზე მეტი 2; ,ერთ-ერთი შემდეგი სავალდებულო საგნებიდან; მათემატიკა 4 20%-ზე მეტი 1 20; ისტორია 4 25%-ზე მეტი 1 10; ქიმია 4 25%-ზე მეტი 1 10; ბიოლოგია 4 25%-ზე მეტი 1 20; 173; 003 სსიპ - საქართველოს ტექნიკური უნივერსიტეტი 08.08.2025 10:07; 
0030158,003,ვეტერინარია,ვეტერინარიის მაგისტრი,გამოცდა კოეფიციენტი მინ. ზღვარი პრიორიტეტი ადგილების რ-ბა; ქართული ენა და ლიტერატურა 4 25%-ზე მეტი 3; უცხოური ენა (ინგ.) 4 35%-ზე მეტი 2; ,ერთ-ერთი შემდეგი სავალდებულო საგნებიდან; მათემატიკა 4 35%-ზე მეტი 1 5; ისტორია 4 25%-ზე მეტი 1 5; ქიმია 4 35%-ზე მეტი 1 10; ბიოლოგია 4 35%-ზე მეტი 1 10; 174; 003 სსიპ - საქართველოს ტექნიკური უნივერსიტეტი 08.08.2025 10:07; 
0030159,003,ბიზნესის ადმინისტრირება,ბიზნესის ადმინისტრირების ბაკალავრი,გამოცდა კოეფიციენტი მინ. ზღვარი პრიორიტეტი ადგილების რ-ბა; ქართული ენა და ლიტერატურა 4 25%-ზე მეტი 3; უცხოური ენა (გერ.; ინგ.; რუს.; ფრან.) 4 20%-ზე მეტი 2; ,ერთ-ერთი შემდეგი სავალდებულო საგნებიდან; მათემატიკა 4 20%-ზე მეტი 1 35; ისტორია 4 25%-ზე მეტი 1 65; 175; 003 სსიპ - საქართველოს ტექნიკური უნივერსიტეტი 08.08.2025 10:07; 
0030160,003,ბიზნესის ადმინისტრირება (რუსულენოვანი),ბიზნესის ადმინისტრირების ბაკალავრი,გამოცდა კოეფიციენტი მინ. ზღვარი პრიორიტეტი ადგილების რ-ბა; ქართული ენა და ლიტერატურა 4 25%-ზე მეტი 3; უცხოური ენა (ინგ.) 4 20%-ზე მეტი 2; ,ერთ-ერთი შემდეგი სავალდებულო საგნებიდან; მათემატიკა 4 20%-ზე მეტი 1 2; ისტორია 4 25%-ზე მეტი 1 5; 176; 003 სსიპ - საქართველოს ტექნიკური უნივერსიტეტი 08.08.2025 10:07; 
0030161,003,ბიზნესის ადმინისტრირება (ინგლისურენოვანი) (180 კრედიტი),ბიზნესის ადმინისტრირების ბაკალავრი,გამოცდა კოეფიციენტი მინ. ზღვარი პრიორიტეტი ადგილების რ-ბა; ქართული ენა და ლიტერატურა 4 25%-ზე მეტი 3; უცხოური ენა (ინგ.) 4 70%-ზე მეტი 2; ,ერთ-ერთი შემდეგი სავალდებულო საგნებიდან; მათემატიკა 4 20%-ზე მეტი 1 3; ისტორია 4 25%-ზე მეტი 1 7; 177; 003 სსიპ - საქართველოს ტექნიკური უნივერსიტეტი 08.08.2025 10:07; 
0030162,003,ბიზნესის ადმინისტრირება (180 კრედიტი),ბიზნესის ადმინისტრირების ბაკალავრი,გამოცდა კოეფიციენტი მინ. ზღვარი პრიორიტეტი ადგილების რ-ბა; ქართული ენა და ლიტერატურა 4 25%-ზე მეტი 3; უცხოური ენა (ინგ.) 4 20%-ზე მეტი 2; ,ერთ-ერთი შემდეგი სავალდებულო საგნებიდან; მათემატიკა 4 20%-ზე მეტი 1 25; ისტორია 4 25%-ზე მეტი 1 55; 178; 003 სსიპ - საქართველოს ტექნიკური უნივერსიტეტი 08.08.2025 10:07; 
0030163,003,საბანკო და საფინანსო ტექნოლოგია (180 კრედიტი),ბიზნესის ადმინისტრირების ბაკალავრი ფინანსებში,გამოცდა კოეფიციენტი მინ. ზღვარი პრიორიტეტი ადგილების რ-ბა; ქართული ენა და ლიტერატურა 4 25%-ზე მეტი 3; უცხოური ენა (ინგ.) 4 20%-ზე მეტი 2; მათემატიკა 4 20%-ზე მეტი 1; 179; 003 სსიპ - საქართველოს ტექნიკური უნივერსიტეტი 08.08.2025 10:07; ,
0030164,003,საჯარო მმართველობა,საჯარო მმართველობის ბაკალავრი,გამოცდა კოეფიციენტი მინ. ზღვარი პრიორიტეტი ადგილების რ-ბა; ქართული ენა და ლიტერატურა 4 25%-ზე მეტი 3; უცხოური ენა (ინგ.) 4 20%-ზე მეტი 2; ,ერთ-ერთი შემდეგი სავალდებულო საგნებიდან; მათემატიკა 4 20%-ზე მეტი 1 6; ისტორია 4 25%-ზე მეტი 1 25; გეოგრაფია 4 25%-ზე მეტი 1 10; სამოქალაქო განათლება 4 25%-ზე მეტი 1 12; 180; 003 სსიპ - საქართველოს ტექნიკური უნივერსიტეტი 08.08.2025 10:07; 
0030165,003,სასტუმრო მომსახურება,ტურიზმის ბაკალავრი,გამოცდა კოეფიციენტი მინ. ზღვარი პრიორიტეტი ადგილების რ-ბა; ქართული ენა და ლიტერატურა 4 25%-ზე მეტი 3; უცხოური ენა (ინგ.) 4 20%-ზე მეტი 2; ,ერთ-ერთი შემდეგი სავალდებულო საგნებიდან; მათემატიკა 4 20%-ზე მეტი 1 5; ისტორია 4 25%-ზე მეტი 1 15; გეოგრაფია 4 25%-ზე მეტი 1 10; 181; 003 სსიპ - საქართველოს ტექნიკური უნივერსიტეტი 08.08.2025 10:07; 
0030166,003,საზოგადოებასთან ურთიერთობა,საზოგადოებასთან ურთიერთობის ბაკალავრი,გამოცდა კოეფიციენტი მინ. ზღვარი პრიორიტეტი ადგილების რ-ბა; ქართული ენა და ლიტერატურა 4 25%-ზე მეტი 3; უცხოური ენა (გერ.; ინგ.; რუს.; ფრან.) 4 20%-ზე მეტი 2; ,ერთ-ერთი შემდეგი სავალდებულო საგნებიდან; მათემატიკა 4 20%-ზე მეტი 1 4; ისტორია 4 25%-ზე მეტი 1 36; 182; 003 სსიპ - საქართველოს ტექნიკური უნივერსიტეტი 08.08.2025 10:07; 
0030167,003,ევროპისმცოდნეობა,ევროპისმცოდნეობის ბაკალავრი,გამოცდა კოეფიციენტი მინ. ზღვარი პრიორიტეტი ადგილების რ-ბა; ქართული ენა და ლიტერატურა 4 25%-ზე მეტი 3; უცხოური ენა (გერ.; ინგ.; რუს.; ფრან.) 4 20%-ზე მეტი 2; ,ერთ-ერთი შემდეგი სავალდებულო საგნებიდან; მათემატიკა 4 20%-ზე მეტი 1 1; ისტორია 4 25%-ზე მეტი 1 9; 183; 003 სსიპ - საქართველოს ტექნიკური უნივერსიტეტი 08.08.2025 10:07; 
0030168,003,ეკონომიკა,ეკონომიკის ბაკალავრი,გამოცდა კოეფიციენტი მინ. ზღვარი პრიორიტეტი ადგილების რ-ბა; ქართული ენა და ლიტერატურა 4 25%-ზე მეტი 3; უცხოური ენა (გერ.; ინგ.; რუს.; ფრან.) 4 20%-ზე მეტი 2; მათემატიკა 4 20%-ზე მეტი 1; 184; 003 სსიპ - საქართველოს ტექნიკური უნივერსიტეტი 08.08.2025 10:07; ,
0030169,003,არქეოლოგია,არქეოლოგიის ბაკალავრი,გამოცდა კოეფიციენტი მინ. ზღვარი პრიორიტეტი ადგილების რ-ბა; ქართული ენა და ლიტერატურა 4 25%-ზე მეტი 3; უცხოური ენა (გერ.; ინგ.; რუს.; ფრან.) 4 20%-ზე მეტი 2; ,ერთ-ერთი შემდეგი სავალდებულო საგნებიდან; მათემატიკა 4 20%-ზე მეტი 1 3; ისტორია 4 25%-ზე მეტი 1 19; ლიტერატურა 4 25%-ზე მეტი 1 3; 185; 003 სსიპ - საქართველოს ტექნიკური უნივერსიტეტი 08.08.2025 10:07; 
0030170,003,ჟურნალისტიკა,ჟურნალისტიკის ბაკალავრი,გამოცდა კოეფიციენტი მინ. ზღვარი პრიორიტეტი ადგილების რ-ბა; ქართული ენა და ლიტერატურა 4 25%-ზე მეტი 3; უცხოური ენა (გერ.; ინგ.; რუს.; ფრან.) 4 20%-ზე მეტი 2; ,ერთ-ერთი შემდეგი სავალდებულო საგნებიდან; მათემატიკა 4 20%-ზე მეტი 1 4; ისტორია 4 25%-ზე მეტი 1 17; გეოგრაფია 4 25%-ზე მეტი 1 4; ლიტერატურა 4 25%-ზე მეტი 1 10; სამოქალაქო განათლება 4 25%-ზე მეტი 1 5; 186; 003 სსიპ - საქართველოს ტექნიკური უნივერსიტეტი 08.08.2025 10:07; 
0030171,003,მთის სოფლის გარემოს მდგრადი განვითარება,გარემოსმცოდნეობის ბაკალავრი,გამოცდა კოეფიციენტი მინ. ზღვარი პრიორიტეტი ადგილების რ-ბა; ქართული ენა და ლიტერატურა 4 25%-ზე მეტი 3; უცხოური ენა (ინგ.; რუს.; გერ.; ფრა.) 4 20%-ზე მეტი 2; ,ერთ-ერთი შემდეგი სავალდებულო საგნებიდან; მათემატიკა 4 20%-ზე მეტი 1 4; ისტორია 4 25%-ზე მეტი 1 10; გეოგრაფია 4 25%-ზე მეტი 1 11; ბიოლოგია 4 25%-ზე მეტი 1 10; 187; 003 სსიპ - საქართველოს ტექნიკური უნივერსიტეტი 08.08.2025 10:07; 
0030172,003,მთის მდგრადი ტურიზმი და მასპინძლობის მენეჯმენტი,ტურიზმის ბაკალავრი,გამოცდა კოეფიციენტი მინ. ზღვარი პრიორიტეტი ადგილების რ-ბა; ქართული ენა და ლიტერატურა 4 25%-ზე მეტი 3; უცხოური ენა (გერ.; ინგ.; რუს.; ფრან.) 4 20%-ზე მეტი 2; ,ერთ-ერთი შემდეგი სავალდებულო საგნებიდან; მათემატიკა 4 20%-ზე მეტი 1 7; ისტორია 4 25%-ზე მეტი 1 31; გეოგრაფია 4 25%-ზე მეტი 1 32; 188; 003 სსიპ - საქართველოს ტექნიკური უნივერსიტეტი 08.08.2025 10:07; 
0030173,003,მთიანი რეგიონების ორგანული ფერმერული სისტემების მართვა,მენეჯმენტის ბაკალავრი,გამოცდა კოეფიციენტი მინ. ზღვარი პრიორიტეტი ადგილების რ-ბა; ქართული ენა და ლიტერატურა 4 25%-ზე მეტი 3; უცხოური ენა (გერ.; ინგ.; რუს.; ფრან.) 4 20%-ზე მეტი 2; ,ერთ-ერთი შემდეგი სავალდებულო საგნებიდან; მათემატიკა 4 20%-ზე მეტი 1 3; ისტორია 4 25%-ზე მეტი 1 22; 189; 003 სსიპ - საქართველოს ტექნიკური უნივერსიტეტი 08.08.2025 10:07; 
0030174,003,"ბუნებრივი საფრთხეები, მდგრადი გარემო და დაცვა",ინჟინერიის ბაკალავრი გარემოს ინჟინერიაში,გამოცდა კოეფიციენტი მინ. ზღვარი პრიორიტეტი ადგილების რ-ბა; ქართული ენა და ლიტერატურა 4 25%-ზე მეტი 3; უცხოური ენა (გერ.; ინგ.; რუს.; ფრან.) 4 20%-ზე მეტი 2; ,ერთ-ერთი შემდეგი სავალდებულო საგნებიდან; მათემატიკა 4 20%-ზე მეტი 1 3; გეოგრაფია 4 25%-ზე მეტი 1 13; ფიზიკა 4 25%-ზე მეტი 1 2; ქიმია 4 25%-ზე მეტი 1 2; 190; 003 სსიპ - საქართველოს ტექნიკური უნივერსიტეტი 08.08.2025 10:07; 
0030175,003,ქართულ ენაში მომზადება აზერბაიჯანულენოვანთათვის,,გამოცდა კოეფიციენტი მინ. ზღვარი პრიორიტეტი ადგილების რ-ბა; ზოგადი უნარები (აზერ) 12 30%-ზე მეტი 1; 191; 003 სსიპ - საქართველოს ტექნიკური უნივერსიტეტი 08.08.2025 10:07; ,
0030176,003,ქართულ ენაში მომზადება სომხურენოვანთათვის,,გამოცდა კოეფიციენტი მინ. ზღვარი პრიორიტეტი ადგილების რ-ბა; ზოგადი უნარები (სომხ) 12 30%-ზე მეტი 1; 192; 003 სსიპ - საქართველოს ტექნიკური უნივერსიტეტი 08.08.2025 10:07; ,
0030177,003,ქართულ ენაში მომზადება აფხაზურენოვანთათვის,,გამოცდა კოეფიციენტი მინ. ზღვარი პრიორიტეტი ადგილების რ-ბა; აფხაზური ენა 12 25%-ზე მეტი 1; 193; 003 სსიპ - საქართველოს ტექნიკური უნივერსიტეტი 08.08.2025 10:07; ,
0030178,003,ქართულ ენაში მომზადება ოსურენოვანთათვის,,"გამოცდა კოეფიციენტი მინ. ზღვარი პრიორიტეტი ადგილების რ-ბა; ოსური ენა 12 25%-ზე მეტი 1; 194; 003 სსიპ - საქართველოს ტექნიკური უნივერსიტეტი 08.08.2025 10:07; 004 სსიპ - საქართველოს შოთა რუსთაველის თეატრისა და კინოს სახელმწიფო უნივერსიტეტი; მისამართი: თბილისი, 0118, რუსთაველის გამზირი 19; ტელეფონი: +995322999411; ვებგვერდი: www.tafu.edu.ge; ელ.ფოსტა: info@tafu.edu.ge; 195; 004 სსიპ - საქართველოს შოთა რუსთაველის თეატრისა და კინოს სახელმწიფო უნივერსიტეტი 08.08.2025 10:07; ",
0040101,004,მსახიობი (დრამისა და კინოს მსახიობი),სამსახიობო ხელოვნების ბაკალავრი,გამოცდა კოეფიციენტი მინ. ზღვარი პრიორიტეტი ადგილების რ-ბა; ქართული ენა და ლიტერატურა 1 37%-ზე მეტი 2; უცხოური ენა (ინგ.; რუს.; გერ.; ფრან.) 1 37%-ზე მეტი 3; შემოქმედებითი ტური 10 1; 196; 004 სსიპ - საქართველოს შოთა რუსთაველის თეატრისა და კინოს სახელმწიფო უნივერსიტეტი 08.08.2025 10:07; ,
0040102,004,ქართული ხალხური და საეკლესიო გუნდის დირიჟორი (ლოტბარი/რეგენტი),სამუსიკო ხელოვნების ბაკალავრი ქართული ხალხური და საეკლესიო გუნდის დირიჟორობაში,გამოცდა კოეფიციენტი მინ. ზღვარი პრიორიტეტი ადგილების რ-ბა; ქართული ენა და ლიტერატურა 1 27%-ზე მეტი 2; უცხოური ენა (ინგ.; რუს.; გერ.; ფრან.) 1 27%-ზე მეტი 3; შემოქმედებითი ტური 10 1; 197; 004 სსიპ - საქართველოს შოთა რუსთაველის თეატრისა და კინოს სახელმწიფო უნივერსიტეტი 08.08.2025 10:07; ,
0040103,004,ტელერეჟისურა,აუდიოვიზუალური რეჟისურის ბაკალავრი,გამოცდა კოეფიციენტი მინ. ზღვარი პრიორიტეტი ადგილების რ-ბა; ქართული ენა და ლიტერატურა 1 37%-ზე მეტი 2; უცხოური ენა (ინგ.; რუს.; გერ.; ფრან.) 1 37%-ზე მეტი 3; შემოქმედებითი ტური 10 1; 198; 004 სსიპ - საქართველოს შოთა რუსთაველის თეატრისა და კინოს სახელმწიფო უნივერსიტეტი 08.08.2025 10:07; ,
0040104,004,ხმის რეჟისურა,აუდიოვიზუალური რეჟისურის ბაკალავრი,გამოცდა კოეფიციენტი მინ. ზღვარი პრიორიტეტი ადგილების რ-ბა; ქართული ენა და ლიტერატურა 1 37%-ზე მეტი 2; უცხოური ენა (ინგ.; რუს.; გერ.; ფრან.) 1 37%-ზე მეტი 3; შემოქმედებითი ტური 10 1; 199; 004 სსიპ - საქართველოს შოთა რუსთაველის თეატრისა და კინოს სახელმწიფო უნივერსიტეტი 08.08.2025 10:07; ,
0040105,004,კინო-ტელე ოპერატორი,საოპერატორო ხელოვნების ბაკალავრი,გამოცდა კოეფიციენტი მინ. ზღვარი პრიორიტეტი ადგილების რ-ბა; ქართული ენა და ლიტერატურა 1 37%-ზე მეტი 2; უცხოური ენა (ინგ.; რუს.; გერ.; ფრან.) 1 37%-ზე მეტი 3; შემოქმედებითი ტური 10 1; 200; 004 სსიპ - საქართველოს შოთა რუსთაველის თეატრისა და კინოს სახელმწიფო უნივერსიტეტი 08.08.2025 10:07; ,
0040106,004,თეატროლოგია,ჰუმანიტარული მეცნიერებების ბაკალავრი თეატროლოგიაში,გამოცდა კოეფიციენტი მინ. ზღვარი პრიორიტეტი ადგილების რ-ბა; ქართული ენა და ლიტერატურა 5 25%-ზე მეტი 1; უცხოური ენა (გერ.; ინგ.; რუს.; ფრან.) 4 33%-ზე მეტი 2; ,ერთ-ერთი შემდეგი სავალდებულო საგნებიდან; ისტორია 3 25%-ზე მეტი 3 6; ლიტერატურა 3 25%-ზე მეტი 3 4; ხელოვნება 3 25%-ზე მეტი 3 5; 201; 004 სსიპ - საქართველოს შოთა რუსთაველის თეატრისა და კინოს სახელმწიფო უნივერსიტეტი 08.08.2025 10:07; 
0040107,004,კინომცოდნეობა,ჰუმანიტარული მეცნიერებების ბაკალავრი კინომცოდნეობაში,გამოცდა კოეფიციენტი მინ. ზღვარი პრიორიტეტი ადგილების რ-ბა; ქართული ენა და ლიტერატურა 5 25%-ზე მეტი 1; უცხოური ენა (გერ.; ინგ.; რუს.; ფრან.) 4 33%-ზე მეტი 2; ,ერთ-ერთი შემდეგი სავალდებულო საგნებიდან; ისტორია 3 25%-ზე მეტი 3 6; ლიტერატურა 3 25%-ზე მეტი 3 4; ხელოვნება 3 25%-ზე მეტი 3 5; 202; 004 სსიპ - საქართველოს შოთა რუსთაველის თეატრისა და კინოს სახელმწიფო უნივერსიტეტი 08.08.2025 10:07; 
0040108,004,ხელოვნებათმცოდნეობა (ხელოვნების ისტორია და თეორია),ჰუმანიტარულ მეცნიერებათა ბაკალავრი ხელოვნების ისტორიასა და თეორიაში,გამოცდა კოეფიციენტი მინ. ზღვარი პრიორიტეტი ადგილების რ-ბა; ქართული ენა და ლიტერატურა 5 25%-ზე მეტი 1; უცხოური ენა (გერ.; ინგ.; რუს.; ფრან.) 4 33%-ზე მეტი 2; ,ერთ-ერთი შემდეგი სავალდებულო საგნებიდან; ისტორია 3 25%-ზე მეტი 3 6; ლიტერატურა 3 25%-ზე მეტი 3 4; ხელოვნება 3 25%-ზე მეტი 3 5; 203; 004 სსიპ - საქართველოს შოთა რუსთაველის თეატრისა და კინოს სახელმწიფო უნივერსიტეტი 08.08.2025 10:07; 
0040109,004,მასობრივი კომუნიკაცია (მულტიმედიური და კულტურის ჟურნალისტიკა),მასობრივი კომუნიკაციის ბაკალავრი,გამოცდა კოეფიციენტი მინ. ზღვარი პრიორიტეტი ადგილების რ-ბა; ქართული ენა და ლიტერატურა 5 25%-ზე მეტი 1; უცხოური ენა (გერ.; ინგ.; რუს.; ფრან.) 4 33%-ზე მეტი 2; ,ერთ-ერთი შემდეგი სავალდებულო საგნებიდან; მათემატიკა 3 20%-ზე მეტი 3 2; ისტორია 3 25%-ზე მეტი 3 9; ლიტერატურა 3 25%-ზე მეტი 3 2; სამოქალაქო განათლება 3 25%-ზე მეტი 3 2; 204; 004 სსიპ - საქართველოს შოთა რუსთაველის თეატრისა და კინოს სახელმწიფო უნივერსიტეტი 08.08.2025 10:07; 
0040110,004,კულტურული ტურიზმი,ტურიზმის ბაკალავრი,გამოცდა კოეფიციენტი მინ. ზღვარი პრიორიტეტი ადგილების რ-ბა; ქართული ენა და ლიტერატურა 5 25%-ზე მეტი 1; უცხოური ენა (გერ.; ინგ.; რუს.; ფრან.) 4 33%-ზე მეტი 2; ,ერთ-ერთი შემდეგი სავალდებულო საგნებიდან; მათემატიკა 3 20%-ზე მეტი 3 5; ისტორია 3 25%-ზე მეტი 3 20; გეოგრაფია 3 25%-ზე მეტი 3 5; 205; 004 სსიპ - საქართველოს შოთა რუსთაველის თეატრისა და კინოს სახელმწიფო უნივერსიტეტი 08.08.2025 10:07; 
0040111,004,ქართულ ენაში მომზადების საგანმანათლებლო პროგრამა აზერბაიჯანულენოვანთათვის,,გამოცდა კოეფიციენტი მინ. ზღვარი პრიორიტეტი ადგილების რ-ბა; ზოგადი უნარები (აზერ) 12 30%-ზე მეტი 1; 206; 004 სსიპ - საქართველოს შოთა რუსთაველის თეატრისა და კინოს სახელმწიფო უნივერსიტეტი 08.08.2025 10:07; ,
0040112,004,ქართულ ენაში მომზადების საგანმანათლებლო პროგრამა აფხაზურენოვანთათვის,,გამოცდა კოეფიციენტი მინ. ზღვარი პრიორიტეტი ადგილების რ-ბა; აფხაზური ენა 12 25%-ზე მეტი 1; 207; 004 სსიპ - საქართველოს შოთა რუსთაველის თეატრისა და კინოს სახელმწიფო უნივერსიტეტი 08.08.2025 10:07; ,
0040113,004,ქართულ ენაში მომზადების საგანმანათლებლო პროგრამა ოსურენოვანთათვის,,გამოცდა კოეფიციენტი მინ. ზღვარი პრიორიტეტი ადგილების რ-ბა; ოსური ენა 12 25%-ზე მეტი 1; 208; 004 სსიპ - საქართველოს შოთა რუსთაველის თეატრისა და კინოს სახელმწიფო უნივერსიტეტი 08.08.2025 10:07; ,
0040114,004,ქართულ ენაში მომზადების საგანმანათლებლო პროგრამა სომხურენოვანთათვის,,"გამოცდა კოეფიციენტი მინ. ზღვარი პრიორიტეტი ადგილების რ-ბა; ზოგადი უნარები (სომხ) 12 30%-ზე მეტი 1; 209; 004 სსიპ - საქართველოს შოთა რუსთაველის თეატრისა და კინოს სახელმწიფო უნივერსიტეტი 08.08.2025 10:07; 005 ა(ა)იპ - საქართველოს აგრარული უნივერსიტეტი; მისამართი: კახა ბენდუქიძის კამპუსი, დავით აღმაშენებლის ხეივანი, N240, თბილისი 0159; ტელეფონი: 2 200 901; ვებგვერდი: www.agruni.edu.ge; ელ.ფოსტა: info@agruni.edu.ge; 210; 005 ა(ა)იპ - საქართველოს აგრარული უნივერსიტეტი 08.08.2025 10:07; ",
0050101,005,"აგრონომია, ლანდშაფტის მენეჯმენტი, საპარკო და სატყეო საქმე, მევენახეობა-მეღვინეობა",აგრონომიის ბაკალავრი; სატყეო საქმის ბაკალავრი; აგრარულ მეცნიერებათა ბაკალავრი,გამოცდა კოეფიციენტი მინ. ზღვარი პრიორიტეტი ადგილების რ-ბა; ქართული ენა და ლიტერატურა 3 25%-ზე მეტი 3; უცხოური ენა (გერ.; ინგ.; რუს.; ფრან.) 4 20%-ზე მეტი 2; ,ერთ-ერთი შემდეგი სავალდებულო საგნებიდან; მათემატიკა 5 40%-ზე მეტი 1 24; ისტორია 5 25%-ზე მეტი 1 56; ქიმია 5 60%-ზე მეტი 1 10; ბიოლოგია 5 60%-ზე მეტი 1 10; 211; 005 ა(ა)იპ - საქართველოს აგრარული უნივერსიტეტი 08.08.2025 10:07; 
0050102,005,ბიზნესის ადმინისტრირება,ბიზნესის ადმინისტრირების ბაკალავრი,გამოცდა კოეფიციენტი მინ. ზღვარი პრიორიტეტი ადგილების რ-ბა; ქართული ენა და ლიტერატურა 4 25%-ზე მეტი 2; უცხოური ენა (ინგ.; რუს.; გერ.; ფრა.) 2 20%-ზე მეტი 3; ,ერთ-ერთი შემდეგი სავალდებულო საგნებიდან; მათემატიკა 6 20%-ზე მეტი 1 40; ისტორია 6 25%-ზე მეტი 1 5; 212; 005 ა(ა)იპ - საქართველოს აგრარული უნივერსიტეტი 08.08.2025 10:07; 
0050103,005,"ბიოლოგია, ქიმია",ბიოლოგიის ბაკალავრი; ქიმიის ბაკალავრი,გამოცდა კოეფიციენტი მინ. ზღვარი პრიორიტეტი ადგილების რ-ბა; ქართული ენა და ლიტერატურა 5 25%-ზე მეტი 2; უცხოური ენა (გერ.; ინგ.; რუს.; ფრან.) 2 20%-ზე მეტი 3; ,ერთ-ერთი შემდეგი სავალდებულო საგნებიდან; მათემატიკა 5 50%-ზე მეტი 1 5; ქიმია 5 60%-ზე მეტი 1 13; ბიოლოგია 5 60%-ზე მეტი 1 17; 213; 005 ა(ა)იპ - საქართველოს აგრარული უნივერსიტეტი 08.08.2025 10:07; 
0050104,005,"ელექტრონული და კომპიუტერული ინჟინერია, მექანიკის ინჟინერია, მშენებლობა",ელექტრონული ინჟინერიის ბაკალავრი; მექანიკის ინჟინერიის ბაკალავრი; მშენებლობის ინჟინერიის ბაკალავრი,გამოცდა კოეფიციენტი მინ. ზღვარი პრიორიტეტი ადგილების რ-ბა; ქართული ენა და ლიტერატურა 4 25%-ზე მეტი 2; უცხოური ენა (გერ.; ინგ.; რუს.; ფრან.) 2 20%-ზე მეტი 3; ,ერთ-ერთი შემდეგი სავალდებულო საგნებიდან; მათემატიკა 6 60%-ზე მეტი 1 65; ფიზიკა 6 65%-ზე მეტი 1 10; 214; 005 ა(ა)იპ - საქართველოს აგრარული უნივერსიტეტი 08.08.2025 10:07; 
0050105,005,ვეტერინარიის ინტეგრირებული სამაგისტრო საგანმანათლებლო პროგრამა,ვეტერინარიის მაგისტრი,გამოცდა კოეფიციენტი მინ. ზღვარი პრიორიტეტი ადგილების რ-ბა; ქართული ენა და ლიტერატურა 4 25%-ზე მეტი 2; უცხოური ენა (გერ.; ინგ.; რუს.; ფრან.) 3 20%-ზე მეტი 3; ,ერთ-ერთი შემდეგი სავალდებულო საგნებიდან; მათემატიკა 5 40%-ზე მეტი 1 3; ისტორია 5 60%-ზე მეტი 1 8; ქიმია 5 60%-ზე მეტი 1 3; ბიოლოგია 5 60%-ზე მეტი 1 13; 215; 005 ა(ა)იპ - საქართველოს აგრარული უნივერსიტეტი 08.08.2025 10:07; 
0050106,005,თავისუფალი მეცნიერებები,თავისუფალ მეცნიერებათა ბაკალავრი,გამოცდა კოეფიციენტი მინ. ზღვარი პრიორიტეტი ადგილების რ-ბა; ქართული ენა და ლიტერატურა 5 25%-ზე მეტი 1; უცხოური ენა (გერ.; ინგ.; რუს.; ფრან.) 4 20%-ზე მეტი 2; ,ერთ-ერთი შემდეგი სავალდებულო საგნებიდან; მათემატიკა 3 20%-ზე მეტი 3 11; ისტორია 3 25%-ზე მეტი 3 7; 216; 005 ა(ა)იპ - საქართველოს აგრარული უნივერსიტეტი 08.08.2025 10:07; 
0050107,005,სასურსათო ტექნოლოგია,სასურსათო ტექნოლოგიის ბაკალავრი,გამოცდა კოეფიციენტი მინ. ზღვარი პრიორიტეტი ადგილების რ-ბა; ქართული ენა და ლიტერატურა 4 25%-ზე მეტი 2; უცხოური ენა (გერ.; ინგ.; რუს.; ფრან.) 3 20%-ზე მეტი 3; ,"ერთ-ერთი შემდეგი სავალდებულო საგნებიდან; მათემატიკა 5 35%-ზე მეტი 1 9; ისტორია 5 50%-ზე მეტი 1 9; ფიზიკა 5 35%-ზე მეტი 1 3; ქიმია 5 60%-ზე მეტი 1 5; ბიოლოგია 5 60%-ზე მეტი 1 4; 217; 005 ა(ა)იპ - საქართველოს აგრარული უნივერსიტეტი 08.08.2025 10:07; 006 სსიპ - თბილისის სახელმწიფო სამედიცინო უნივერსიტეტი; მისამართი: 0186, საქართველო, თბილისი, ვაჟა ფშაველას გამზირი 33; ტელეფონი: (+995 32) 2542424; 2542444; 2542401; 2542405; 2542419; ვებგვერდი: www.tsmu.edu; ელ.ფოსტა: recordsoffice@tsmu.edu; 218; 006 სსიპ - თბილისის სახელმწიფო სამედიცინო უნივერსიტეტი 08.08.2025 10:07; "
0060101,006,დიპლომირებული მედიკოსი,დიპლომირებული მედიკოსი,გამოცდა კოეფიციენტი მინ. ზღვარი პრიორიტეტი ადგილების რ-ბა; ქართული ენა და ლიტერატურა 2 75%-ზე მეტი 3; უცხოური ენა (ინგ.; რუს.; გერ.; ფრან.) 2 80%-ზე მეტი 4; ბიოლოგია 4 75%-ზე მეტი 1; ,ერთ-ერთი შემდეგი სავალდებულო საგნებიდან; მათემატიკა 4 75%-ზე მეტი 2 60; ფიზიკა 4 75%-ზე მეტი 2 60; ქიმია 4 75%-ზე მეტი 2 80; 219; 006 სსიპ - თბილისის სახელმწიფო სამედიცინო უნივერსიტეტი 08.08.2025 10:07; 
0060102,006,დიპლომირებული მედიკოსის ამერიკული პროგრამა (ინგლისურენოვანი),დიპლომირებული მედიკოსი,გამოცდა კოეფიციენტი მინ. ზღვარი პრიორიტეტი ადგილების რ-ბა; ქართული ენა და ლიტერატურა 2 75%-ზე მეტი 4; უცხოური ენა (ინგ.) 2 85%-ზე მეტი 3; ბიოლოგია 4 75%-ზე მეტი 1; ,ერთ-ერთი შემდეგი სავალდებულო საგნებიდან; მათემატიკა 4 75%-ზე მეტი 2 6; ფიზიკა 4 75%-ზე მეტი 2 6; ქიმია 4 75%-ზე მეტი 2 8; 220; 006 სსიპ - თბილისის სახელმწიფო სამედიცინო უნივერსიტეტი 08.08.2025 10:07; 
0060103,006,დიპლომირებული სტომატოლოგი,დიპლომირებული სტომატოლოგი,გამოცდა კოეფიციენტი მინ. ზღვარი პრიორიტეტი ადგილების რ-ბა; ქართული ენა და ლიტერატურა 2 65%-ზე მეტი 3; უცხოური ენა (ინგ.; რუს.; გერ.; ფრან.) 2 70%-ზე მეტი 4; ბიოლოგია 4 65%-ზე მეტი 1; ,ერთ-ერთი შემდეგი სავალდებულო საგნებიდან; მათემატიკა 4 55%-ზე მეტი 2 33; ფიზიკა 4 55%-ზე მეტი 2 33; ქიმია 4 65%-ზე მეტი 2 44; 221; 006 სსიპ - თბილისის სახელმწიფო სამედიცინო უნივერსიტეტი 08.08.2025 10:07; 
0060104,006,საექთნო საქმის ბაკალავრის ქართულ-ავსტრიული პროგრამა,საექთნო საქმის ბაკალავრი,გამოცდა კოეფიციენტი მინ. ზღვარი პრიორიტეტი ადგილების რ-ბა; ქართული ენა და ლიტერატურა 3 25%-ზე მეტი 3; უცხოური ენა (გერ.; ინგ.; რუს.; ფრან.) 3 25%-ზე მეტი 4; ბიოლოგია 3 25%-ზე მეტი 1; ,ერთ-ერთი შემდეგი სავალდებულო საგნებიდან; მათემატიკა 3 25%-ზე მეტი 2 9; ფიზიკა 3 25%-ზე მეტი 2 9; ქიმია 3 25%-ზე მეტი 2 12; 222; 006 სსიპ - თბილისის სახელმწიფო სამედიცინო უნივერსიტეტი 08.08.2025 10:07; 
0060105,006,საზოგადოებრივი ჯანდაცვა,საზოგადოებრივი ჯანდაცვის ბაკალავრი,გამოცდა კოეფიციენტი მინ. ზღვარი პრიორიტეტი ადგილების რ-ბა; ქართული ენა და ლიტერატურა 2 40%-ზე მეტი 3; უცხოური ენა (ინგ.; რუს.; გერ.; ფრან.) 2 40%-ზე მეტი 4; ბიოლოგია 4 40%-ზე მეტი 1; ,ერთ-ერთი შემდეგი სავალდებულო საგნებიდან; მათემატიკა 4 40%-ზე მეტი 2 38; ფიზიკა 4 40%-ზე მეტი 2 33; ქიმია 4 40%-ზე მეტი 2 39; 223; 006 სსიპ - თბილისის სახელმწიფო სამედიცინო უნივერსიტეტი 08.08.2025 10:07; 
0060106,006,საზოგადოებრივი ჯანდაცვა და მენეჯმენტი,საზოგადოებრივი ჯანდაცვის ბაკალავრი,გამოცდა კოეფიციენტი მინ. ზღვარი პრიორიტეტი ადგილების რ-ბა; ქართული ენა და ლიტერატურა 2 40%-ზე მეტი 3; უცხოური ენა (ინგ.; რუს.; გერ.; ფრან.) 2 40%-ზე მეტი 4; ბიოლოგია 4 40%-ზე მეტი 1; ,ერთ-ერთი შემდეგი სავალდებულო საგნებიდან; მათემატიკა 4 40%-ზე მეტი 2 14; ფიზიკა 4 40%-ზე მეტი 2 12; ქიმია 4 40%-ზე მეტი 2 14; 224; 006 სსიპ - თბილისის სახელმწიფო სამედიცინო უნივერსიტეტი 08.08.2025 10:07; 
0060107,006,სამეანო საქმე,სამეანო საქმის ბაკალავრი,გამოცდა კოეფიციენტი მინ. ზღვარი პრიორიტეტი ადგილების რ-ბა; ქართული ენა და ლიტერატურა 3 25%-ზე მეტი 3; უცხოური ენა (ინგ.; რუს.; გერ.; ფრან.) 3 25%-ზე მეტი 4; ბიოლოგია 3 25%-ზე მეტი 1; ,ერთ-ერთი შემდეგი სავალდებულო საგნებიდან; მათემატიკა 3 25%-ზე მეტი 2 3; ფიზიკა 3 25%-ზე მეტი 2 3; ქიმია 3 25%-ზე მეტი 2 4; 225; 006 სსიპ - თბილისის სახელმწიფო სამედიცინო უნივერსიტეტი 08.08.2025 10:07; 
0060108,006,ფარმაცია,ფარმაციის ბაკალავრი,გამოცდა კოეფიციენტი მინ. ზღვარი პრიორიტეტი ადგილების რ-ბა; ქართული ენა და ლიტერატურა 2 25%-ზე მეტი 3; უცხოური ენა (ინგ.; რუს.; გერ.; ფრან.) 2 20%-ზე მეტი 4; ბიოლოგია 4 25%-ზე მეტი 1; ,ერთ-ერთი შემდეგი სავალდებულო საგნებიდან; მათემატიკა 4 20%-ზე მეტი 2 45; ფიზიკა 4 25%-ზე მეტი 2 45; ქიმია 4 25%-ზე მეტი 2 60; 226; 006 სსიპ - თბილისის სახელმწიფო სამედიცინო უნივერსიტეტი 08.08.2025 10:07; 
0060109,006,ფიზიკური მედიცინა და რეაბილიტაცია,ფიზიკური მედიცინისა და რეაბილიტაციის ბაკალავრი,გამოცდა კოეფიციენტი მინ. ზღვარი პრიორიტეტი ადგილების რ-ბა; ქართული ენა და ლიტერატურა 3 45%-ზე მეტი 3; უცხოური ენა (ინგ.; რუს.; გერ.; ფრან.) 3 45%-ზე მეტი 4; ბიოლოგია 3 45%-ზე მეტი 1; ,ერთ-ერთი შემდეგი სავალდებულო საგნებიდან; მათემატიკა 3 40%-ზე მეტი 2 24; ფიზიკა 3 40%-ზე მეტი 2 24; ქიმია 3 40%-ზე მეტი 2 32; 227; 006 სსიპ - თბილისის სახელმწიფო სამედიცინო უნივერსიტეტი 08.08.2025 10:07; 
0060110,006,"ქართულ ენაში მომზადება, ქართული, როგორც მეორე ენა აზერბაიჯანულენოვანთათვის",,გამოცდა კოეფიციენტი მინ. ზღვარი პრიორიტეტი ადგილების რ-ბა; ზოგადი უნარები (აზერ) 12 30%-ზე მეტი 1; 228; 006 სსიპ - თბილისის სახელმწიფო სამედიცინო უნივერსიტეტი 08.08.2025 10:07; ,
0060111,006,"ქართულ ენაში მომზადება, ქართული, როგორც მეორე ენა აფხაზურენოვანთათვის",,გამოცდა კოეფიციენტი მინ. ზღვარი პრიორიტეტი ადგილების რ-ბა; აფხაზური ენა 12 25%-ზე მეტი 1; 229; 006 სსიპ - თბილისის სახელმწიფო სამედიცინო უნივერსიტეტი 08.08.2025 10:07; ,
0060112,006,"ქართულ ენაში მომზადება, ქართული, როგორც მეორე ენა ოსურენოვანთათვის",,გამოცდა კოეფიციენტი მინ. ზღვარი პრიორიტეტი ადგილების რ-ბა; ოსური ენა 12 25%-ზე მეტი 1; 230; 006 სსიპ - თბილისის სახელმწიფო სამედიცინო უნივერსიტეტი 08.08.2025 10:07; ,
0060113,006,"ქართულ ენაში მომზადება, ქართული, როგორც მეორე ენა სომხურენოვანთათვის",,"გამოცდა კოეფიციენტი მინ. ზღვარი პრიორიტეტი ადგილების რ-ბა; ზოგადი უნარები (სომხ) 12 30%-ზე მეტი 1; 231; 006 სსიპ - თბილისის სახელმწიფო სამედიცინო უნივერსიტეტი 08.08.2025 10:07; 009 სსიპ - აკაკი წერეთლის სახელმწიფო უნივერსიტეტი; მისამართი: ქუთაისი, თამარ მეფის ქუჩა № 59; ფოთი, 9 აპრილის ხეივანი №11.; ტელეფონი: (+995 431) 24 00 36; ვებგვერდი: www.atsu.edu.ge; ელ.ფოსტა: info@atsu.edu.ge; 232; 009 სსიპ - აკაკი წერეთლის სახელმწიფო უნივერსიტეტი 08.08.2025 10:07; ",
0090101,009,ქართული ენა და ლიტერატურა (ქ. ქუთაისი),ჰუმანიტარული მეცნიერებების ბაკალავრი ქართულ ფილოლოგიაში,გამოცდა კოეფიციენტი მინ. ზღვარი პრიორიტეტი ადგილების რ-ბა; ქართული ენა და ლიტერატურა 4 25%-ზე მეტი 1; უცხოური ენა (გერ.; ინგ.; რუს.; ფრან.) 4 20%-ზე მეტი 2; ,ერთ-ერთი შემდეგი სავალდებულო საგნებიდან; ისტორია 4 25%-ზე მეტი 3 130; ლიტერატურა 4 25%-ზე მეტი 3 20; 233; 009 სსიპ - აკაკი წერეთლის სახელმწიფო უნივერსიტეტი 08.08.2025 10:07; 
0090102,009,ინგლისური ენა და ლიტერატურა (ქ. ქუთაისი),ჰუმანიტარული მეცნიერებების ბაკალავრი ინგლისურ ფილოლოგიაში,გამოცდა კოეფიციენტი მინ. ზღვარი პრიორიტეტი ადგილების რ-ბა; ქართული ენა და ლიტერატურა 4 25%-ზე მეტი 1; უცხოური ენა (ინგ.; რუს.; გერ.; ფრან.) 4 50%-ზე მეტი 2; ,ერთ-ერთი შემდეგი სავალდებულო საგნებიდან; ისტორია 4 25%-ზე მეტი 3 90; ლიტერატურა 4 25%-ზე მეტი 3 15; 234; 009 სსიპ - აკაკი წერეთლის სახელმწიფო უნივერსიტეტი 08.08.2025 10:07; 
0090103,009,გერმანული ენა და ლიტერატურა (ქ. ქუთაისი),ჰუმანიტარული მეცნიერებების ბაკალავრი გერმანულ ფილოლოგიაში,გამოცდა კოეფიციენტი მინ. ზღვარი პრიორიტეტი ადგილების რ-ბა; ქართული ენა და ლიტერატურა 4 25%-ზე მეტი 1; უცხოური ენა (გერ.; ინგ.; რუს.; ფრან.) 4 20%-ზე მეტი 2; ,ერთ-ერთი შემდეგი სავალდებულო საგნებიდან; ისტორია 4 25%-ზე მეტი 3 20; ლიტერატურა 4 25%-ზე მეტი 3 10; 235; 009 სსიპ - აკაკი წერეთლის სახელმწიფო უნივერსიტეტი 08.08.2025 10:07; 
0090104,009,ფრანგული ენა და ლიტერატურა (ქ. ქუთაისი),ჰუმანიტარული მეცნიერებების ბაკალავრი ფრანგულ ფილოლოგიაში,გამოცდა კოეფიციენტი მინ. ზღვარი პრიორიტეტი ადგილების რ-ბა; ქართული ენა და ლიტერატურა 4 25%-ზე მეტი 1; უცხოური ენა (გერ.; ინგ.; რუს.; ფრან.) 4 20%-ზე მეტი 2; ,ერთ-ერთი შემდეგი სავალდებულო საგნებიდან; ისტორია 4 25%-ზე მეტი 3 8; ლიტერატურა 4 25%-ზე მეტი 3 4; 236; 009 სსიპ - აკაკი წერეთლის სახელმწიფო უნივერსიტეტი 08.08.2025 10:07; 
0090105,009,რუსული ენა და ლიტერატურა (ქ. ქუთაისი),ჰუმანიტარული მეცნიერებების ბაკალავრი რუსულ ფილოლოგიაში,გამოცდა კოეფიციენტი მინ. ზღვარი პრიორიტეტი ადგილების რ-ბა; ქართული ენა და ლიტერატურა 4 25%-ზე მეტი 1; უცხოური ენა (გერ.; ინგ.; რუს.; ფრან.) 4 20%-ზე მეტი 2; ,ერთ-ერთი შემდეგი სავალდებულო საგნებიდან; ისტორია 4 25%-ზე მეტი 3 8; ლიტერატურა 4 25%-ზე მეტი 3 4; 237; 009 სსიპ - აკაკი წერეთლის სახელმწიფო უნივერსიტეტი 08.08.2025 10:07; 
0090106,009,თურქოლოგია (ქ. ქუთაისი),ჰუმანიტარული მეცნიერებების ბაკალავრი თურქოლოგიაში,გამოცდა კოეფიციენტი მინ. ზღვარი პრიორიტეტი ადგილების რ-ბა; ქართული ენა და ლიტერატურა 4 25%-ზე მეტი 1; უცხოური ენა (გერ.; ინგ.; რუს.; ფრან.) 4 20%-ზე მეტი 2; ,ერთ-ერთი შემდეგი სავალდებულო საგნებიდან; ისტორია 4 25%-ზე მეტი 3 12; ლიტერატურა 4 25%-ზე მეტი 3 3; 238; 009 სსიპ - აკაკი წერეთლის სახელმწიფო უნივერსიტეტი 08.08.2025 10:07; 
0090107,009,ირანისტიკა (ქ. ქუთაისი),ჰუმანიტარული მეცნიერებების ბაკალავრი ირანისტიკაში,გამოცდა კოეფიციენტი მინ. ზღვარი პრიორიტეტი ადგილების რ-ბა; ქართული ენა და ლიტერატურა 4 25%-ზე მეტი 1; უცხოური ენა (გერ.; ინგ.; რუს.; ფრან.) 4 20%-ზე მეტი 2; ,ერთ-ერთი შემდეგი სავალდებულო საგნებიდან; ისტორია 4 25%-ზე მეტი 3 8; ლიტერატურა 4 25%-ზე მეტი 3 2; 239; 009 სსიპ - აკაკი წერეთლის სახელმწიფო უნივერსიტეტი 08.08.2025 10:07; 
0090108,009,არაბისტიკა (ქ. ქუთაისი),ჰუმანიტარული მეცნიერებების ბაკალავრი არაბისტიკაში,გამოცდა კოეფიციენტი მინ. ზღვარი პრიორიტეტი ადგილების რ-ბა; ქართული ენა და ლიტერატურა 4 25%-ზე მეტი 1; უცხოური ენა (გერ.; ინგ.; რუს.; ფრან.) 4 20%-ზე მეტი 2; ,ერთ-ერთი შემდეგი სავალდებულო საგნებიდან; ისტორია 4 25%-ზე მეტი 3 12; ლიტერატურა 4 25%-ზე მეტი 3 3; 240; 009 სსიპ - აკაკი წერეთლის სახელმწიფო უნივერსიტეტი 08.08.2025 10:07; 
0090109,009,კლასიკური ფილოლოგია (ქ. ქუთაისი),ჰუმანიტარული მეცნიერებების ბაკალავრი კლასიკურ ფილოლოგიაში,გამოცდა კოეფიციენტი მინ. ზღვარი პრიორიტეტი ადგილების რ-ბა; ქართული ენა და ლიტერატურა 4 25%-ზე მეტი 1; უცხოური ენა (გერ.; ინგ.; რუს.; ფრან.) 4 20%-ზე მეტი 2; ,ერთ-ერთი შემდეგი სავალდებულო საგნებიდან; ისტორია 4 25%-ზე მეტი 3 8; ლიტერატურა 4 25%-ზე მეტი 3 2; 241; 009 სსიპ - აკაკი წერეთლის სახელმწიფო უნივერსიტეტი 08.08.2025 10:07; 
0090110,009,არქეოლოგია (ქ. ქუთაისი),ჰუმანიტარული მეცნიერებების ბაკალავრი არქეოლოგიაში,გამოცდა კოეფიციენტი მინ. ზღვარი პრიორიტეტი ადგილების რ-ბა; ქართული ენა და ლიტერატურა 4 25%-ზე მეტი 2; უცხოური ენა (გერ.; ინგ.; რუს.; ფრან.) 4 20%-ზე მეტი 3; ,ერთ-ერთი შემდეგი სავალდებულო საგნებიდან; მათემატიკა 4 20%-ზე მეტი 1 3; ისტორია 4 30%-ზე მეტი 1 24; ლიტერატურა 4 25%-ზე მეტი 1 3; 242; 009 სსიპ - აკაკი წერეთლის სახელმწიფო უნივერსიტეტი 08.08.2025 10:07; 
0090111,009,ისტორია (ქ. ქუთაისი),ჰუმანიტარული მეცნიერებების ბაკალავრი ისტორიაში,გამოცდა კოეფიციენტი მინ. ზღვარი პრიორიტეტი ადგილების რ-ბა; ქართული ენა და ლიტერატურა 4 25%-ზე მეტი 2; უცხოური ენა (გერ.; ინგ.; რუს.; ფრან.) 4 20%-ზე მეტი 3; ,ერთ-ერთი შემდეგი სავალდებულო საგნებიდან; ისტორია 4 30%-ზე მეტი 1 72; ლიტერატურა 4 25%-ზე მეტი 1 8; 243; 009 სსიპ - აკაკი წერეთლის სახელმწიფო უნივერსიტეტი 08.08.2025 10:07; 
0090112,009,ფილოსოფია (ქ. ქუთაისი),ჰუმანიტარული მეცნიერებების ბაკალავრი ფილოსოფიაში,გამოცდა კოეფიციენტი მინ. ზღვარი პრიორიტეტი ადგილების რ-ბა; ქართული ენა და ლიტერატურა 4 25%-ზე მეტი 1; უცხოური ენა (გერ.; ინგ.; რუს.; ფრან.) 4 20%-ზე მეტი 2; ,ერთ-ერთი შემდეგი სავალდებულო საგნებიდან; მათემატიკა 4 20%-ზე მეტი 3 3; ისტორია 4 25%-ზე მეტი 3 19; ლიტერატურა 4 25%-ზე მეტი 3 3; 244; 009 სსიპ - აკაკი წერეთლის სახელმწიფო უნივერსიტეტი 08.08.2025 10:07; 
0090113,009,საშემსრულებლო ხელოვნება (კლავიშიანი საკრავები/ სიმებიანი საკრავები/ ჩასაბერი საკრავები /ვოკალი/ საგუნდო დირიჟორობა) (ქ. ქუთაისი),სამუსიკო ხელოვნების ბაკალავრი საშემსრულებლო ხელოვნებაში,გამოცდა კოეფიციენტი მინ. ზღვარი პრიორიტეტი ადგილების რ-ბა; ქართული ენა და ლიტერატურა 2 25%-ზე მეტი 2; უცხოური ენა (ინგ.; რუს.; გერ.; ფრან.) 2 20%-ზე მეტი 3; შემოქმედებითი ტური 8 1; 245; 009 სსიპ - აკაკი წერეთლის სახელმწიფო უნივერსიტეტი 08.08.2025 10:07; ,
0090114,009,ბიზნესის ადმინისტრირება (180 კრედიტი) (ქ. ქუთაისი),ბიზნესის ადმინისტრირების ბაკალავრი,გამოცდა კოეფიციენტი მინ. ზღვარი პრიორიტეტი ადგილების რ-ბა; ქართული ენა და ლიტერატურა 3 25%-ზე მეტი 3; უცხოური ენა (გერ.; ინგ.; რუს.; ფრან.) 5 24%-ზე მეტი 1; ,ერთ-ერთი შემდეგი სავალდებულო საგნებიდან; მათემატიკა 4 20%-ზე მეტი 2 90; ისტორია 4 25%-ზე მეტი 2 30; 246; 009 სსიპ - აკაკი წერეთლის სახელმწიფო უნივერსიტეტი 08.08.2025 10:07; 
0090115,009,ბიზნესის ადმინისტრირება (ქ. ქუთაისი),ბიზნესის ადმინისტრირების ბაკალავრი,გამოცდა კოეფიციენტი მინ. ზღვარი პრიორიტეტი ადგილების რ-ბა; ქართული ენა და ლიტერატურა 3 25%-ზე მეტი 3; უცხოური ენა (გერ.; ინგ.; რუს.; ფრან.) 5 24%-ზე მეტი 1; ,ერთ-ერთი შემდეგი სავალდებულო საგნებიდან; მათემატიკა 4 20%-ზე მეტი 2 40; ისტორია 4 25%-ზე მეტი 2 20; 247; 009 სსიპ - აკაკი წერეთლის სახელმწიფო უნივერსიტეტი 08.08.2025 10:07; 
0090116,009,სამართალი (ქ. ქუთაისი),სამართლის ბაკალავრი,გამოცდა კოეფიციენტი მინ. ზღვარი პრიორიტეტი ადგილების რ-ბა; ქართული ენა და ლიტერატურა 3 25%-ზე მეტი 3; უცხოური ენა (ინგ.; რუს.; გერ.; ფრან.) 4 24%-ზე მეტი 2; ,ერთ-ერთი შემდეგი სავალდებულო საგნებიდან; მათემატიკა 5 20%-ზე მეტი 1 15; ისტორია 5 25%-ზე მეტი 1 120; სამოქალაქო განათლება 5 25%-ზე მეტი 1 15; 248; 009 სსიპ - აკაკი წერეთლის სახელმწიფო უნივერსიტეტი 08.08.2025 10:07; 
0090117,009,ეკონომიკა (ქ. ქუთაისი),ეკონომიკის ბაკალავრი,გამოცდა კოეფიციენტი მინ. ზღვარი პრიორიტეტი ადგილების რ-ბა; ქართული ენა და ლიტერატურა 3 25%-ზე მეტი 3; უცხოური ენა (ინგ.; რუს.; გერ.; ფრან.) 4 24%-ზე მეტი 2; მათემატიკა 5 20%-ზე მეტი 1; 249; 009 სსიპ - აკაკი წერეთლის სახელმწიფო უნივერსიტეტი 08.08.2025 10:07; ,
0090118,009,მასობრივი კომუნიკაცია (ქ. ქუთაისი),მასობრივი კომუნიკაციის ბაკალავრი,გამოცდა კოეფიციენტი მინ. ზღვარი პრიორიტეტი ადგილების რ-ბა; ქართული ენა და ლიტერატურა 5 25%-ზე მეტი 1; უცხოური ენა (გერ.; ინგ.; რუს.; ფრან.) 4 24%-ზე მეტი 2; ,ერთ-ერთი შემდეგი სავალდებულო საგნებიდან; მათემატიკა 3 20%-ზე მეტი 3 3; ისტორია 3 25%-ზე მეტი 3 16; ლიტერატურა 3 25%-ზე მეტი 3 3; სამოქალაქო განათლება 3 25%-ზე მეტი 3 3; 250; 009 სსიპ - აკაკი წერეთლის სახელმწიფო უნივერსიტეტი 08.08.2025 10:07; 
0090119,009,საერთაშორისო ურთიერთობები (ქ. ქუთაისი),საერთაშორისო ურთიერთობების ბაკალავრი,გამოცდა კოეფიციენტი მინ. ზღვარი პრიორიტეტი ადგილების რ-ბა; ქართული ენა და ლიტერატურა 4 25%-ზე მეტი 2; უცხოური ენა (გერ.; ინგ.; რუს.; ფრან.) 5 24%-ზე მეტი 1; ,ერთ-ერთი შემდეგი სავალდებულო საგნებიდან; მათემატიკა 3 20%-ზე მეტი 3 6; ისტორია 3 25%-ზე მეტი 3 42; გეოგრაფია 3 25%-ზე მეტი 3 6; სამოქალაქო განათლება 3 25%-ზე მეტი 3 6; 251; 009 სსიპ - აკაკი წერეთლის სახელმწიფო უნივერსიტეტი 08.08.2025 10:07; 
0090120,009,საჯარო მმართველობა (ქ. ქუთაისი),საჯარო მმართველობის ბაკალავრი,გამოცდა კოეფიციენტი მინ. ზღვარი პრიორიტეტი ადგილების რ-ბა; ქართული ენა და ლიტერატურა 4 25%-ზე მეტი 2; უცხოური ენა (ინგ.; რუს.; გერ.; ფრან.) 5 24%-ზე მეტი 1; ,ერთ-ერთი შემდეგი სავალდებულო საგნებიდან; მათემატიკა 3 20%-ზე მეტი 3 15; ისტორია 3 25%-ზე მეტი 3 29; გეოგრაფია 3 25%-ზე მეტი 3 6; სამოქალაქო განათლება 3 25%-ზე მეტი 3 10; 252; 009 სსიპ - აკაკი წერეთლის სახელმწიფო უნივერსიტეტი 08.08.2025 10:07; 
0090121,009,მათემატიკა (ქ. ქუთაისი),მათემატიკის ბაკალავრი,გამოცდა კოეფიციენტი მინ. ზღვარი პრიორიტეტი ადგილების რ-ბა; ქართული ენა და ლიტერატურა 3 25%-ზე მეტი 2; უცხოური ენა (გერ.; ინგ.; რუს.; ფრან.) 3 20%-ზე მეტი 3; ,ერთ-ერთი შემდეგი სავალდებულო საგნებიდან; მათემატიკა 6 20%-ზე მეტი 1 45; ფიზიკა 6 25%-ზე მეტი 1 5; 253; 009 სსიპ - აკაკი წერეთლის სახელმწიფო უნივერსიტეტი 08.08.2025 10:07; 
0090122,009,კომპიუტერული მეცნიერება (ქ. ქუთაისი),ინფორმატიკის ბაკალავრი,გამოცდა კოეფიციენტი მინ. ზღვარი პრიორიტეტი ადგილების რ-ბა; ქართული ენა და ლიტერატურა 3 25%-ზე მეტი 2; უცხოური ენა (გერ.; ინგ.; რუს.; ფრან.) 3 20%-ზე მეტი 3; ,ერთ-ერთი შემდეგი სავალდებულო საგნებიდან; მათემატიკა 6 20%-ზე მეტი 1 105; ფიზიკა 6 25%-ზე მეტი 1 15; 254; 009 სსიპ - აკაკი წერეთლის სახელმწიფო უნივერსიტეტი 08.08.2025 10:07; 
0090123,009,ბიოლოგია (ქ. ქუთაისი),ბიოლოგიის ბაკალავრი,გამოცდა კოეფიციენტი მინ. ზღვარი პრიორიტეტი ადგილების რ-ბა; ქართული ენა და ლიტერატურა 3 25%-ზე მეტი 2; უცხოური ენა (გერ.; ინგ.; რუს.; ფრან.) 3 20%-ზე მეტი 3; ,ერთ-ერთი შემდეგი სავალდებულო საგნებიდან; მათემატიკა 6 20%-ზე მეტი 1 4; ქიმია 6 25%-ზე მეტი 1 4; ბიოლოგია 6 25%-ზე მეტი 1 32; 255; 009 სსიპ - აკაკი წერეთლის სახელმწიფო უნივერსიტეტი 08.08.2025 10:07; 
0090124,009,გამოყენებითი ბიომეცნიერებები (ბიოტექნოლოგია) (ქ. ქუთაისი),გამოყენებითი ბიომეცნიერებების და ბიოტექნოლოგიის ბაკალავრი,გამოცდა კოეფიციენტი მინ. ზღვარი პრიორიტეტი ადგილების რ-ბა; ქართული ენა და ლიტერატურა 3 25%-ზე მეტი 2; უცხოური ენა (გერ.; ინგ.; რუს.; ფრან.) 3 20%-ზე მეტი 3; ,ერთ-ერთი შემდეგი სავალდებულო საგნებიდან; მათემატიკა 6 20%-ზე მეტი 1 2; ისტორია 6 25%-ზე მეტი 1 2; ქიმია 6 25%-ზე მეტი 1 2; ბიოლოგია 6 25%-ზე მეტი 1 14; 256; 009 სსიპ - აკაკი წერეთლის სახელმწიფო უნივერსიტეტი 08.08.2025 10:07; 
0090125,009,ეკოლოგია (ქ. ქუთაისი),ეკოლოგიის ბაკალავრი,გამოცდა კოეფიციენტი მინ. ზღვარი პრიორიტეტი ადგილების რ-ბა; ქართული ენა და ლიტერატურა 3 25%-ზე მეტი 2; უცხოური ენა (ინგ.; რუს.; გერ.; ფრა.) 3 20%-ზე მეტი 3; ,ერთ-ერთი შემდეგი სავალდებულო საგნებიდან; მათემატიკა 6 20%-ზე მეტი 1 5; ისტორია 6 25%-ზე მეტი 1 5; გეოგრაფია 6 25%-ზე მეტი 1 5; ფიზიკა 6 25%-ზე მეტი 1 5; ქიმია 6 25%-ზე მეტი 1 5; ბიოლოგია 6 25%-ზე მეტი 1 20; 257; 009 სსიპ - აკაკი წერეთლის სახელმწიფო უნივერსიტეტი 08.08.2025 10:07; 
0090126,009,ქიმია (ქ. ქუთაისი),ქიმიის ბაკალავრი,გამოცდა კოეფიციენტი მინ. ზღვარი პრიორიტეტი ადგილების რ-ბა; ქართული ენა და ლიტერატურა 3 25%-ზე მეტი 2; უცხოური ენა (გერ.; ინგ.; რუს.; ფრან.) 3 20%-ზე მეტი 3; ,ერთ-ერთი შემდეგი სავალდებულო საგნებიდან; მათემატიკა 6 20%-ზე მეტი 1 2; ქიმია 6 25%-ზე მეტი 1 11; ბიოლოგია 6 25%-ზე მეტი 1 2; 258; 009 სსიპ - აკაკი წერეთლის სახელმწიფო უნივერსიტეტი 08.08.2025 10:07; 
0090127,009,გეოგრაფია (ქ. ქუთაისი),გეოგრაფიის ბაკალავრი,გამოცდა კოეფიციენტი მინ. ზღვარი პრიორიტეტი ადგილების რ-ბა; ქართული ენა და ლიტერატურა 3 25%-ზე მეტი 2; უცხოური ენა (გერ.; ინგ.; რუს.; ფრან.) 3 20%-ზე მეტი 3; ,ერთ-ერთი შემდეგი სავალდებულო საგნებიდან; მათემატიკა 6 20%-ზე მეტი 1 5; ისტორია 6 25%-ზე მეტი 1 10; გეოგრაფია 6 25%-ზე მეტი 1 35; 259; 009 სსიპ - აკაკი წერეთლის სახელმწიფო უნივერსიტეტი 08.08.2025 10:07; 
0090128,009,სკოლამდელი განათლება (ქ. ქუთაისი),სკოლამდელი განათლების ბაკალავრი,გამოცდა კოეფიციენტი მინ. ზღვარი პრიორიტეტი ადგილების რ-ბა; ქართული ენა და ლიტერატურა 5 25%-ზე მეტი 1; უცხოური ენა (გერ.; ინგ.; რუს.; ფრან.) 3 20%-ზე მეტი 3; ,ერთ-ერთი შემდეგი სავალდებულო საგნებიდან; მათემატიკა 4 20%-ზე მეტი 2 5; ისტორია 4 25%-ზე მეტი 2 25; 260; 009 სსიპ - აკაკი წერეთლის სახელმწიფო უნივერსიტეტი 08.08.2025 10:07; 
0090129,009,"მასწავლებლის მომზადების ინტეგრირებული საბაკალავრო-სამაგისტრო საგანმანათლებლო პროგრამა ,,დაწყებითი განათლება"" (ქ. ქუთაისი)",განათლების მაგისტრი (ზოგადი განათლების დაწყებითი საფეხურის საგანთა ჯგუფის მასწავლებელი),გამოცდა კოეფიციენტი მინ. ზღვარი პრიორიტეტი ადგილების რ-ბა; ქართული ენა და ლიტერატურა 5 25%-ზე მეტი 1; უცხოური ენა (გერ.; ინგ.; რუს.; ფრან.) 3 20%-ზე მეტი 3; ,ერთ-ერთი შემდეგი სავალდებულო საგნებიდან; მათემატიკა 4 20%-ზე მეტი 2 20; ისტორია 4 25%-ზე მეტი 2 180; 261; 009 სსიპ - აკაკი წერეთლის სახელმწიფო უნივერსიტეტი 08.08.2025 10:07; 
0090130,009,დიპლომირებული მედიკოსი/PBL (ქ. ქუთაისი),დიპლომირებული მედიკოსი,გამოცდა კოეფიციენტი მინ. ზღვარი პრიორიტეტი ადგილების რ-ბა; ქართული ენა და ლიტერატურა 3 50%-ზე მეტი 3; უცხოური ენა (გერ.; ინგ.; რუს.; ფრან.) 3 50%-ზე მეტი 2; ბიოლოგია 3 50%-ზე მეტი 1; ,ერთ-ერთი შემდეგი სავალდებულო საგნებიდან; მათემატიკა 3 35%-ზე მეტი 4 20; ფიზიკა 3 35%-ზე მეტი 4 20; ქიმია 3 35%-ზე მეტი 4 20; 262; 009 სსიპ - აკაკი წერეთლის სახელმწიფო უნივერსიტეტი 08.08.2025 10:07; 
0090131,009,სტომატოლოგია (ქ. ქუთაისი),დიპლომირებული სტომატოლოგი,გამოცდა კოეფიციენტი მინ. ზღვარი პრიორიტეტი ადგილების რ-ბა; ქართული ენა და ლიტერატურა 3 35%-ზე მეტი 3; უცხოური ენა (გერ.; ინგ.; რუს.; ფრან.) 3 35%-ზე მეტი 2; ბიოლოგია 3 35%-ზე მეტი 1; ,ერთ-ერთი შემდეგი სავალდებულო საგნებიდან; მათემატიკა 3 30%-ზე მეტი 4 10; ფიზიკა 3 30%-ზე მეტი 4 10; ქიმია 3 30%-ზე მეტი 4 10; 263; 009 სსიპ - აკაკი წერეთლის სახელმწიფო უნივერსიტეტი 08.08.2025 10:07; 
0090132,009,ფარმაცია (ქ. ქუთაისი),ფარმაციის ბაკალავრი,გამოცდა კოეფიციენტი მინ. ზღვარი პრიორიტეტი ადგილების რ-ბა; ქართული ენა და ლიტერატურა 3 25%-ზე მეტი 3; უცხოური ენა (გერ.; ინგ.; რუს.; ფრან.) 3 25%-ზე მეტი 2; ბიოლოგია 3 25%-ზე მეტი 1; ,ერთ-ერთი შემდეგი სავალდებულო საგნებიდან; მათემატიკა 3 25%-ზე მეტი 4 6; ფიზიკა 3 25%-ზე მეტი 4 6; ქიმია 3 25%-ზე მეტი 4 8; 264; 009 სსიპ - აკაკი წერეთლის სახელმწიფო უნივერსიტეტი 08.08.2025 10:07; 
0090133,009,ფიზიკური მედიცინა და რეაბილიტაცია (ქ. ქუთაისი),ფიზიკური მედიცინის და რეაბილიტაციის ბაკალავრი,გამოცდა კოეფიციენტი მინ. ზღვარი პრიორიტეტი ადგილების რ-ბა; ქართული ენა და ლიტერატურა 3 30%-ზე მეტი 3; უცხოური ენა (გერ.; ინგ.; რუს.; ფრან.) 3 30%-ზე მეტი 2; ბიოლოგია 3 30%-ზე მეტი 1; ,ერთ-ერთი შემდეგი სავალდებულო საგნებიდან; მათემატიკა 3 25%-ზე მეტი 4 8; ფიზიკა 3 25%-ზე მეტი 4 8; ქიმია 3 25%-ზე მეტი 4 9; 265; 009 სსიპ - აკაკი წერეთლის სახელმწიფო უნივერსიტეტი 08.08.2025 10:07; 
0090134,009,ელექტრული ინჟინერია (ქ. ქუთაისი),ბაკალავრი ელექტრულ და ელექტრონულ ინჟინერიაში,გამოცდა კოეფიციენტი მინ. ზღვარი პრიორიტეტი ადგილების რ-ბა; ქართული ენა და ლიტერატურა 4 25%-ზე მეტი 3; უცხოური ენა (გერ.; ინგ.; რუს.; ფრან.) 4 20%-ზე მეტი 2; ,ერთ-ერთი შემდეგი სავალდებულო საგნებიდან; მათემატიკა 4 20%-ზე მეტი 1 58; ფიზიკა 4 25%-ზე მეტი 1 7; 266; 009 სსიპ - აკაკი წერეთლის სახელმწიფო უნივერსიტეტი 08.08.2025 10:07; 
0090135,009,მშენებლობა (ქ. ქუთაისი),მშენებლობის ინჟინერიის ბაკალავრი,გამოცდა კოეფიციენტი მინ. ზღვარი პრიორიტეტი ადგილების რ-ბა; ქართული ენა და ლიტერატურა 4 25%-ზე მეტი 3; უცხოური ენა (გერ.; ინგ.; რუს.; ფრან.) 4 20%-ზე მეტი 2; ,ერთ-ერთი შემდეგი სავალდებულო საგნებიდან; მათემატიკა 4 20%-ზე მეტი 1 30; ფიზიკა 4 25%-ზე მეტი 1 10; 267; 009 სსიპ - აკაკი წერეთლის სახელმწიფო უნივერსიტეტი 08.08.2025 10:07; 
0090136,009,სატრანსპორტო საშუალებების სერვისი და ექსპერტიზა (ქ. ქუთაისი),სატრანსპორტო საშუალებების ინჟინერიის ბაკალავრი,გამოცდა კოეფიციენტი მინ. ზღვარი პრიორიტეტი ადგილების რ-ბა; ქართული ენა და ლიტერატურა 4 25%-ზე მეტი 3; უცხოური ენა (გერ.; ინგ.; რუს.; ფრან.) 4 20%-ზე მეტი 2; ,ერთ-ერთი შემდეგი სავალდებულო საგნებიდან; მათემატიკა 4 20%-ზე მეტი 1 15; ფიზიკა 4 25%-ზე მეტი 1 5; 268; 009 სსიპ - აკაკი წერეთლის სახელმწიფო უნივერსიტეტი 08.08.2025 10:07; 
0090137,009,საწარმოო პროდუქციის ხარისხის მართვა და ტექნიკური ექსპერტიზა (ქ. ქუთაისი),მასალების საინჟინრო ტექნოლოგიის ბაკალავრი,გამოცდა კოეფიციენტი მინ. ზღვარი პრიორიტეტი ადგილების რ-ბა; ქართული ენა და ლიტერატურა 4 25%-ზე მეტი 3; უცხოური ენა (გერ.; ინგ.; რუს.; ფრან.) 4 20%-ზე მეტი 2; ,ერთ-ერთი შემდეგი სავალდებულო საგნებიდან; მათემატიკა 4 20%-ზე მეტი 1 10; ისტორია 4 25%-ზე მეტი 1 10; ფიზიკა 4 25%-ზე მეტი 1 5; ქიმია 4 25%-ზე მეტი 1 5; 269; 009 სსიპ - აკაკი წერეთლის სახელმწიფო უნივერსიტეტი 08.08.2025 10:07; 
0090138,009,ფარმაცევტული და კოსმეტიკური ტექნოლოგიები (ქ. ქუთაისი),მეცნიერების ბაკალავრი ქიმიურ და ბიოლოგიურ ინჟინერიაში,გამოცდა კოეფიციენტი მინ. ზღვარი პრიორიტეტი ადგილების რ-ბა; ქართული ენა და ლიტერატურა 4 25%-ზე მეტი 1; უცხოური ენა (გერ.; ინგ.; რუს.; ფრან.) 4 20%-ზე მეტი 2; ,ერთ-ერთი შემდეგი სავალდებულო საგნებიდან; მათემატიკა 4 20%-ზე მეტი 3 4; ფიზიკა 4 25%-ზე მეტი 3 2; ქიმია 4 25%-ზე მეტი 3 4; ბიოლოგია 4 25%-ზე მეტი 3 10; 270; 009 სსიპ - აკაკი წერეთლის სახელმწიფო უნივერსიტეტი 08.08.2025 10:07; 
0090139,009,გარემოს დაცვის ინჟინერია და გამოყენებითი ეკოლოგია (ქ. ქუთაისი),მეცნიერების ბაკალავრი გარემოს ინჟინერიაში,გამოცდა კოეფიციენტი მინ. ზღვარი პრიორიტეტი ადგილების რ-ბა; ქართული ენა და ლიტერატურა 4 25%-ზე მეტი 1; უცხოური ენა (გერ.; ინგ.; რუს.; ფრან.) 4 20%-ზე მეტი 2; ,ერთ-ერთი შემდეგი სავალდებულო საგნებიდან; მათემატიკა 4 20%-ზე მეტი 3 8; გეოგრაფია 4 25%-ზე მეტი 3 10; ფიზიკა 4 25%-ზე მეტი 3 3; ქიმია 4 25%-ზე მეტი 3 4; 271; 009 სსიპ - აკაკი წერეთლის სახელმწიფო უნივერსიტეტი 08.08.2025 10:07; 
0090140,009,დიზაინი ტექსტილისა და ინტერიერისათვის (ქ. ქუთაისი),დიზაინის ბაკალავრი,გამოცდა კოეფიციენტი მინ. ზღვარი პრიორიტეტი ადგილების რ-ბა; ქართული ენა და ლიტერატურა 4 25%-ზე მეტი 1; უცხოური ენა (გერ.; ინგ.; რუს.; ფრან.) 4 20%-ზე მეტი 2; ,ერთ-ერთი შემდეგი სავალდებულო საგნებიდან; მათემატიკა 4 20%-ზე მეტი 3 3; ისტორია 4 25%-ზე მეტი 3 19; ხელოვნება 4 25%-ზე მეტი 3 3; 272; 009 სსიპ - აკაკი წერეთლის სახელმწიფო უნივერსიტეტი 08.08.2025 10:07; 
0090141,009,საკვები პროდუქტების ტექნოლოგია და უვნებლობა (ქ. ქუთაისი),სასურსათო ტექნოლოგიის ბაკალავრი,გამოცდა კოეფიციენტი მინ. ზღვარი პრიორიტეტი ადგილების რ-ბა; ქართული ენა და ლიტერატურა 4 25%-ზე მეტი 1; უცხოური ენა (გერ.; ინგ.; რუს.; ფრან.) 4 20%-ზე მეტი 2; ,ერთ-ერთი შემდეგი სავალდებულო საგნებიდან; მათემატიკა 4 20%-ზე მეტი 3 4; ისტორია 4 25%-ზე მეტი 3 24; ფიზიკა 4 25%-ზე მეტი 3 4; ქიმია 4 25%-ზე მეტი 3 4; ბიოლოგია 4 25%-ზე მეტი 3 4; 273; 009 სსიპ - აკაკი წერეთლის სახელმწიფო უნივერსიტეტი 08.08.2025 10:07; 
0090142,009,მოდის დიზაინი და ტექნოლოგია (ქ. ქუთაისი),საინჟინრო ტექნოლოგიის ბაკალავრი,გამოცდა კოეფიციენტი მინ. ზღვარი პრიორიტეტი ადგილების რ-ბა; ქართული ენა და ლიტერატურა 4 25%-ზე მეტი 1; უცხოური ენა (გერ.; ინგ.; რუს.; ფრან.) 4 20%-ზე მეტი 2; ,ერთ-ერთი შემდეგი სავალდებულო საგნებიდან; მათემატიკა 4 20%-ზე მეტი 3 3; ისტორია 4 25%-ზე მეტი 3 13; ფიზიკა 4 25%-ზე მეტი 3 2; ქიმია 4 25%-ზე მეტი 3 2; 274; 009 სსიპ - აკაკი წერეთლის სახელმწიფო უნივერსიტეტი 08.08.2025 10:07; 
0090143,009,მოდის დიზაინი (ქ. ქუთაისი),მოდის დიზაინის ბაკალავრი,გამოცდა კოეფიციენტი მინ. ზღვარი პრიორიტეტი ადგილების რ-ბა; ქართული ენა და ლიტერატურა 4 25%-ზე მეტი 1; უცხოური ენა (გერ.; ინგ.; რუს.; ფრან.) 4 20%-ზე მეტი 2; ,ერთ-ერთი შემდეგი სავალდებულო საგნებიდან; მათემატიკა 4 20%-ზე მეტი 3 3; ისტორია 4 25%-ზე მეტი 3 24; ხელოვნება 4 25%-ზე მეტი 3 3; 275; 009 სსიპ - აკაკი წერეთლის სახელმწიფო უნივერსიტეტი 08.08.2025 10:07; 
0090144,009,აგრონომია (ქ. ქუთაისი),აგრონომიის ბაკალავრი,გამოცდა კოეფიციენტი მინ. ზღვარი პრიორიტეტი ადგილების რ-ბა; ქართული ენა და ლიტერატურა 4 25%-ზე მეტი 1; უცხოური ენა (გერ.; ინგ.; რუს.; ფრან.) 4 20%-ზე მეტი 2; ,ერთ-ერთი შემდეგი სავალდებულო საგნებიდან; მათემატიკა 4 20%-ზე მეტი 3 8; ისტორია 4 25%-ზე მეტი 3 51; ქიმია 4 25%-ზე მეტი 3 8; ბიოლოგია 4 25%-ზე მეტი 3 8; 276; 009 სსიპ - აკაკი წერეთლის სახელმწიფო უნივერსიტეტი 08.08.2025 10:07; 
0090145,009,სასურსათო პროდუქტთა ტექნოლოგია და ექსპერტიზა (ქ. ქუთაისი),სასურსათო ტექნოლოგიის ბაკალავრი,გამოცდა კოეფიციენტი მინ. ზღვარი პრიორიტეტი ადგილების რ-ბა; ქართული ენა და ლიტერატურა 4 25%-ზე მეტი 1; უცხოური ენა (გერ.; ინგ.; რუს.; ფრან.) 4 20%-ზე მეტი 2; ,ერთ-ერთი შემდეგი სავალდებულო საგნებიდან; მათემატიკა 4 20%-ზე მეტი 3 6; ისტორია 4 25%-ზე მეტი 3 15; ფიზიკა 4 25%-ზე მეტი 3 3; ქიმია 4 25%-ზე მეტი 3 3; ბიოლოგია 4 25%-ზე მეტი 3 3; 277; 009 სსიპ - აკაკი წერეთლის სახელმწიფო უნივერსიტეტი 08.08.2025 10:07; 
0090146,009,ტექნიკური სისტემები და ტექნოლოგიები აგრობიზნესში (ქ. ქუთაისი),ინჟინერიის ბაკალავრი აგროინჟინერიაში,გამოცდა კოეფიციენტი მინ. ზღვარი პრიორიტეტი ადგილების რ-ბა; ქართული ენა და ლიტერატურა 4 25%-ზე მეტი 1; უცხოური ენა (გერ.; ინგ.; რუს.; ფრან.) 4 20%-ზე მეტი 2; ,ერთ-ერთი შემდეგი სავალდებულო საგნებიდან; მათემატიკა 4 20%-ზე მეტი 3 11; ქიმია 4 25%-ზე მეტი 3 2; ბიოლოგია 4 25%-ზე მეტი 3 2; 278; 009 სსიპ - აკაკი წერეთლის სახელმწიფო უნივერსიტეტი 08.08.2025 10:07; 
0090147,009,ტურიზმი (ქ. ქუთაისი),ტურიზმის ბაკალავრი,გამოცდა კოეფიციენტი მინ. ზღვარი პრიორიტეტი ადგილების რ-ბა; ქართული ენა და ლიტერატურა 4 25%-ზე მეტი 1; უცხოური ენა (გერ.; ინგ.; რუს.; ფრან.) 4 20%-ზე მეტი 2; ,ერთ-ერთი შემდეგი სავალდებულო საგნებიდან; მათემატიკა 4 20%-ზე მეტი 3 10; ისტორია 4 25%-ზე მეტი 3 80; გეოგრაფია 4 25%-ზე მეტი 3 10; 279; 009 სსიპ - აკაკი წერეთლის სახელმწიფო უნივერსიტეტი 08.08.2025 10:07; 
0090148,009,მენეჯმენტი (ქ. ფოთი),მენეჯმენტის ბაკალავრი,გამოცდა კოეფიციენტი მინ. ზღვარი პრიორიტეტი ადგილების რ-ბა; ქართული ენა და ლიტერატურა 5 25%-ზე მეტი 1; უცხოური ენა (გერ.; ინგ.; რუს.; ფრან.) 4 20%-ზე მეტი 2; ,ერთ-ერთი შემდეგი სავალდებულო საგნებიდან; მათემატიკა 3 20%-ზე მეტი 3 5; ისტორია 3 25%-ზე მეტი 3 25; 280; 009 სსიპ - აკაკი წერეთლის სახელმწიფო უნივერსიტეტი 08.08.2025 10:07; 
0090149,009,ქართულ ენაში მომზადება აზერბაიჯანულენოვანთათვის (ქ. ქუთაისი),,გამოცდა კოეფიციენტი მინ. ზღვარი პრიორიტეტი ადგილების რ-ბა; ზოგადი უნარები (აზერ) 12 30%-ზე მეტი 1; 281; 009 სსიპ - აკაკი წერეთლის სახელმწიფო უნივერსიტეტი 08.08.2025 10:07; ,
0090150,009,ქართულ ენაში მომზადება სომხურენოვანთათვის (ქ. ქუთაისი),,გამოცდა კოეფიციენტი მინ. ზღვარი პრიორიტეტი ადგილების რ-ბა; ზოგადი უნარები (სომხ) 12 30%-ზე მეტი 1; 282; 009 სსიპ - აკაკი წერეთლის სახელმწიფო უნივერსიტეტი 08.08.2025 10:07; ,
0090151,009,ქართულ ენაში მომზადება აფხაზურენოვანთათვის (ქ. ქუთაისი),,გამოცდა კოეფიციენტი მინ. ზღვარი პრიორიტეტი ადგილების რ-ბა; აფხაზური ენა 12 25%-ზე მეტი 1; 283; 009 სსიპ - აკაკი წერეთლის სახელმწიფო უნივერსიტეტი 08.08.2025 10:07; ,
0090152,009,ქართულ ენაში მომზადება ოსურენოვანთათვის (ქ. ქუთაისი),,"გამოცდა კოეფიციენტი მინ. ზღვარი პრიორიტეტი ადგილების რ-ბა; ოსური ენა 12 25%-ზე მეტი 1; 284; 009 სსიპ - აკაკი წერეთლის სახელმწიფო უნივერსიტეტი 08.08.2025 10:07; 010 სსიპ - ილიას სახელმწიფო უნივერსიტეტი; მისამართი: ქ. თბილისი, ქაქუცა ჩოლოყაშვილის გამზირი 3/5, ს.ი. 0179; ტელეფონი: (+995 32) 222 00 09 (100); ვებგვერდი: www.iliauni.edu.ge; ელ.ფოსტა: info@iliauni.edu.ge; 285; 010 სსიპ - ილიას სახელმწიფო უნივერსიტეტი 08.08.2025 10:07; ",
0100101,010,არქეოლოგია (ძირითადი და დამატებითი სპეციალობა),ჰუმანიტარული მეცნიერებების ბაკალავრი არქეოლოგიაში,გამოცდა კოეფიციენტი მინ. ზღვარი პრიორიტეტი ადგილების რ-ბა; ქართული ენა და ლიტერატურა 4 25%-ზე მეტი 2; უცხოური ენა (გერ.; ინგ.; რუს.; ფრან.) 3 20%-ზე მეტი 3; ,ერთ-ერთი შემდეგი სავალდებულო საგნებიდან; მათემატიკა 5 20%-ზე მეტი 1 7; ისტორია 5 25%-ზე მეტი 1 20; ლიტერატურა 5 25%-ზე მეტი 1 8; 286; 010 სსიპ - ილიას სახელმწიფო უნივერსიტეტი 08.08.2025 10:07; 
0100102,010,1. გამოყენებითი ხელოვნება - მხატვრული კერამიკა საჯარო სივრცეებისათვის (ძირითადი და დამატებითი სპეციალობა); 2. გრაფიკის,1. ხელოვნების ბაკალავრი მხატვრულ კერამიკაში; 2. ხელოვნების ბაკალავრი გრაფიკაში,გამოცდა კოეფიციენტი მინ. ზღვარი პრიორიტეტი ადგილების რ-ბა; ქართული ენა და ლიტერატურა 4 25%-ზე მეტი 2; უცხოური ენა (ინგ.; რუს.; გერ.; ფრან.) 3 20%-ზე მეტი 3; ,ერთ-ერთი შემდეგი სავალდებულო საგნებიდან; მათემატიკა 5 20%-ზე მეტი 1 4; ისტორია 5 25%-ზე მეტი 1 28; ხელოვნება 5 25%-ზე მეტი 1 4; 287; 010 სსიპ - ილიას სახელმწიფო უნივერსიტეტი 08.08.2025 10:07; 
0100103,010,თავისუფალი მეცნიერებები (ძირითადი და დამატებითი სპეციალობა),ჰუმანიტარული მეცნიერებების ბაკალავრი თავისუფალ მეცნიერებებში,გამოცდა კოეფიციენტი მინ. ზღვარი პრიორიტეტი ადგილების რ-ბა; ქართული ენა და ლიტერატურა 4 25%-ზე მეტი 2; უცხოური ენა (გერ.; ინგ.; რუს.; ფრან.) 3 20%-ზე მეტი 3; ,ერთ-ერთი შემდეგი სავალდებულო საგნებიდან; მათემატიკა 5 20%-ზე მეტი 1 10; ისტორია 5 25%-ზე მეტი 1 33; 288; 010 სსიპ - ილიას სახელმწიფო უნივერსიტეტი 08.08.2025 10:07; 
0100104,010,1. ისტორია (ძირითადი და დამატებითი სპეციალობა); 2. ქართული ფილოლოგია (ძირითადი და დამატებითი სპეციალობა); 3. ანგლისტიკა,1. ჰუმანიტარული მეცნიერებების ბაკალავრი ისტორიაში; 2. ჰუმანიტარული მეცნიერებების ბაკალავრი ქართულ ფილოლოგიაში; 3. ჰუმანიტარული,გამოცდა კოეფიციენტი მინ. ზღვარი პრიორიტეტი ადგილების რ-ბა; ქართული ენა და ლიტერატურა 4 25%-ზე მეტი 2; უცხოური ენა (ინგ.; რუს.; გერ.; ფრან.) 3 20%-ზე მეტი 3; ,ერთ-ერთი შემდეგი სავალდებულო საგნებიდან; ისტორია 5 25%-ზე მეტი 1 215; ლიტერატურა 5 25%-ზე მეტი 1 145; 289; 010 სსიპ - ილიას სახელმწიფო უნივერსიტეტი 08.08.2025 10:07; 
0100105,010,ისტორია (ძირითადი და დამატებითი სპეციალობა),ჰუმანიტარული მეცნიერებების ბაკალავრი ისტორიაში,გამოცდა კოეფიციენტი მინ. ზღვარი პრიორიტეტი ადგილების რ-ბა; ქართული ენა და ლიტერატურა 4 25%-ზე მეტი 2; უცხოური ენა (გერ.; ინგ.; რუს.; ფრან.) 3 20%-ზე მეტი 3; ,ერთ-ერთი შემდეგი სავალდებულო საგნებიდან; ისტორია 5 25%-ზე მეტი 1 40; ლიტერატურა 5 25%-ზე მეტი 1 20; 290; 010 სსიპ - ილიას სახელმწიფო უნივერსიტეტი 08.08.2025 10:07; 
0100106,010,კინომცოდნეობა (ძირითადი და დამატებითი სპეციალობა),კინომცოდნეობის ბაკალავრი,გამოცდა კოეფიციენტი მინ. ზღვარი პრიორიტეტი ადგილების რ-ბა; ქართული ენა და ლიტერატურა 4 25%-ზე მეტი 2; უცხოური ენა (გერ.; ინგ.; რუს.; ფრან.) 3 20%-ზე მეტი 3; ,ერთ-ერთი შემდეგი სავალდებულო საგნებიდან; ისტორია 5 25%-ზე მეტი 1 20; ლიტერატურა 5 25%-ზე მეტი 1 5; ხელოვნება 5 25%-ზე მეტი 1 5; 291; 010 სსიპ - ილიას სახელმწიფო უნივერსიტეტი 08.08.2025 10:07; 
0100107,010,1.საერთაშორისო ურთიერთობები: ევროპა და ახლო აღმოსავლეთი (ძირითადი სპეციალობა); 2.პოლიტიკის მეცნიერება (ძირითადი და,1. საერთაშორისო ურთიერთობების ბაკალავრი; 2. პოლიტიკის მეცნიერების ბაკალავრი,გამოცდა კოეფიციენტი მინ. ზღვარი პრიორიტეტი ადგილების რ-ბა; ქართული ენა და ლიტერატურა 4 25%-ზე მეტი 2; უცხოური ენა (ინგ.; რუს.; გერ.; ფრან.) 3 20%-ზე მეტი 3; ,ერთ-ერთი შემდეგი სავალდებულო საგნებიდან; მათემატიკა 5 20%-ზე მეტი 1 60; ისტორია 5 25%-ზე მეტი 1 210; გეოგრაფია 5 25%-ზე მეტი 1 50; სამოქალაქო განათლება 5 25%-ზე მეტი 1 70; 292; 010 სსიპ - ილიას სახელმწიფო უნივერსიტეტი 08.08.2025 10:07; 
0100108,010,სოციოლოგია (ძირითადი და დამატებითი სპეციალობა),სოციოლოგიის ბაკალავრი,გამოცდა კოეფიციენტი მინ. ზღვარი პრიორიტეტი ადგილების რ-ბა; ქართული ენა და ლიტერატურა 4 25%-ზე მეტი 2; უცხოური ენა (გერ.; ინგ.; რუს.; ფრან.) 3 20%-ზე მეტი 3; ,ერთ-ერთი შემდეგი სავალდებულო საგნებიდან; მათემატიკა 5 20%-ზე მეტი 1 30; ისტორია 5 25%-ზე მეტი 1 100; 293; 010 სსიპ - ილიას სახელმწიფო უნივერსიტეტი 08.08.2025 10:07; 
0100109,010,მუსიკა (ძირითადი და დამატებითი სპეციალობა),ჰუმანიტარული მეცნიერებების ბაკალავრი სამუსიკო ხელოვნებაში,გამოცდა კოეფიციენტი მინ. ზღვარი პრიორიტეტი ადგილების რ-ბა; ქართული ენა და ლიტერატურა 4 25%-ზე მეტი 2; უცხოური ენა (გერ.; ინგ.; რუს.; ფრან.) 3 20%-ზე მეტი 3; ,ერთ-ერთი შემდეგი სავალდებულო საგნებიდან; ისტორია 5 25%-ზე მეტი 1 4; ლიტერატურა 5 25%-ზე მეტი 1 1; ხელოვნება 5 25%-ზე მეტი 1 1; 294; 010 სსიპ - ილიას სახელმწიფო უნივერსიტეტი 08.08.2025 10:07; 
0100110,010,ფილოსოფია (ძირითადი და დამატებითი სპეციალობა),ფილოსოფიის ბაკალავრი,გამოცდა კოეფიციენტი მინ. ზღვარი პრიორიტეტი ადგილების რ-ბა; ქართული ენა და ლიტერატურა 4 25%-ზე მეტი 2; უცხოური ენა (გერ.; ინგ.; რუს.; ფრან.) 3 20%-ზე მეტი 3; ,ერთ-ერთი შემდეგი სავალდებულო საგნებიდან; მათემატიკა 5 20%-ზე მეტი 1 3; ისტორია 5 25%-ზე მეტი 1 9; ლიტერატურა 5 25%-ზე მეტი 1 8; 295; 010 სსიპ - ილიას სახელმწიფო უნივერსიტეტი 08.08.2025 10:07; 
0100111,010,ფსიქოლოგია (ძირითადი და დამატებითი სპეციალობა),ფსიქოლოგიის ბაკალავრი,გამოცდა კოეფიციენტი მინ. ზღვარი პრიორიტეტი ადგილების რ-ბა; ქართული ენა და ლიტერატურა 4 25%-ზე მეტი 2; უცხოური ენა (გერ.; ინგ.; რუს.; ფრან.) 3 20%-ზე მეტი 3; ,ერთ-ერთი შემდეგი სავალდებულო საგნებიდან; მათემატიკა 5 20%-ზე მეტი 1 90; ისტორია 5 25%-ზე მეტი 1 50; ბიოლოგია 5 25%-ზე მეტი 1 210; 296; 010 სსიპ - ილიას სახელმწიფო უნივერსიტეტი 08.08.2025 10:07; 
0100112,010,ქართული ფილოლოგია (ძირითადი და დამატებითი სპეციალობა),ჰუმანიტარული მეცნიერებების ბაკალავრი ქართულ ფილოლოგიაში,გამოცდა კოეფიციენტი მინ. ზღვარი პრიორიტეტი ადგილების რ-ბა; ქართული ენა და ლიტერატურა 4 25%-ზე მეტი 2; უცხოური ენა (გერ.; ინგ.; რუს.; ფრან.) 3 20%-ზე მეტი 3; ,ერთ-ერთი შემდეგი სავალდებულო საგნებიდან; ისტორია 5 25%-ზე მეტი 1 30; ლიტერატურა 5 25%-ზე მეტი 1 30; 297; 010 სსიპ - ილიას სახელმწიფო უნივერსიტეტი 08.08.2025 10:07; 
0100113,010,ხელოვნებათმცოდნეობა (ძირითადი და დამატებითი სპეციალობა),ხელოვნების ისტორიისა და თეორიის ბაკალავრი,გამოცდა კოეფიციენტი მინ. ზღვარი პრიორიტეტი ადგილების რ-ბა; ქართული ენა და ლიტერატურა 4 25%-ზე მეტი 2; უცხოური ენა (გერ.; ინგ.; რუს.; ფრან.) 3 20%-ზე მეტი 3; ,ერთ-ერთი შემდეგი სავალდებულო საგნებიდან; ისტორია 5 25%-ზე მეტი 1 20; ლიტერატურა 5 25%-ზე მეტი 1 5; ხელოვნება 5 25%-ზე მეტი 1 5; 298; 010 სსიპ - ილიას სახელმწიფო უნივერსიტეტი 08.08.2025 10:07; 
0100114,010,"ადრეული ბავშვობა, განვითარება და განათლება",სკოლამდელი განათლების ბაკალავრი,გამოცდა კოეფიციენტი მინ. ზღვარი პრიორიტეტი ადგილების რ-ბა; ქართული ენა და ლიტერატურა 4 25%-ზე მეტი 2; უცხოური ენა (ინგ.; რუს.; გერ.; ფრა.) 3 20%-ზე მეტი 3; ,ერთ-ერთი შემდეგი სავალდებულო საგნებიდან; მათემატიკა 5 20%-ზე მეტი 1 10; ისტორია 5 25%-ზე მეტი 1 15; 299; 010 სსიპ - ილიას სახელმწიფო უნივერსიტეტი 08.08.2025 10:07; 
0100115,010,დაწყებითი საფეხურის მასწავლებლის განათლების (I-VI კლასები) ინტეგრირებული საბაკალავრო-სამაგისტრო საგანმანათლებლო პროგრამა,განათლების მაგისტრი,გამოცდა კოეფიციენტი მინ. ზღვარი პრიორიტეტი ადგილების რ-ბა; ქართული ენა და ლიტერატურა 4 35%-ზე მეტი 1; უცხოური ენა (ინგ.; რუს.; გერ.; ფრა.) 4 30%-ზე მეტი 3; ,ერთ-ერთი შემდეგი სავალდებულო საგნებიდან; მათემატიკა 4 30%-ზე მეტი 2 25; ისტორია 4 35%-ზე მეტი 2 25; 300; 010 სსიპ - ილიას სახელმწიფო უნივერსიტეტი 08.08.2025 10:07; 
0100116,010,არქიტექტურა (ძირითადი სპეციალობა),არქიტექტურის ბაკალავრი,გამოცდა კოეფიციენტი მინ. ზღვარი პრიორიტეტი ადგილების რ-ბა; ქართული ენა და ლიტერატურა 1 25%-ზე მეტი 3; უცხოური ენა (გერ.; ინგ.; რუს.; ფრან.) 5 40%-ზე მეტი 2; ,ერთ-ერთი შემდეგი სავალდებულო საგნებიდან; მათემატიკა 6 40%-ზე მეტი 1 25; ფიზიკა 6 40%-ზე მეტი 1 25; 301; 010 სსიპ - ილიას სახელმწიფო უნივერსიტეტი 08.08.2025 10:07; 
0100117,010,ელექტრული და ელექტრონული ინჟინერია (ძირითადი სპეციალობა) (ინგლისურენოვანი),მეცნიერების ბაკალავრი ელექტრულ და ელექტრონულ ინჟინერიაში,გამოცდა კოეფიციენტი მინ. ზღვარი პრიორიტეტი ადგილების რ-ბა; ქართული ენა და ლიტერატურა 2 25%-ზე მეტი 3; უცხოური ენა (ინგ.) 4 70%-ზე მეტი 2; ,ერთ-ერთი შემდეგი სავალდებულო საგნებიდან; მათემატიკა 6 40%-ზე მეტი 1 12; ფიზიკა 6 40%-ზე მეტი 1 3; 302; 010 სსიპ - ილიას სახელმწიფო უნივერსიტეტი 08.08.2025 10:07; 
0100118,010,კომპიუტერული ინჟინერია (საერთაშორისო) (ინგლისურენოვანი),კომპიუტერული ინჟინერიის ბაკალავრი,გამოცდა კოეფიციენტი მინ. ზღვარი პრიორიტეტი ადგილების რ-ბა; ქართული ენა და ლიტერატურა 1 25%-ზე მეტი 3; უცხოური ენა (ინგ.) 5 70%-ზე მეტი 2; ,ერთ-ერთი შემდეგი სავალდებულო საგნებიდან; მათემატიკა 6 40%-ზე მეტი 1 10; ფიზიკა 6 40%-ზე მეტი 1 5; 303; 010 სსიპ - ილიას სახელმწიფო უნივერსიტეტი 08.08.2025 10:07; 
0100119,010,კომპიუტერული ინჟინერია (ძირითადი სპეციალობა),კომპიუტერული ინჟინერიის ბაკალავრი,გამოცდა კოეფიციენტი მინ. ზღვარი პრიორიტეტი ადგილების რ-ბა; ქართული ენა და ლიტერატურა 1 25%-ზე მეტი 3; უცხოური ენა (ინგ.) 5 30%-ზე მეტი 2; ,ერთ-ერთი შემდეგი სავალდებულო საგნებიდან; მათემატიკა 6 30%-ზე მეტი 1 25; ფიზიკა 6 30%-ზე მეტი 1 10; 304; 010 სსიპ - ილიას სახელმწიფო უნივერსიტეტი 08.08.2025 10:07; 
0100120,010,კომპიუტერული მეცნიერება (ძირითადი სპეციალობა) (ინგლისურენოვანი),კომპიუტერული მეცნიერების ბაკალავრი,გამოცდა კოეფიციენტი მინ. ზღვარი პრიორიტეტი ადგილების რ-ბა; ქართული ენა და ლიტერატურა 1 25%-ზე მეტი 3; უცხოური ენა (ინგ.) 5 70%-ზე მეტი 2; ,ერთ-ერთი შემდეგი სავალდებულო საგნებიდან; მათემატიკა 6 40%-ზე მეტი 1 40; ფიზიკა 6 40%-ზე მეტი 1 5; 305; 010 სსიპ - ილიას სახელმწიფო უნივერსიტეტი 08.08.2025 10:07; 
0100121,010,მათემატიკა (ძირითადი და დამატებითი სპეციალობა),მათემატიკის ბაკალავრი,გამოცდა კოეფიციენტი მინ. ზღვარი პრიორიტეტი ადგილების რ-ბა; ქართული ენა და ლიტერატურა 3 25%-ზე მეტი 2; უცხოური ენა (გერ.; ინგ.; რუს.; ფრან.) 3 20%-ზე მეტი 3; ,ერთ-ერთი შემდეგი სავალდებულო საგნებიდან; მათემატიკა 6 20%-ზე მეტი 1 45; ფიზიკა 6 25%-ზე მეტი 1 5; 306; 010 სსიპ - ილიას სახელმწიფო უნივერსიტეტი 08.08.2025 10:07; 
0100122,010,სამოქალაქო ინჟინერია (ძირითადი სპეციალობა),სამოქალაქო ინჟინერიის ბაკალავრი,გამოცდა კოეფიციენტი მინ. ზღვარი პრიორიტეტი ადგილების რ-ბა; ქართული ენა და ლიტერატურა 3 25%-ზე მეტი 3; უცხოური ენა (ინგ.) 4 40%-ზე მეტი 2; ,ერთ-ერთი შემდეგი სავალდებულო საგნებიდან; მათემატიკა 5 40%-ზე მეტი 1 20; ფიზიკა 5 40%-ზე მეტი 1 15; 307; 010 სსიპ - ილიას სახელმწიფო უნივერსიტეტი 08.08.2025 10:07; 
0100123,010,სამოქალაქო ინჟინერია (ძირითადი სპეციალობა) (ინგლისურენოვანი),სამოქალაქო ინჟინერიის ბაკალავრი,გამოცდა კოეფიციენტი მინ. ზღვარი პრიორიტეტი ადგილების რ-ბა; ქართული ენა და ლიტერატურა 3 25%-ზე მეტი 3; უცხოური ენა (ინგ.) 4 70%-ზე მეტი 2; ,ერთ-ერთი შემდეგი სავალდებულო საგნებიდან; მათემატიკა 5 40%-ზე მეტი 1 8; ფიზიკა 5 40%-ზე მეტი 1 7; 308; 010 სსიპ - ილიას სახელმწიფო უნივერსიტეტი 08.08.2025 10:07; 
0100124,010,მენეჯმენტი (ინგლისურენოვანი) (180 კრედიტი),ბიზნესის ადმინისტრირების ბაკალავრი მენეჯმენტში,გამოცდა კოეფიციენტი მინ. ზღვარი პრიორიტეტი ადგილების რ-ბა; ქართული ენა და ლიტერატურა 3 25%-ზე მეტი 3; უცხოური ენა (ინგ.) 3 70%-ზე მეტი 2; ,ერთ-ერთი შემდეგი სავალდებულო საგნებიდან; მათემატიკა 6 20%-ზე მეტი 1 15; ისტორია 6 25%-ზე მეტი 1 15; 309; 010 სსიპ - ილიას სახელმწიფო უნივერსიტეტი 08.08.2025 10:07; 
0100125,010,მენეჯმენტი (180 კრედიტი),ბიზნესის ადმინისტრირების ბაკალავრი მენეჯმენტში,გამოცდა კოეფიციენტი მინ. ზღვარი პრიორიტეტი ადგილების რ-ბა; ქართული ენა და ლიტერატურა 3 25%-ზე მეტი 2; უცხოური ენა (გერ.; ინგ.; რუს.; ფრან.) 3 20%-ზე მეტი 3; ,ერთ-ერთი შემდეგი სავალდებულო საგნებიდან; მათემატიკა 6 20%-ზე მეტი 1 205; ისტორია 6 25%-ზე მეტი 1 205; 310; 010 სსიპ - ილიას სახელმწიფო უნივერსიტეტი 08.08.2025 10:07; 
0100126,010,მენეჯმენტი (ძირითადი სპეციალობა),ბიზნესის ადმინისტრირების ბაკალავრი მენეჯმენტში,გამოცდა კოეფიციენტი მინ. ზღვარი პრიორიტეტი ადგილების რ-ბა; ქართული ენა და ლიტერატურა 3 25%-ზე მეტი 2; უცხოური ენა (გერ.; ინგ.; რუს.; ფრან.) 3 20%-ზე მეტი 3; ,ერთ-ერთი შემდეგი სავალდებულო საგნებიდან; მათემატიკა 6 20%-ზე მეტი 1 205; ისტორია 6 25%-ზე მეტი 1 205; 311; 010 სსიპ - ილიას სახელმწიფო უნივერსიტეტი 08.08.2025 10:07; 
0100127,010,მენეჯმენტი (ძირითადი სპეციალობა) (ინგლისურენოვანი),ბიზნესის ადმინისტრირების ბაკალავრი მენეჯმენტში,გამოცდა კოეფიციენტი მინ. ზღვარი პრიორიტეტი ადგილების რ-ბა; ქართული ენა და ლიტერატურა 3 25%-ზე მეტი 3; უცხოური ენა (ინგ.) 3 20%-ზე მეტი 2; ,ერთ-ერთი შემდეგი სავალდებულო საგნებიდან; მათემატიკა 6 20%-ზე მეტი 1 15; ისტორია 6 25%-ზე მეტი 1 15; 312; 010 სსიპ - ილიას სახელმწიფო უნივერსიტეტი 08.08.2025 10:07; 
0100128,010,ფინანსები (180 კრედიტი),ბიზნესის ადმინისტრირების ბაკალავრი ფინანსებში,გამოცდა კოეფიციენტი მინ. ზღვარი პრიორიტეტი ადგილების რ-ბა; ქართული ენა და ლიტერატურა 3 25%-ზე მეტი 2; უცხოური ენა (გერ.; ინგ.; რუს.; ფრან.) 3 20%-ზე მეტი 3; მათემატიკა 6 20%-ზე მეტი 1; 313; 010 სსიპ - ილიას სახელმწიფო უნივერსიტეტი 08.08.2025 10:07; ,
0100129,010,ფინანსები (ძირითადი სპეციალობა),ბიზნესის ადმინისტრირების ბაკალავრი ფინანსებში,გამოცდა კოეფიციენტი მინ. ზღვარი პრიორიტეტი ადგილების რ-ბა; ქართული ენა და ლიტერატურა 3 25%-ზე მეტი 2; უცხოური ენა (გერ.; ინგ.; რუს.; ფრან.) 3 20%-ზე მეტი 3; მათემატიკა 6 20%-ზე მეტი 1; 314; 010 სსიპ - ილიას სახელმწიფო უნივერსიტეტი 08.08.2025 10:07; ,
0100130,010,ტურიზმი (ძირითადი სპეციალობა),ტურიზმის ბაკალავრი,გამოცდა კოეფიციენტი მინ. ზღვარი პრიორიტეტი ადგილების რ-ბა; ქართული ენა და ლიტერატურა 3 25%-ზე მეტი 2; უცხოური ენა (გერ.; ინგ.; რუს.; ფრან.) 3 20%-ზე მეტი 3; ,ერთ-ერთი შემდეგი სავალდებულო საგნებიდან; მათემატიკა 6 20%-ზე მეტი 1 80; ისტორია 6 25%-ზე მეტი 1 80; გეოგრაფია 6 25%-ზე მეტი 1 100; 315; 010 სსიპ - ილიას სახელმწიფო უნივერსიტეტი 08.08.2025 10:07; 
0100131,010,სამართალი,სამართლის ბაკალავრი,გამოცდა კოეფიციენტი მინ. ზღვარი პრიორიტეტი ადგილების რ-ბა; ქართული ენა და ლიტერატურა 4 25%-ზე მეტი 2; უცხოური ენა (გერ.; ინგ.; რუს.; ფრან.) 3 20%-ზე მეტი 3; ,ერთ-ერთი შემდეგი სავალდებულო საგნებიდან; მათემატიკა 5 20%-ზე მეტი 1 50; ისტორია 5 25%-ზე მეტი 1 240; სამოქალაქო განათლება 5 25%-ზე მეტი 1 60; 316; 010 სსიპ - ილიას სახელმწიფო უნივერსიტეტი 08.08.2025 10:07; 
0100132,010,ბიოლოგია (ძირითადი და დამატებითი სპეციალობა),ბიოლოგიის ბაკალავრი,გამოცდა კოეფიციენტი მინ. ზღვარი პრიორიტეტი ადგილების რ-ბა; ქართული ენა და ლიტერატურა 3 25%-ზე მეტი 3; უცხოური ენა (გერ.; ინგ.; რუს.; ფრან.) 3 20%-ზე მეტი 2; ,ერთ-ერთი შემდეგი სავალდებულო საგნებიდან; მათემატიკა 6 20%-ზე მეტი 1 10; ქიმია 6 25%-ზე მეტი 1 5; ბიოლოგია 6 25%-ზე მეტი 1 35; 317; 010 სსიპ - ილიას სახელმწიფო უნივერსიტეტი 08.08.2025 10:07; 
0100133,010,დედამიწის შემსწავლელი მეცნიერებები (ძირითადი და დამატებითი სპეციალობა),დედამიწის შემსწავლელი მეცნიერებების ბაკალავრი,გამოცდა კოეფიციენტი მინ. ზღვარი პრიორიტეტი ადგილების რ-ბა; ქართული ენა და ლიტერატურა 3 25%-ზე მეტი 3; უცხოური ენა (გერ.; ინგ.; რუს.; ფრან.) 3 20%-ზე მეტი 2; ,ერთ-ერთი შემდეგი სავალდებულო საგნებიდან; მათემატიკა 6 20%-ზე მეტი 1 10; ისტორია 6 25%-ზე მეტი 1 8; გეოგრაფია 6 25%-ზე მეტი 1 15; ფიზიკა 6 25%-ზე მეტი 1 5; ქიმია 6 25%-ზე მეტი 1 5; 318; 010 სსიპ - ილიას სახელმწიფო უნივერსიტეტი 08.08.2025 10:07; 
0100134,010,ეკოლოგია (ძირითადი და დამატებითი სპეციალობა),ეკოლოგიის ბაკალავრი,გამოცდა კოეფიციენტი მინ. ზღვარი პრიორიტეტი ადგილების რ-ბა; ქართული ენა და ლიტერატურა 3 25%-ზე მეტი 3; უცხოური ენა (გერ.; ინგ.; რუს.; ფრან.) 3 20%-ზე მეტი 2; ,ერთ-ერთი შემდეგი სავალდებულო საგნებიდან; მათემატიკა 6 20%-ზე მეტი 1 5; ისტორია 6 25%-ზე მეტი 1 5; გეოგრაფია 6 25%-ზე მეტი 1 8; ფიზიკა 6 25%-ზე მეტი 1 5; ქიმია 6 25%-ზე მეტი 1 7; ბიოლოგია 6 25%-ზე მეტი 1 20; 319; 010 სსიპ - ილიას სახელმწიფო უნივერსიტეტი 08.08.2025 10:07; 
0100135,010,მედიცინა (ინგლისურენოვანი),დიპლომირებული მედიკოსი,გამოცდა კოეფიციენტი მინ. ზღვარი პრიორიტეტი ადგილების რ-ბა; ქართული ენა და ლიტერატურა 1 25%-ზე მეტი 4; უცხოური ენა (ინგ.) 2 70%-ზე მეტი 3; ბიოლოგია 6 70%-ზე მეტი 1; ,ერთ-ერთი შემდეგი სავალდებულო საგნებიდან; მათემატიკა 3 20%-ზე მეტი 2 4; ფიზიკა 3 25%-ზე მეტი 2 4; ქიმია 3 25%-ზე მეტი 2 4; 320; 010 სსიპ - ილიას სახელმწიფო უნივერსიტეტი 08.08.2025 10:07; 
0100136,010,ფიზიკა (ძირითადი და დამატებითი სპეციალობა),ფიზიკის ბაკალავრი,გამოცდა კოეფიციენტი მინ. ზღვარი პრიორიტეტი ადგილების რ-ბა; ქართული ენა და ლიტერატურა 3 25%-ზე მეტი 3; უცხოური ენა (გერ.; ინგ.; რუს.; ფრან.) 3 20%-ზე მეტი 2; ,ერთ-ერთი შემდეგი სავალდებულო საგნებიდან; მათემატიკა 6 20%-ზე მეტი 1 8; ფიზიკა 6 25%-ზე მეტი 1 7; 321; 010 სსიპ - ილიას სახელმწიფო უნივერსიტეტი 08.08.2025 10:07; 
0100137,010,"ქართულის, როგორც მეორე ენისა და ინტეგრაციის პროგრამა აზერბაიჯანულენოვანთათვის",,გამოცდა კოეფიციენტი მინ. ზღვარი პრიორიტეტი ადგილების რ-ბა; ზოგადი უნარები (აზერ) 12 30%-ზე მეტი 1; 322; 010 სსიპ - ილიას სახელმწიფო უნივერსიტეტი 08.08.2025 10:07; ,
0100138,010,"ქართულის, როგორც მეორე ენისა და ინტეგრაციის პროგრამა აფხაზურენოვანთათვის",,გამოცდა კოეფიციენტი მინ. ზღვარი პრიორიტეტი ადგილების რ-ბა; აფხაზური ენა 12 25%-ზე მეტი 1; 323; 010 სსიპ - ილიას სახელმწიფო უნივერსიტეტი 08.08.2025 10:07; ,
0100139,010,"ქართულის, როგორც მეორე ენისა და ინტეგრაციის პროგრამა ოსურენოვანთათვის",,გამოცდა კოეფიციენტი მინ. ზღვარი პრიორიტეტი ადგილების რ-ბა; ოსური ენა 12 25%-ზე მეტი 1; 324; 010 სსიპ - ილიას სახელმწიფო უნივერსიტეტი 08.08.2025 10:07; ,
0100140,010,"ქართულის, როგორც მეორე ენისა და ინტეგრაციის პროგრამა სომხურენოვანთათვის",,"გამოცდა კოეფიციენტი მინ. ზღვარი პრიორიტეტი ადგილების რ-ბა; ზოგადი უნარები (სომხ) 12 30%-ზე მეტი 1; 325; 010 სსიპ - ილიას სახელმწიფო უნივერსიტეტი 08.08.2025 10:07; 012 სსიპ - სოხუმის სახელმწიფო უნივერსიტეტი; მისამართი: ქ. თბილისი, 0186, პოლიტკოვსკაიას 61; ტელეფონი: 2541405; ვებგვერდი: www.sou.edu.ge; ელ.ფოსტა: info@sou.edu.ge; 326; 012 სსიპ - სოხუმის სახელმწიფო უნივერსიტეტი 08.08.2025 10:07; ",
0120101,012,მათემატიკა,მათემატიკის ბაკალავრი,გამოცდა კოეფიციენტი მინ. ზღვარი პრიორიტეტი ადგილების რ-ბა; ქართული ენა და ლიტერატურა 4 25%-ზე მეტი 1; უცხოური ენა (გერ.; ინგ.; რუს.; ფრან.) 4 20%-ზე მეტი 3; ,ერთ-ერთი შემდეგი სავალდებულო საგნებიდან; მათემატიკა 4 20%-ზე მეტი 2 18; ფიზიკა 4 25%-ზე მეტი 2 2; 327; 012 სსიპ - სოხუმის სახელმწიფო უნივერსიტეტი 08.08.2025 10:07; 
0120102,012,კომპიუტერული ტექნოლოგიები,ინფორმატიკის ბაკალავრი,გამოცდა კოეფიციენტი მინ. ზღვარი პრიორიტეტი ადგილების რ-ბა; ქართული ენა და ლიტერატურა 4 25%-ზე მეტი 1; უცხოური ენა (გერ.; ინგ.; რუს.; ფრან.) 4 20%-ზე მეტი 3; ,ერთ-ერთი შემდეგი სავალდებულო საგნებიდან; მათემატიკა 4 20%-ზე მეტი 2 54; ფიზიკა 4 25%-ზე მეტი 2 6; 328; 012 სსიპ - სოხუმის სახელმწიფო უნივერსიტეტი 08.08.2025 10:07; 
0120103,012,ქიმია,ქიმიის ბაკალავრი,გამოცდა კოეფიციენტი მინ. ზღვარი პრიორიტეტი ადგილების რ-ბა; ქართული ენა და ლიტერატურა 4 25%-ზე მეტი 1; უცხოური ენა (გერ.; ინგ.; რუს.; ფრან.) 4 20%-ზე მეტი 3; ,ერთ-ერთი შემდეგი სავალდებულო საგნებიდან; მათემატიკა 4 20%-ზე მეტი 2 1; ქიმია 4 25%-ზე მეტი 2 8; ბიოლოგია 4 25%-ზე მეტი 2 1; 329; 012 სსიპ - სოხუმის სახელმწიფო უნივერსიტეტი 08.08.2025 10:07; 
0120104,012,ბიოლოგია,ბიოლოგიის ბაკალავრი,გამოცდა კოეფიციენტი მინ. ზღვარი პრიორიტეტი ადგილების რ-ბა; ქართული ენა და ლიტერატურა 4 25%-ზე მეტი 1; უცხოური ენა (გერ.; ინგ.; რუს.; ფრან.) 4 20%-ზე მეტი 3; ,ერთ-ერთი შემდეგი სავალდებულო საგნებიდან; მათემატიკა 4 20%-ზე მეტი 2 4; ქიმია 4 25%-ზე მეტი 2 4; ბიოლოგია 4 25%-ზე მეტი 2 17; 330; 012 სსიპ - სოხუმის სახელმწიფო უნივერსიტეტი 08.08.2025 10:07; 
0120105,012,ფიზიკა,ფიზიკის ბაკალავრი,გამოცდა კოეფიციენტი მინ. ზღვარი პრიორიტეტი ადგილების რ-ბა; ქართული ენა და ლიტერატურა 4 25%-ზე მეტი 1; უცხოური ენა (გერ.; ინგ.; რუს.; ფრან.) 4 20%-ზე მეტი 3; ,ერთ-ერთი შემდეგი სავალდებულო საგნებიდან; მათემატიკა 4 20%-ზე მეტი 2 4; ფიზიკა 4 25%-ზე მეტი 2 6; 331; 012 სსიპ - სოხუმის სახელმწიფო უნივერსიტეტი 08.08.2025 10:07; 
0120106,012,ფარმაცია,ფარმაციის ბაკალავრი,გამოცდა კოეფიციენტი მინ. ზღვარი პრიორიტეტი ადგილების რ-ბა; ქართული ენა და ლიტერატურა 3 25%-ზე მეტი 1; უცხოური ენა (გერ.; ინგ.; რუს.; ფრან.) 3 20%-ზე მეტი 3; ბიოლოგია 3 25%-ზე მეტი 2; ,ერთ-ერთი შემდეგი სავალდებულო საგნებიდან; მათემატიკა 3 20%-ზე მეტი 4 5; ფიზიკა 3 25%-ზე მეტი 4 5; ქიმია 3 25%-ზე მეტი 4 5; 332; 012 სსიპ - სოხუმის სახელმწიფო უნივერსიტეტი 08.08.2025 10:07; 
0120107,012,ეკოლოგია,ეკოლოგიის ბაკალავრი,გამოცდა კოეფიციენტი მინ. ზღვარი პრიორიტეტი ადგილების რ-ბა; ქართული ენა და ლიტერატურა 4 25%-ზე მეტი 1; უცხოური ენა (ინგ.; რუს.; გერ.; ფრა.) 4 20%-ზე მეტი 3; ,ერთ-ერთი შემდეგი სავალდებულო საგნებიდან; მათემატიკა 4 20%-ზე მეტი 2 2; ისტორია 4 25%-ზე მეტი 2 4; გეოგრაფია 4 25%-ზე მეტი 2 4; ფიზიკა 4 25%-ზე მეტი 2 2; ქიმია 4 25%-ზე მეტი 2 2; ბიოლოგია 4 25%-ზე მეტი 2 6; 333; 012 სსიპ - სოხუმის სახელმწიფო უნივერსიტეტი 08.08.2025 10:07; 
0120108,012,გეოგრაფია,გეოგრაფიის ბაკალავრი,გამოცდა კოეფიციენტი მინ. ზღვარი პრიორიტეტი ადგილების რ-ბა; ქართული ენა და ლიტერატურა 4 25%-ზე მეტი 1; უცხოური ენა (გერ.; ინგ.; რუს.; ფრან.) 4 20%-ზე მეტი 3; ,ერთ-ერთი შემდეგი სავალდებულო საგნებიდან; მათემატიკა 4 20%-ზე მეტი 2 3; ისტორია 4 25%-ზე მეტი 2 3; გეოგრაფია 4 25%-ზე მეტი 2 14; 334; 012 სსიპ - სოხუმის სახელმწიფო უნივერსიტეტი 08.08.2025 10:07; 
0120109,012,ბიოსამედიცინო ინჟინერია,ბიოსამედიცინო ინჟინერიის ბაკალავრი,გამოცდა კოეფიციენტი მინ. ზღვარი პრიორიტეტი ადგილების რ-ბა; ქართული ენა და ლიტერატურა 4 25%-ზე მეტი 1; უცხოური ენა (გერ.; ინგ.; რუს.; ფრან.) 4 20%-ზე მეტი 3; ,ერთ-ერთი შემდეგი სავალდებულო საგნებიდან; მათემატიკა 4 20%-ზე მეტი 2 4; ფიზიკა 4 25%-ზე მეტი 2 4; ბიოლოგია 4 25%-ზე მეტი 2 2; 335; 012 სსიპ - სოხუმის სახელმწიფო უნივერსიტეტი 08.08.2025 10:07; 
0120110,012,ქართული ფილოლოგია,ქართული ფილოლოგიის ბაკალავრი,გამოცდა კოეფიციენტი მინ. ზღვარი პრიორიტეტი ადგილების რ-ბა; ქართული ენა და ლიტერატურა 4 25%-ზე მეტი 1; უცხოური ენა (გერ.; ინგ.; რუს.; ფრან.) 4 20%-ზე მეტი 3; ,ერთ-ერთი შემდეგი სავალდებულო საგნებიდან; ისტორია 4 25%-ზე მეტი 2 28; ლიტერატურა 4 25%-ზე მეტი 2 32; 336; 012 სსიპ - სოხუმის სახელმწიფო უნივერსიტეტი 08.08.2025 10:07; 
0120111,012,არქეოლოგია,არქეოლოგიის ბაკალავრი,გამოცდა კოეფიციენტი მინ. ზღვარი პრიორიტეტი ადგილების რ-ბა; ქართული ენა და ლიტერატურა 4 25%-ზე მეტი 1; უცხოური ენა (გერ.; ინგ.; რუს.; ფრან.) 4 20%-ზე მეტი 3; ,ერთ-ერთი შემდეგი სავალდებულო საგნებიდან; მათემატიკა 4 20%-ზე მეტი 2 8; ისტორია 4 25%-ზე მეტი 2 16; ლიტერატურა 4 25%-ზე მეტი 2 16; 337; 012 სსიპ - სოხუმის სახელმწიფო უნივერსიტეტი 08.08.2025 10:07; 
0120112,012,ისტორია,ისტორიის ბაკალავრი,გამოცდა კოეფიციენტი მინ. ზღვარი პრიორიტეტი ადგილების რ-ბა; ქართული ენა და ლიტერატურა 4 25%-ზე მეტი 1; უცხოური ენა (გერ.; ინგ.; რუს.; ფრან.) 4 20%-ზე მეტი 3; ,ერთ-ერთი შემდეგი სავალდებულო საგნებიდან; ისტორია 4 25%-ზე მეტი 2 45; ლიტერატურა 4 25%-ზე მეტი 2 10; 338; 012 სსიპ - სოხუმის სახელმწიფო უნივერსიტეტი 08.08.2025 10:07; 
0120113,012,ინგლისური ფილოლოგია,ინგლისური ფილოლოგიის ბაკალავრი,გამოცდა კოეფიციენტი მინ. ზღვარი პრიორიტეტი ადგილების რ-ბა; ქართული ენა და ლიტერატურა 4 25%-ზე მეტი 1; უცხოური ენა (ინგ.) 4 20%-ზე მეტი 2; ,ერთ-ერთი შემდეგი სავალდებულო საგნებიდან; ისტორია 4 25%-ზე მეტი 3 30; ლიტერატურა 4 25%-ზე მეტი 3 30; 339; 012 სსიპ - სოხუმის სახელმწიფო უნივერსიტეტი 08.08.2025 10:07; 
0120114,012,აფხაზური ფილოლოგია,აფხაზური ფილოლოგიის ბაკალავრი,გამოცდა კოეფიციენტი მინ. ზღვარი პრიორიტეტი ადგილების რ-ბა; ქართული ენა და ლიტერატურა 4 25%-ზე მეტი 1; უცხოური ენა (გერ.; ინგ.; რუს.; ფრან.) 4 20%-ზე მეტი 3; ,ერთ-ერთი შემდეგი სავალდებულო საგნებიდან; ისტორია 4 25%-ზე მეტი 2 3; ლიტერატურა 4 25%-ზე მეტი 2 2; 340; 012 სსიპ - სოხუმის სახელმწიფო უნივერსიტეტი 08.08.2025 10:07; 
0120115,012,გერმანული ფილოლოგია,გერმანული ფილოლოგიის ბაკალავრი,გამოცდა კოეფიციენტი მინ. ზღვარი პრიორიტეტი ადგილების რ-ბა; ქართული ენა და ლიტერატურა 4 25%-ზე მეტი 1; უცხოური ენა (გერ.) 4 20%-ზე მეტი 3; ,ერთ-ერთი შემდეგი სავალდებულო საგნებიდან; ისტორია 4 25%-ზე მეტი 2 4; ლიტერატურა 4 25%-ზე მეტი 2 6; 341; 012 სსიპ - სოხუმის სახელმწიფო უნივერსიტეტი 08.08.2025 10:07; 
0120116,012,რუსული ფილოლოგია,რუსული ფილოლოგიის ბაკალავრი,გამოცდა კოეფიციენტი მინ. ზღვარი პრიორიტეტი ადგილების რ-ბა; ქართული ენა და ლიტერატურა 4 25%-ზე მეტი 1; უცხოური ენა (რუს.) 4 20%-ზე მეტი 2; ,ერთ-ერთი შემდეგი სავალდებულო საგნებიდან; ისტორია 4 25%-ზე მეტი 3 4; ლიტერატურა 4 25%-ზე მეტი 3 6; 342; 012 სსიპ - სოხუმის სახელმწიფო უნივერსიტეტი 08.08.2025 10:07; 
0120117,012,ეკონომიკა,ეკონომიკის ბაკალავრი,გამოცდა კოეფიციენტი მინ. ზღვარი პრიორიტეტი ადგილების რ-ბა; ქართული ენა და ლიტერატურა 4 25%-ზე მეტი 1; უცხოური ენა (გერ.; ინგ.; რუს.; ფრან.) 4 20%-ზე მეტი 3; მათემატიკა 4 20%-ზე მეტი 2; 343; 012 სსიპ - სოხუმის სახელმწიფო უნივერსიტეტი 08.08.2025 10:07; ,
0120118,012,ბიზნესის ადმინისტრირება,ბიზნესის ადმინისტრირების ბაკალავრი,გამოცდა კოეფიციენტი მინ. ზღვარი პრიორიტეტი ადგილების რ-ბა; ქართული ენა და ლიტერატურა 4 25%-ზე მეტი 1; უცხოური ენა (გერ.; ინგ.; რუს.; ფრან.) 4 20%-ზე მეტი 3; ,ერთ-ერთი შემდეგი სავალდებულო საგნებიდან; მათემატიკა 4 20%-ზე მეტი 2 20; ისტორია 4 25%-ზე მეტი 2 30; 344; 012 სსიპ - სოხუმის სახელმწიფო უნივერსიტეტი 08.08.2025 10:07; 
0120119,012,სოციოლოგია,სოციოლოგიის ბაკალავრი,გამოცდა კოეფიციენტი მინ. ზღვარი პრიორიტეტი ადგილების რ-ბა; ქართული ენა და ლიტერატურა 4 25%-ზე მეტი 1; უცხოური ენა (გერ.; ინგ.; რუს.; ფრან.) 4 20%-ზე მეტი 3; ,ერთ-ერთი შემდეგი სავალდებულო საგნებიდან; მათემატიკა 4 20%-ზე მეტი 2 5; ისტორია 4 25%-ზე მეტი 2 25; 345; 012 სსიპ - სოხუმის სახელმწიფო უნივერსიტეტი 08.08.2025 10:07; 
0120120,012,ფსიქოლოგია,ფსიქოლოგიის ბაკალავრი,გამოცდა კოეფიციენტი მინ. ზღვარი პრიორიტეტი ადგილების რ-ბა; ქართული ენა და ლიტერატურა 4 25%-ზე მეტი 1; უცხოური ენა (გერ.; ინგ.; რუს.; ფრან.) 4 20%-ზე მეტი 3; ,ერთ-ერთი შემდეგი სავალდებულო საგნებიდან; მათემატიკა 4 20%-ზე მეტი 2 6; ისტორია 4 25%-ზე მეტი 2 28; ბიოლოგია 4 25%-ზე მეტი 2 6; 346; 012 სსიპ - სოხუმის სახელმწიფო უნივერსიტეტი 08.08.2025 10:07; 
0120121,012,პოლიტიკის მეცნიერებები,პოლიტიკის მეცნიერების ბაკალავრი,გამოცდა კოეფიციენტი მინ. ზღვარი პრიორიტეტი ადგილების რ-ბა; ქართული ენა და ლიტერატურა 4 25%-ზე მეტი 1; უცხოური ენა (გერ.; ინგ.; რუს.; ფრან.) 4 20%-ზე მეტი 3; ,ერთ-ერთი შემდეგი სავალდებულო საგნებიდან; მათემატიკა 4 20%-ზე მეტი 2 2; ისტორია 4 25%-ზე მეტი 2 2; გეოგრაფია 4 25%-ზე მეტი 2 9; სამოქალაქო განათლება 4 25%-ზე მეტი 2 2; 347; 012 სსიპ - სოხუმის სახელმწიფო უნივერსიტეტი 08.08.2025 10:07; 
0120122,012,საერთაშორისო ურთიერთობები,საერთაშორისო ურთიერთობების ბაკალავრი,გამოცდა კოეფიციენტი მინ. ზღვარი პრიორიტეტი ადგილების რ-ბა; ქართული ენა და ლიტერატურა 4 25%-ზე მეტი 1; უცხოური ენა (გერ.; ინგ.; რუს.; ფრან.) 4 20%-ზე მეტი 2; ,ერთ-ერთი შემდეგი სავალდებულო საგნებიდან; მათემატიკა 4 20%-ზე მეტი 3 5; ისტორია 4 25%-ზე მეტი 3 25; გეოგრაფია 4 25%-ზე მეტი 3 5; სამოქალაქო განათლება 4 25%-ზე მეტი 3 5; 348; 012 სსიპ - სოხუმის სახელმწიფო უნივერსიტეტი 08.08.2025 10:07; 
0120123,012,ზოგადი განათლების დაწყებითი საფეხურის მასწავლებლის მომზადების ინტეგრირებული საბაკალავრო-სამაგისტრო საგანმანათლებლო,განათლების მაგისტრი,გამოცდა კოეფიციენტი მინ. ზღვარი პრიორიტეტი ადგილების რ-ბა; ქართული ენა და ლიტერატურა 4 25%-ზე მეტი 1; უცხოური ენა (ინგ.; რუს.; გერ.; ფრა.) 4 20%-ზე მეტი 3; ,ერთ-ერთი შემდეგი სავალდებულო საგნებიდან; მათემატიკა 4 20%-ზე მეტი 2 15; ისტორია 4 25%-ზე მეტი 2 105; 349; 012 სსიპ - სოხუმის სახელმწიფო უნივერსიტეტი 08.08.2025 10:07; 
0120124,012,სამართალი,სამართლის ბაკალავრი,გამოცდა კოეფიციენტი მინ. ზღვარი პრიორიტეტი ადგილების რ-ბა; ქართული ენა და ლიტერატურა 4 25%-ზე მეტი 1; უცხოური ენა (გერ.; ინგ.; რუს.; ფრან.) 4 20%-ზე მეტი 2; ,ერთ-ერთი შემდეგი სავალდებულო საგნებიდან; მათემატიკა 4 20%-ზე მეტი 3 40; ისტორია 4 25%-ზე მეტი 3 80; სამოქალაქო განათლება 4 25%-ზე მეტი 3 20; 350; 012 სსიპ - სოხუმის სახელმწიფო უნივერსიტეტი 08.08.2025 10:07; 
0120125,012,ქართულ ენაში მომზადება აზერბაიჯანულენოვანთათვის,,გამოცდა კოეფიციენტი მინ. ზღვარი პრიორიტეტი ადგილების რ-ბა; ზოგადი უნარები (აზერ) 12 30%-ზე მეტი 1; 351; 012 სსიპ - სოხუმის სახელმწიფო უნივერსიტეტი 08.08.2025 10:07; ,
0120126,012,ქართულ ენაში მომზადება სომხურენოვანთათვის,,გამოცდა კოეფიციენტი მინ. ზღვარი პრიორიტეტი ადგილების რ-ბა; ზოგადი უნარები (სომხ) 12 30%-ზე მეტი 1; 352; 012 სსიპ - სოხუმის სახელმწიფო უნივერსიტეტი 08.08.2025 10:07; ,
0120127,012,ქართულ ენაში მომზადება აფხაზურენოვანთათვის,,გამოცდა კოეფიციენტი მინ. ზღვარი პრიორიტეტი ადგილების რ-ბა; აფხაზური ენა 12 25%-ზე მეტი 1; 353; 012 სსიპ - სოხუმის სახელმწიფო უნივერსიტეტი 08.08.2025 10:07; ,
0120128,012,ქართულ ენაში მომზადება ოსურენოვანთათვის,,"გამოცდა კოეფიციენტი მინ. ზღვარი პრიორიტეტი ადგილების რ-ბა; ოსური ენა 12 25%-ზე მეტი 1; 354; 012 სსიპ - სოხუმის სახელმწიფო უნივერსიტეტი 08.08.2025 10:07; 014 სსიპ - სამცხე - ჯავახეთის სახელმწიფო უნივერსიტეტი; მისამართი: 0800 ქ. ახალციხე, რუსთაველის ქ. N 113; 0700 ქ. ახალქალაქი, დავით აღმაშენებლის ქ. N 119; ტელეფონი: (+995 365) 22 19 90; ვებგვერდი: http://www.sjuni.edu.ge; ელ.ფოსტა: contact@sjuni.edu.ge; 355; 014 სსიპ - სამცხე - ჯავახეთის სახელმწიფო უნივერსიტეტი 08.08.2025 10:07; ",
0140101,014,ისტორია (ქ. ახალციხე),ჰუმანიტარული მეცნიერებების ბაკალავრი ისტორიაში,გამოცდა კოეფიციენტი მინ. ზღვარი პრიორიტეტი ადგილების რ-ბა; ქართული ენა და ლიტერატურა 4 25%-ზე მეტი 2; უცხოური ენა (გერ.; ინგ.; რუს.; ფრან.) 4 20%-ზე მეტი 3; ,ერთ-ერთი შემდეგი სავალდებულო საგნებიდან; ისტორია 4 25%-ზე მეტი 1 50; ლიტერატურა 4 25%-ზე მეტი 1 10; 356; 014 სსიპ - სამცხე - ჯავახეთის სახელმწიფო უნივერსიტეტი 08.08.2025 10:07; 
0140102,014,ქართული ფილოლოგია (ქ. ახალციხე),ჰუმანიტარული მეცნიერებების ბაკალავრი ქართულ ფილოლოგიაში,გამოცდა კოეფიციენტი მინ. ზღვარი პრიორიტეტი ადგილების რ-ბა; ქართული ენა და ლიტერატურა 4 25%-ზე მეტი 1; უცხოური ენა (ინგ.; რუს.; გერ.; ფრან.) 4 20%-ზე მეტი 3; ,ერთ-ერთი შემდეგი სავალდებულო საგნებიდან; ისტორია 4 25%-ზე მეტი 2 30; ლიტერატურა 4 25%-ზე მეტი 2 10; 357; 014 სსიპ - სამცხე - ჯავახეთის სახელმწიფო უნივერსიტეტი 08.08.2025 10:07; 
0140103,014,ქართული ფილოლოგია (ქ. ახალქალაქი),ჰუმანიტარული მეცნიერებების ბაკალავრი ქართულ ფილოლოგიაში,გამოცდა კოეფიციენტი მინ. ზღვარი პრიორიტეტი ადგილების რ-ბა; ქართული ენა და ლიტერატურა 4 25%-ზე მეტი 1; უცხოური ენა (ინგ.; რუს.; გერ.; ფრან.) 4 20%-ზე მეტი 3; ,ერთ-ერთი შემდეგი სავალდებულო საგნებიდან; ისტორია 4 25%-ზე მეტი 2 15; ლიტერატურა 4 25%-ზე მეტი 2 5; 358; 014 სსიპ - სამცხე - ჯავახეთის სახელმწიფო უნივერსიტეტი 08.08.2025 10:07; 
0140104,014,ინგლისური ფილოლოგია (ქ. ახალციხე),ინგლისური ფილოლოგიის ბაკალავრი,გამოცდა კოეფიციენტი მინ. ზღვარი პრიორიტეტი ადგილების რ-ბა; ქართული ენა და ლიტერატურა 4 25%-ზე მეტი 2; უცხოური ენა (ინგ.) 4 20%-ზე მეტი 1; ,ერთ-ერთი შემდეგი სავალდებულო საგნებიდან; ისტორია 4 25%-ზე მეტი 3 50; ლიტერატურა 4 25%-ზე მეტი 3 10; 359; 014 სსიპ - სამცხე - ჯავახეთის სახელმწიფო უნივერსიტეტი 08.08.2025 10:07; 
0140105,014,დაწყებითი განათლების მასწავლებლის მომზადების ინტეგრირებული საბაკალავრო-სამაგისტრო საგანმანათლებლო პროგრამა (ქ. ახალციხე),განათლების მაგისტრი,გამოცდა კოეფიციენტი მინ. ზღვარი პრიორიტეტი ადგილების რ-ბა; ქართული ენა და ლიტერატურა 4 25%-ზე მეტი 1; უცხოური ენა (ინგ.; რუს.; გერ.; ფრა.) 4 20%-ზე მეტი 2; ,ერთ-ერთი შემდეგი სავალდებულო საგნებიდან; მათემატიკა 4 20%-ზე მეტი 3 10; ისტორია 4 25%-ზე მეტი 3 50; 360; 014 სსიპ - სამცხე - ჯავახეთის სახელმწიფო უნივერსიტეტი 08.08.2025 10:07; 
0140106,014,ბიზნესის ადმინისტრირება (180 კრედიტი) (ქ. ახალციხე),ბიზნესის ადმინისტრირების ბაკალავრი,გამოცდა კოეფიციენტი მინ. ზღვარი პრიორიტეტი ადგილების რ-ბა; ქართული ენა და ლიტერატურა 4 25%-ზე მეტი 1; უცხოური ენა (ინგ.; რუს.; გერ.; ფრა.) 4 20%-ზე მეტი 2; ,ერთ-ერთი შემდეგი სავალდებულო საგნებიდან; მათემატიკა 4 20%-ზე მეტი 3 15; ისტორია 4 25%-ზე მეტი 3 25; 361; 014 სსიპ - სამცხე - ჯავახეთის სახელმწიფო უნივერსიტეტი 08.08.2025 10:07; 
0140107,014,ეკონომიკა (ქ. ახალციხე),ეკონომიკის ბაკალავრი,გამოცდა კოეფიციენტი მინ. ზღვარი პრიორიტეტი ადგილების რ-ბა; ქართული ენა და ლიტერატურა 4 25%-ზე მეტი 1; უცხოური ენა (გერ.; ინგ.; რუს.; ფრან.) 4 20%-ზე მეტი 2; მათემატიკა 4 20%-ზე მეტი 3; 362; 014 სსიპ - სამცხე - ჯავახეთის სახელმწიფო უნივერსიტეტი 08.08.2025 10:07; ,
0140108,014,ეკონომიკა (ქ. ახალქალაქი),ეკონომიკის ბაკალავრი,გამოცდა კოეფიციენტი მინ. ზღვარი პრიორიტეტი ადგილების რ-ბა; ქართული ენა და ლიტერატურა 4 25%-ზე მეტი 1; უცხოური ენა (ინგ.; რუს.; გერ.; ფრან.) 4 20%-ზე მეტი 2; მათემატიკა 4 20%-ზე მეტი 3; 363; 014 სსიპ - სამცხე - ჯავახეთის სახელმწიფო უნივერსიტეტი 08.08.2025 10:07; ,
0140109,014,სამართალი (ქ. ახალციხე),სამართლის ბაკალავრი,გამოცდა კოეფიციენტი მინ. ზღვარი პრიორიტეტი ადგილების რ-ბა; ქართული ენა და ლიტერატურა 4 25%-ზე მეტი 1; უცხოური ენა (გერ.; ინგ.; რუს.; ფრან.) 4 20%-ზე მეტი 2; ,ერთ-ერთი შემდეგი სავალდებულო საგნებიდან; მათემატიკა 4 20%-ზე მეტი 3 5; ისტორია 4 25%-ზე მეტი 3 35; სამოქალაქო განათლება 4 25%-ზე მეტი 3 10; 364; 014 სსიპ - სამცხე - ჯავახეთის სახელმწიფო უნივერსიტეტი 08.08.2025 10:07; 
0140110,014,საჯარო მმართველობა (180 კრედიტი) (ქ. ახალციხე),საჯარო მმართველობის ბაკალავრი,გამოცდა კოეფიციენტი მინ. ზღვარი პრიორიტეტი ადგილების რ-ბა; ქართული ენა და ლიტერატურა 4 25%-ზე მეტი 1; უცხოური ენა (ინგ.; რუს.; გერ.; ფრა.) 4 20%-ზე მეტი 2; ,ერთ-ერთი შემდეგი სავალდებულო საგნებიდან; მათემატიკა 4 20%-ზე მეტი 3 10; ისტორია 4 25%-ზე მეტი 3 70; გეოგრაფია 4 25%-ზე მეტი 3 10; სამოქალაქო განათლება 4 25%-ზე მეტი 3 10; 365; 014 სსიპ - სამცხე - ჯავახეთის სახელმწიფო უნივერსიტეტი 08.08.2025 10:07; 
0140111,014,ინფორმაციული ტექნოლოგიები (ქ. ახალციხე),ინფორმაციული ტექნოლოგიების ბაკალავრი,გამოცდა კოეფიციენტი მინ. ზღვარი პრიორიტეტი ადგილების რ-ბა; ქართული ენა და ლიტერატურა 4 25%-ზე მეტი 2; უცხოური ენა (გერ.; ინგ.; რუს.; ფრან.) 4 20%-ზე მეტი 3; ,ერთ-ერთი შემდეგი სავალდებულო საგნებიდან; მათემატიკა 4 20%-ზე მეტი 1 35; ფიზიკა 4 25%-ზე მეტი 1 5; 366; 014 სსიპ - სამცხე - ჯავახეთის სახელმწიფო უნივერსიტეტი 08.08.2025 10:07; 
0140112,014,ეკოლოგია (ქ. ახალციხე),ეკოლოგიის ბაკალავრი,გამოცდა კოეფიციენტი მინ. ზღვარი პრიორიტეტი ადგილების რ-ბა; ქართული ენა და ლიტერატურა 4 25%-ზე მეტი 1; უცხოური ენა (გერ.; ინგ.; რუს.; ფრან.) 4 20%-ზე მეტი 2; ,ერთ-ერთი შემდეგი სავალდებულო საგნებიდან; მათემატიკა 4 20%-ზე მეტი 3 5; ისტორია 4 25%-ზე მეტი 3 15; გეოგრაფია 4 25%-ზე მეტი 3 5; ფიზიკა 4 25%-ზე მეტი 3 5; ქიმია 4 25%-ზე მეტი 3 5; ბიოლოგია 4 25%-ზე მეტი 3 5; 367; 014 სსიპ - სამცხე - ჯავახეთის სახელმწიფო უნივერსიტეტი 08.08.2025 10:07; 
0140113,014,აგრონომია (ქ. ახალციხე),აგრონომიის ბაკალავრი,გამოცდა კოეფიციენტი მინ. ზღვარი პრიორიტეტი ადგილების რ-ბა; ქართული ენა და ლიტერატურა 4 25%-ზე მეტი 1; უცხოური ენა (გერ.; ინგ.; რუს.; ფრან.) 4 20%-ზე მეტი 2; ,ერთ-ერთი შემდეგი სავალდებულო საგნებიდან; მათემატიკა 4 20%-ზე მეტი 3 5; ისტორია 4 25%-ზე მეტი 3 20; ქიმია 4 25%-ზე მეტი 3 5; ბიოლოგია 4 25%-ზე მეტი 3 10; 368; 014 სსიპ - სამცხე - ჯავახეთის სახელმწიფო უნივერსიტეტი 08.08.2025 10:07; 
0140114,014,ვეტერინარია (ქ. ახალციხე),ვეტერინარიის მაგისტრი,გამოცდა კოეფიციენტი მინ. ზღვარი პრიორიტეტი ადგილების რ-ბა; ქართული ენა და ლიტერატურა 4 25%-ზე მეტი 1; უცხოური ენა (გერ.; ინგ.; რუს.; ფრან.) 4 20%-ზე მეტი 2; ,ერთ-ერთი შემდეგი სავალდებულო საგნებიდან; მათემატიკა 4 20%-ზე მეტი 3 5; ისტორია 4 25%-ზე მეტი 3 20; ქიმია 4 25%-ზე მეტი 3 10; ბიოლოგია 4 25%-ზე მეტი 3 10; 369; 014 სსიპ - სამცხე - ჯავახეთის სახელმწიფო უნივერსიტეტი 08.08.2025 10:07; 
0140115,014,ქართულ ენაში მომზადება (ქ. ახალციხე) სომხურენოვანთათვის,,გამოცდა კოეფიციენტი მინ. ზღვარი პრიორიტეტი ადგილების რ-ბა; ზოგადი უნარები (სომხ) 12 30%-ზე მეტი 1; 370; 014 სსიპ - სამცხე - ჯავახეთის სახელმწიფო უნივერსიტეტი 08.08.2025 10:07; ,
0140116,014,ქართულ ენაში მომზადება (ქ. ახალქალაქი) სომხურენოვანთათვის,,გამოცდა კოეფიციენტი მინ. ზღვარი პრიორიტეტი ადგილების რ-ბა; ზოგადი უნარები (სომხ) 12 30%-ზე მეტი 1; 371; 014 სსიპ - სამცხე - ჯავახეთის სახელმწიფო უნივერსიტეტი 08.08.2025 10:07; ,
0140117,014,ქართულ ენაში მომზადება (ქ. ახალქალაქი) აფხაზურენოვანთათვის,,გამოცდა კოეფიციენტი მინ. ზღვარი პრიორიტეტი ადგილების რ-ბა; აფხაზური ენა 12 25%-ზე მეტი 1; 372; 014 სსიპ - სამცხე - ჯავახეთის სახელმწიფო უნივერსიტეტი 08.08.2025 10:07; ,
0140118,014,ქართულ ენაში მომზადება (ქ. ახალციხე) აფხაზურენოვანთათვის,,გამოცდა კოეფიციენტი მინ. ზღვარი პრიორიტეტი ადგილების რ-ბა; აფხაზური ენა 12 25%-ზე მეტი 1; 373; 014 სსიპ - სამცხე - ჯავახეთის სახელმწიფო უნივერსიტეტი 08.08.2025 10:07; ,
0140119,014,ქართულ ენაში მომზადება (ქ. ახალქალაქი) აზერბაიჯანულენოვანთათვის,,გამოცდა კოეფიციენტი მინ. ზღვარი პრიორიტეტი ადგილების რ-ბა; ზოგადი უნარები (აზერ) 12 30%-ზე მეტი 1; 374; 014 სსიპ - სამცხე - ჯავახეთის სახელმწიფო უნივერსიტეტი 08.08.2025 10:07; ,
0140120,014,ქართულ ენაში მომზადება (ქ. ახალციხე) აზერბაიჯანულენოვანთათვის,,გამოცდა კოეფიციენტი მინ. ზღვარი პრიორიტეტი ადგილების რ-ბა; ზოგადი უნარები (აზერ) 12 30%-ზე მეტი 1; 375; 014 სსიპ - სამცხე - ჯავახეთის სახელმწიფო უნივერსიტეტი 08.08.2025 10:07; ,
0140121,014,ქართულ ენაში მომზადება (ქ. ახალქალაქი) ოსურენოვანთათვის,,გამოცდა კოეფიციენტი მინ. ზღვარი პრიორიტეტი ადგილების რ-ბა; ოსური ენა 12 25%-ზე მეტი 1; 376; 014 სსიპ - სამცხე - ჯავახეთის სახელმწიფო უნივერსიტეტი 08.08.2025 10:07; ,
0140122,014,ქართულ ენაში მომზადება (ქ. ახალციხე) ოსურენოვანთათვის,,"გამოცდა კოეფიციენტი მინ. ზღვარი პრიორიტეტი ადგილების რ-ბა; ოსური ენა 12 25%-ზე მეტი 1; 377; 014 სსიპ - სამცხე - ჯავახეთის სახელმწიფო უნივერსიტეტი 08.08.2025 10:07; 019 შპს - ევროპის ცენტრალური უნივერსიტეტი; მისამართი: ქ. ქუთაისი, წერეთლის ქ. N 13; ტელეფონი: +995 (431) 23 79 79; ვებგვერდი: www.cue.edu.ge; ელ.ფოსტა: info@cue.edu.ge; 378; 019 შპს - ევროპის ცენტრალური უნივერსიტეტი 08.08.2025 10:07; ",
0190101,019,ბიზნესის ადმინისტრირება,ბიზნესის ადმინისტრირების ბაკალავრი,გამოცდა კოეფიციენტი მინ. ზღვარი პრიორიტეტი ადგილების რ-ბა; ქართული ენა და ლიტერატურა 4 25%-ზე მეტი 1; უცხოური ენა (ინგ.; რუს.; გერ.; ფრან.) 4 20%-ზე მეტი 2; ,ერთ-ერთი შემდეგი სავალდებულო საგნებიდან; მათემატიკა 4 20%-ზე მეტი 3 20; ისტორია 4 25%-ზე მეტი 3 30; 380; 019 შპს - ევროპის ცენტრალური უნივერსიტეტი 08.08.2025 10:07; 
0190102,019,დიპლომირებული მედიკოსი (ინგლისურენოვანი),დიპლომირებული მედიკოსი,გამოცდა კოეფიციენტი მინ. ზღვარი პრიორიტეტი ადგილების რ-ბა; ქართული ენა და ლიტერატურა 2 25%-ზე მეტი 4; უცხოური ენა (ინგ.) 3 80%-ზე მეტი 3; ბიოლოგია 4 25%-ზე მეტი 1; ,ერთ-ერთი შემდეგი სავალდებულო საგნებიდან; მათემატიკა 3 20%-ზე მეტი 2 3; ფიზიკა 3 25%-ზე მეტი 2 3; ქიმია 3 25%-ზე მეტი 2 4; 381; 019 შპს - ევროპის ცენტრალური უნივერსიტეტი 08.08.2025 10:07; 
0190103,019,ეკონომიკა,ეკონომიკის ბაკალავრი,გამოცდა კოეფიციენტი მინ. ზღვარი პრიორიტეტი ადგილების რ-ბა; ქართული ენა და ლიტერატურა 4 25%-ზე მეტი 1; უცხოური ენა (ინგ.; რუს.; გერ.; ფრან.) 4 20%-ზე მეტი 2; მათემატიკა 4 20%-ზე მეტი 3; 382; 019 შპს - ევროპის ცენტრალური უნივერსიტეტი 08.08.2025 10:07; ,
0190104,019,სამართალი,სამართლის ბაკალავრი,გამოცდა კოეფიციენტი მინ. ზღვარი პრიორიტეტი ადგილების რ-ბა; ქართული ენა და ლიტერატურა 4 25%-ზე მეტი 1; უცხოური ენა (ინგ.; რუს.; გერ.; ფრან.) 4 20%-ზე მეტი 2; ,ერთ-ერთი შემდეგი სავალდებულო საგნებიდან; მათემატიკა 4 20%-ზე მეტი 3 10; ისტორია 4 25%-ზე მეტი 3 30; სამოქალაქო განათლება 4 25%-ზე მეტი 3 30; 383; 019 შპს - ევროპის ცენტრალური უნივერსიტეტი 08.08.2025 10:07; 
0190105,019,ტურიზმი,ბიზნესის ადმინისტრირების ბაკალავრი ტურიზმში,გამოცდა კოეფიციენტი მინ. ზღვარი პრიორიტეტი ადგილების რ-ბა; ქართული ენა და ლიტერატურა 4 25%-ზე მეტი 1; უცხოური ენა (ინგ.; რუს.; გერ.; ფრან.) 4 20%-ზე მეტი 2; ,"ერთ-ერთი შემდეგი სავალდებულო საგნებიდან; მათემატიკა 4 20%-ზე მეტი 3 10; ისტორია 4 25%-ზე მეტი 3 20; გეოგრაფია 4 25%-ზე მეტი 3 20; 384; 019 შპს - ევროპის ცენტრალური უნივერსიტეტი 08.08.2025 10:07; 033 შპს - გრიგოლ რობაქიძის სახელობის უნივერსიტეტი; მისამართი: თბილისი, ირინა ენუქიძის ქუჩა №3, 0159; ბათუმი, თამარ მეფის ქუჩა №60, 6000; ტელეფონი: (+ 995 32) 238 44 06;; ვებგვერდი: www.gruni.edu.ge; ელ.ფოსტა: info@gruni.edu.ge; 385; 033 შპს - გრიგოლ რობაქიძის სახელობის უნივერსიტეტი 08.08.2025 10:07; "
0330101,033,ბიზნესის ადმინისტრირება (მარკეტინგი) (180 კრედიტი) (ქ. თბილისი),ბიზნესის ადმინისტრირების ბაკალავრი მარკეტინგში,გამოცდა კოეფიციენტი მინ. ზღვარი პრიორიტეტი ადგილების რ-ბა; ქართული ენა და ლიტერატურა 3 25%-ზე მეტი 3; უცხოური ენა (გერ.; ინგ.; რუს.; ფრან.) 4 20%-ზე მეტი 2; ,ერთ-ერთი შემდეგი სავალდებულო საგნებიდან; მათემატიკა 5 20%-ზე მეტი 1 30; ისტორია 5 25%-ზე მეტი 1 30; 386; 033 შპს - გრიგოლ რობაქიძის სახელობის უნივერსიტეტი 08.08.2025 10:07; 
0330102,033,ბიზნესის ადმინისტრირება (მენეჯმენტი) (180 კრედიტი) (ქ. თბილისი),ბიზნესის ადმინისტრირების ბაკალავრი მენეჯმენტში,გამოცდა კოეფიციენტი მინ. ზღვარი პრიორიტეტი ადგილების რ-ბა; ქართული ენა და ლიტერატურა 3 25%-ზე მეტი 3; უცხოური ენა (გერ.; ინგ.; რუს.; ფრან.) 4 20%-ზე მეტი 2; ,ერთ-ერთი შემდეგი სავალდებულო საგნებიდან; მათემატიკა 5 20%-ზე მეტი 1 30; ისტორია 5 25%-ზე მეტი 1 30; 387; 033 შპს - გრიგოლ რობაქიძის სახელობის უნივერსიტეტი 08.08.2025 10:07; 
0330103,033,ბიზნესის ადმინისტრირება (ფინანსები) (180 კრედიტი) (ქ. თბილისი),ბიზნესის ადმინისტრირების ბაკალავრი ფინანსებში,გამოცდა კოეფიციენტი მინ. ზღვარი პრიორიტეტი ადგილების რ-ბა; ქართული ენა და ლიტერატურა 3 25%-ზე მეტი 3; უცხოური ენა (გერ.; ინგ.; რუს.; ფრან.) 4 20%-ზე მეტი 2; მათემატიკა 5 20%-ზე მეტი 1; 388; 033 შპს - გრიგოლ რობაქიძის სახელობის უნივერსიტეტი 08.08.2025 10:07; ,
0330104,033,დიპლომირებული სტომატოლოგი (ქ. თბილისი),დიპლომირებული სტომატოლოგი,გამოცდა კოეფიციენტი მინ. ზღვარი პრიორიტეტი ადგილების რ-ბა; ქართული ენა და ლიტერატურა 2 25%-ზე მეტი 3; უცხოური ენა (გერ.; ინგ.; რუს.; ფრან.) 2 20%-ზე მეტი 4; ბიოლოგია 4 25%-ზე მეტი 1; ,ერთ-ერთი შემდეგი სავალდებულო საგნებიდან; მათემატიკა 4 20%-ზე მეტი 2 19; ფიზიკა 4 25%-ზე მეტი 2 22; ქიმია 4 25%-ზე მეტი 2 22; 389; 033 შპს - გრიგოლ რობაქიძის სახელობის უნივერსიტეტი 08.08.2025 10:07; 
0330105,033,ჟურნალისტიკა და მასობრივი კომუნიკაცია (ქ. თბილისი),ჟურნალისტიკის ბაკალავრი,გამოცდა კოეფიციენტი მინ. ზღვარი პრიორიტეტი ადგილების რ-ბა; ქართული ენა და ლიტერატურა 5 25%-ზე მეტი 1; უცხოური ენა (გერ.; ინგ.; რუს.; ფრან.) 4 20%-ზე მეტი 2; ,ერთ-ერთი შემდეგი სავალდებულო საგნებიდან; მათემატიკა 3 20%-ზე მეტი 3 8; ისტორია 3 25%-ზე მეტი 3 32; გეოგრაფია 3 25%-ზე მეტი 3 8; ლიტერატურა 3 25%-ზე მეტი 3 8; სამოქალაქო განათლება 3 25%-ზე მეტი 3 24; 390; 033 შპს - გრიგოლ რობაქიძის სახელობის უნივერსიტეტი 08.08.2025 10:07; 
0330106,033,სამართალი (ქ. თბილისი),სამართლის ბაკალავრი,გამოცდა კოეფიციენტი მინ. ზღვარი პრიორიტეტი ადგილების რ-ბა; ქართული ენა და ლიტერატურა 4 25%-ზე მეტი 2; უცხოური ენა (გერ.; ინგ.; რუს.; ფრან.) 4 20%-ზე მეტი 3; ,ერთ-ერთი შემდეგი სავალდებულო საგნებიდან; მათემატიკა 4 20%-ზე მეტი 1 10; ისტორია 4 25%-ზე მეტი 1 50; სამოქალაქო განათლება 4 25%-ზე მეტი 1 20; 391; 033 შპს - გრიგოლ რობაქიძის სახელობის უნივერსიტეტი 08.08.2025 10:07; 
0330107,033,სამართალი (ქ. ბათუმი),სამართლის ბაკალავრი,გამოცდა კოეფიციენტი მინ. ზღვარი პრიორიტეტი ადგილების რ-ბა; ქართული ენა და ლიტერატურა 4 25%-ზე მეტი 2; უცხოური ენა (ინგ.; რუს.; გერ.; ფრან.) 4 20%-ზე მეტი 3; ,ერთ-ერთი შემდეგი სავალდებულო საგნებიდან; მათემატიკა 4 20%-ზე მეტი 1 10; ისტორია 4 25%-ზე მეტი 1 60; სამოქალაქო განათლება 4 25%-ზე მეტი 1 28; 392; 033 შპს - გრიგოლ რობაქიძის სახელობის უნივერსიტეტი 08.08.2025 10:07; 
0330108,033,საჯარო მმართველობა და პოლიტიკა (180 კრედიტი) (ქ. თბილისი),საჯარო მმართველობის ბაკალავრი,გამოცდა კოეფიციენტი მინ. ზღვარი პრიორიტეტი ადგილების რ-ბა; ქართული ენა და ლიტერატურა 4 25%-ზე მეტი 3; უცხოური ენა (ინგ.; რუს.; გერ.; ფრა.) 4 20%-ზე მეტი 2; ,ერთ-ერთი შემდეგი სავალდებულო საგნებიდან; მათემატიკა 4 20%-ზე მეტი 1 5; ისტორია 4 25%-ზე მეტი 1 25; გეოგრაფია 4 25%-ზე მეტი 1 5; სამოქალაქო განათლება 4 25%-ზე მეტი 1 15; 393; 033 შპს - გრიგოლ რობაქიძის სახელობის უნივერსიტეტი 08.08.2025 10:07; 
0330109,033,საჯარო მმართველობა და პოლიტიკა (180 კრედიტი) (ქ. ბათუმი),საჯარო მმართველობის ბაკალავრი,გამოცდა კოეფიციენტი მინ. ზღვარი პრიორიტეტი ადგილების რ-ბა; ქართული ენა და ლიტერატურა 4 25%-ზე მეტი 3; უცხოური ენა (ინგ.; რუს.; გერ.; ფრა.) 4 20%-ზე მეტი 2; ,ერთ-ერთი შემდეგი სავალდებულო საგნებიდან; მათემატიკა 4 20%-ზე მეტი 1 6; ისტორია 4 25%-ზე მეტი 1 28; გეოგრაფია 4 25%-ზე მეტი 1 6; სამოქალაქო განათლება 4 25%-ზე მეტი 1 12; 394; 033 შპს - გრიგოლ რობაქიძის სახელობის უნივერსიტეტი 08.08.2025 10:07; 
0330110,033,ტურიზმი (ქ. თბილისი),ბიზნესის ადმინისტრირების ბაკალავრი ტურიზმში,გამოცდა კოეფიციენტი მინ. ზღვარი პრიორიტეტი ადგილების რ-ბა; ქართული ენა და ლიტერატურა 3 25%-ზე მეტი 3; უცხოური ენა (გერ.; ინგ.; რუს.; ფრან.) 4 20%-ზე მეტი 2; ,ერთ-ერთი შემდეგი სავალდებულო საგნებიდან; მათემატიკა 5 20%-ზე მეტი 1 10; ისტორია 5 25%-ზე მეტი 1 30; გეოგრაფია 5 25%-ზე მეტი 1 10; 395; 033 შპს - გრიგოლ რობაქიძის სახელობის უნივერსიტეტი 08.08.2025 10:07; 
0330111,033,ტურიზმი (ქ. ბათუმი),ბიზნესის ადმინისტრირების ბაკალავრი ტურიზმში,გამოცდა კოეფიციენტი მინ. ზღვარი პრიორიტეტი ადგილების რ-ბა; ქართული ენა და ლიტერატურა 3 25%-ზე მეტი 3; უცხოური ენა (ინგ.; რუს.; გერ.; ფრან.) 4 20%-ზე მეტი 2; ,ერთ-ერთი შემდეგი სავალდებულო საგნებიდან; მათემატიკა 5 20%-ზე მეტი 1 10; ისტორია 5 25%-ზე მეტი 1 33; გეოგრაფია 5 25%-ზე მეტი 1 14; 396; 033 შპს - გრიგოლ რობაქიძის სახელობის უნივერსიტეტი 08.08.2025 10:07; 
0330112,033,ფსიქოლოგია (ქ. თბილისი),ფსიქოლოგიის ბაკალავრი,გამოცდა კოეფიციენტი მინ. ზღვარი პრიორიტეტი ადგილების რ-ბა; ქართული ენა და ლიტერატურა 4 25%-ზე მეტი 1; უცხოური ენა (გერ.; ინგ.; რუს.; ფრან.) 4 20%-ზე მეტი 2; ,"ერთ-ერთი შემდეგი სავალდებულო საგნებიდან; მათემატიკა 4 20%-ზე მეტი 3 10; ისტორია 4 25%-ზე მეტი 3 50; ბიოლოგია 4 25%-ზე მეტი 3 40; 397; 033 შპს - გრიგოლ რობაქიძის სახელობის უნივერსიტეტი 08.08.2025 10:07; 036 შპს - თბილისის თავისუფალი უნივერსიტეტი; მისამართი: კახა ბენდუქიძის კამპუსი, დავით აღმაშენებლის ხეივანი 240. თბილისი 0159.; ტელეფონი: 2200901; ვებგვერდი: www.freeuni.edu.ge; ელ.ფოსტა: info@freeuni.edu.ge; 398; 036 შპს - თბილისის თავისუფალი უნივერსიტეტი 08.08.2025 10:07; "
0360101,036,არქიტექტურა,არქიტექტურის ბაკალავრი,გამოცდა კოეფიციენტი მინ. ზღვარი პრიორიტეტი ადგილების რ-ბა; ქართული ენა და ლიტერატურა 3 25%-ზე მეტი 3; უცხოური ენა (ინგ.; რუს.; გერ.; ფრან.) 5 20%-ზე მეტი 1; ,ერთ-ერთი შემდეგი სავალდებულო საგნებიდან; მათემატიკა 4 20%-ზე მეტი 2 30; ფიზიკა 4 25%-ზე მეტი 2 4; 399; 036 შპს - თბილისის თავისუფალი უნივერსიტეტი 08.08.2025 10:07; 
0360102,036,ბიზნესის ადმინისტრირება,ბიზნესის ადმინისტრირების ბაკალავრი,გამოცდა კოეფიციენტი მინ. ზღვარი პრიორიტეტი ადგილების რ-ბა; ქართული ენა და ლიტერატურა 4 25%-ზე მეტი 2; უცხოური ენა (ინგ.; რუს.; გერ.; ფრან.) 2 20%-ზე მეტი 3; ,ერთ-ერთი შემდეგი სავალდებულო საგნებიდან; მათემატიკა 6 20%-ზე მეტი 1 150; ისტორია 6 25%-ზე მეტი 1 30; 400; 036 შპს - თბილისის თავისუფალი უნივერსიტეტი 08.08.2025 10:07; 
0360103,036,ელექტრო და კომპიუტერული ინჟინერია,ინჟინერიის ბაკალავრი,გამოცდა კოეფიციენტი მინ. ზღვარი პრიორიტეტი ადგილების რ-ბა; ქართული ენა და ლიტერატურა 3 25%-ზე მეტი 2; უცხოური ენა (გერ.; ინგ.; რუს.; ფრან.) 2 20%-ზე მეტი 3; ,ერთ-ერთი შემდეგი სავალდებულო საგნებიდან; მათემატიკა 7 20%-ზე მეტი 1 28; ფიზიკა 7 90%-ზე მეტი 1 4; 401; 036 შპს - თბილისის თავისუფალი უნივერსიტეტი 08.08.2025 10:07; 
0360104,036,"ვიზუალური ხელოვნება, ვიზუალური კომუნიკაცია, ინტერიერის დიზაინი",ინტერიერის დიზაინის ბაკალავრი; ვიზუალური კომუნიკაციის ბაკალავრი; სახვითი ხელოვნების ბაკალავრი,გამოცდა კოეფიციენტი მინ. ზღვარი პრიორიტეტი ადგილების რ-ბა; ქართული ენა და ლიტერატურა 2 25%-ზე მეტი 3; უცხოური ენა (ინგ.; რუს.; გერ.; ფრან.) 4 20%-ზე მეტი 2; შემოქმედებითი ტური 6 1; 402; 036 შპს - თბილისის თავისუფალი უნივერსიტეტი 08.08.2025 10:07; ,
0360105,036,კომპიუტერული მეცნიერება და მათემატიკა,კომპიუტერული მეცნიერების ბაკალავრი,გამოცდა კოეფიციენტი მინ. ზღვარი პრიორიტეტი ადგილების რ-ბა; ქართული ენა და ლიტერატურა 1 25%-ზე მეტი 3; უცხოური ენა (გერ.; ინგ.; რუს.; ფრან.) 1 20%-ზე მეტი 2; ,ერთ-ერთი შემდეგი სავალდებულო საგნებიდან; მათემატიკა 10 20%-ზე მეტი 1 57; ფიზიკა 10 90%-ზე მეტი 1 7; 403; 036 შპს - თბილისის თავისუფალი უნივერსიტეტი 08.08.2025 10:07; 
0360106,036,მართვა და საზოგადოებრივი მეცნიერებები,სოციალური მეცნიერებების ბაკალავრი,გამოცდა კოეფიციენტი მინ. ზღვარი პრიორიტეტი ადგილების რ-ბა; ქართული ენა და ლიტერატურა 3 25%-ზე მეტი 3; უცხოური ენა (გერ.; ინგ.; რუს.; ფრან.) 3 20%-ზე მეტი 2; ,ერთ-ერთი შემდეგი სავალდებულო საგნებიდან; მათემატიკა 6 60%-ზე მეტი 1 8; ისტორია 6 25%-ზე მეტი 1 55; გეოგრაფია 6 70%-ზე მეტი 1 7; 404; 036 შპს - თბილისის თავისუფალი უნივერსიტეტი 08.08.2025 10:07; 
0360107,036,საერთაშორისო ურთიერთობები,საერთაშორისო ურთიერთობების ბაკალავრი,გამოცდა კოეფიციენტი მინ. ზღვარი პრიორიტეტი ადგილების რ-ბა; ქართული ენა და ლიტერატურა 4 25%-ზე მეტი 2; უცხოური ენა (გერ.; ინგ.; რუს.; ფრან.) 3 20%-ზე მეტი 3; ,ერთ-ერთი შემდეგი სავალდებულო საგნებიდან; მათემატიკა 5 70%-ზე მეტი 1 8; ისტორია 5 25%-ზე მეტი 1 54; გეოგრაფია 5 70%-ზე მეტი 1 9; სამოქალაქო განათლება 5 70%-ზე მეტი 1 9; 405; 036 შპს - თბილისის თავისუფალი უნივერსიტეტი 08.08.2025 10:07; 
0360108,036,სამართალი,სამართლის ბაკალავრი,გამოცდა კოეფიციენტი მინ. ზღვარი პრიორიტეტი ადგილების რ-ბა; ქართული ენა და ლიტერატურა 4 25%-ზე მეტი 2; უცხოური ენა (გერ.; ინგ.; რუს.; ფრან.) 3 20%-ზე მეტი 3; ,ერთ-ერთი შემდეგი სავალდებულო საგნებიდან; მათემატიკა 5 60%-ზე მეტი 1 8; ისტორია 5 25%-ზე მეტი 1 61; სამოქალაქო განათლება 5 66%-ზე მეტი 1 8; 406; 036 შპს - თბილისის თავისუფალი უნივერსიტეტი 08.08.2025 10:07; 
0360109,036,ფიზიკა,მეცნიერების ბაკალავრი ფიზიკაში,გამოცდა კოეფიციენტი მინ. ზღვარი პრიორიტეტი ადგილების რ-ბა; ქართული ენა და ლიტერატურა 2 25%-ზე მეტი 3; უცხოური ენა (გერ.; ინგ.; რუს.; ფრან.) 2 20%-ზე მეტი 2; ,ერთ-ერთი შემდეგი სავალდებულო საგნებიდან; მათემატიკა 8 20%-ზე მეტი 1 16; ფიზიკა 8 80%-ზე მეტი 1 7; 407; 036 შპს - თბილისის თავისუფალი უნივერსიტეტი 08.08.2025 10:07; 
0360110,036,შენობის სისტემების ინჟინერია,შენობის სისტემების ინჟინერიის ბაკალავრი,გამოცდა კოეფიციენტი მინ. ზღვარი პრიორიტეტი ადგილების რ-ბა; ქართული ენა და ლიტერატურა 2 25%-ზე მეტი 3; უცხოური ენა (გერ.; ინგ.; რუს.; ფრან.) 6 20%-ზე მეტი 1; ,"ერთ-ერთი შემდეგი სავალდებულო საგნებიდან; მათემატიკა 4 20%-ზე მეტი 2 25; ფიზიკა 4 70%-ზე მეტი 2 7; 408; 036 შპს - თბილისის თავისუფალი უნივერსიტეტი 08.08.2025 10:07; 040 შპს - პეტრე შოთაძის სახელობის თბილისის სამედიცინო აკადემია; მისამართი: ქეთევან წამებულის 51/2, თბილისი, 0144; ტელეფონი: 2912484; ვებგვერდი: tma.edu.ge; ელ.ფოსტა: tma@tma.edu.ge; 409; 040 შპს - პეტრე შოთაძის სახელობის თბილისის სამედიცინო აკადემია 08.08.2025 10:07; "
0400101,040,მედიცინა (ინგლისურენოვანი),დიპლომირებული მედიკოსი,გამოცდა კოეფიციენტი მინ. ზღვარი პრიორიტეტი ადგილების რ-ბა; ქართული ენა და ლიტერატურა 2 50%-ზე მეტი 4; უცხოური ენა (ინგ.) 4 75%-ზე მეტი 2; ბიოლოგია 4 65%-ზე მეტი 1; ,"ერთ-ერთი შემდეგი სავალდებულო საგნებიდან; მათემატიკა 2 50%-ზე მეტი 3 23; ფიზიკა 2 50%-ზე მეტი 3 23; ქიმია 2 50%-ზე მეტი 3 29; 410; 040 შპს - პეტრე შოთაძის სახელობის თბილისის სამედიცინო აკადემია 08.08.2025 10:07; 052 შპს - დავით ტვილდიანის სამედიცინო უნივერსიტეტი; მისამართი: 0159, თბილისი, დიღომი, ლუბლიანას ქ. 2/6; ტელეფონი: 2516898; ვებგვერდი: www.dtmu.ge; ელ.ფოსტა: info@dtmu.edu.ge; 411; 052 შპს - დავით ტვილდიანის სამედიცინო უნივერსიტეტი 08.08.2025 10:07; "
0520101,052,დიპლომირებული მედიკოსი,დიპლომირებული მედიკოსი,გამოცდა კოეფიციენტი მინ. ზღვარი პრიორიტეტი ადგილების რ-ბა; ქართული ენა და ლიტერატურა 2 25%-ზე მეტი 4; უცხოური ენა (ინგ.) 2 70%-ზე მეტი 3; ბიოლოგია 4 65%-ზე მეტი 1; ,ერთ-ერთი შემდეგი სავალდებულო საგნებიდან; მათემატიკა 4 60%-ზე მეტი 2 18; ფიზიკა 4 60%-ზე მეტი 2 18; ქიმია 4 60%-ზე მეტი 2 24; 412; 052 შპს - დავით ტვილდიანის სამედიცინო უნივერსიტეტი 08.08.2025 10:07; 
0520102,052,დიპლომირებული მედიკოსი (ე-პდს),დიპლომირებული მედიკოსი,გამოცდა კოეფიციენტი მინ. ზღვარი პრიორიტეტი ადგილების რ-ბა; ქართული ენა და ლიტერატურა 2 25%-ზე მეტი 4; უცხოური ენა (ინგ.) 2 70%-ზე მეტი 3; ბიოლოგია 4 65%-ზე მეტი 1; ,ერთ-ერთი შემდეგი სავალდებულო საგნებიდან; მათემატიკა 4 60%-ზე მეტი 2 10; ფიზიკა 4 60%-ზე მეტი 2 10; ქიმია 4 60%-ზე მეტი 2 12; 413; 052 შპს - დავით ტვილდიანის სამედიცინო უნივერსიტეტი 08.08.2025 10:07; 053 სსიპ - სასწავლო უნივერსიტეტი - ბათუმის სახელმწიფო საზღვაო აკადემია; მისამართი: ქ.ბათუმი რუსთაველის #53; ქ.ფოთი წმინდა გიორგის #24; ტელეფონი: 032 288 73 37; ვებგვერდი: www. bsma.edu.ge; ელ.ფოსტა: info@bsma.edu.ge; 414; 053 სსიპ - სასწავლო უნივერსიტეტი - ბათუმის სახელმწიფო საზღვაო აკადემია 08.08.2025 10:07; 
0530101,053,საზღვაო ნავიგაცია,საზღვაო მეცნიერების ბაკალავრი,გამოცდა კოეფიციენტი მინ. ზღვარი პრიორიტეტი ადგილების რ-ბა; ქართული ენა და ლიტერატურა 2 25%-ზე მეტი 3; უცხოური ენა (ინგ.) 4 50%-ზე მეტი 2; ,ერთ-ერთი შემდეგი სავალდებულო საგნებიდან; მათემატიკა 6 20%-ზე მეტი 1 219; გეოგრაფია 6 55%-ზე მეტი 1 28; ფიზიკა 6 25%-ზე მეტი 1 28; 415; 053 სსიპ - სასწავლო უნივერსიტეტი - ბათუმის სახელმწიფო საზღვაო აკადემია 08.08.2025 10:07; 
0530102,053,საზღვაო ნავიგაცია (ინგლისურენოვანი),საზღვაო მეცნიერების ბაკალავრი,გამოცდა კოეფიციენტი მინ. ზღვარი პრიორიტეტი ადგილების რ-ბა; ქართული ენა და ლიტერატურა 2 25%-ზე მეტი 3; უცხოური ენა (ინგ.) 5 75%-ზე მეტი 1; ,ერთ-ერთი შემდეგი სავალდებულო საგნებიდან; მათემატიკა 5 20%-ზე მეტი 2 19; გეოგრაფია 5 55%-ზე მეტი 2 3; ფიზიკა 5 25%-ზე მეტი 2 3; 416; 053 სსიპ - სასწავლო უნივერსიტეტი - ბათუმის სახელმწიფო საზღვაო აკადემია 08.08.2025 10:07; 
0530103,053,გემის მექანიკა,ინჟინერიის ბაკალავრი საზღვაო ინჟინერიაში,გამოცდა კოეფიციენტი მინ. ზღვარი პრიორიტეტი ადგილების რ-ბა; ქართული ენა და ლიტერატურა 3 25%-ზე მეტი 3; უცხოური ენა (ინგ.) 4 25%-ზე მეტი 2; ,ერთ-ერთი შემდეგი სავალდებულო საგნებიდან; მათემატიკა 5 20%-ზე მეტი 1 180; ფიზიკა 5 25%-ზე მეტი 1 20; 417; 053 სსიპ - სასწავლო უნივერსიტეტი - ბათუმის სახელმწიფო საზღვაო აკადემია 08.08.2025 10:07; 
0530104,053,გემის ელექტრომექანიკა,ინჟინერიის ბაკალავრი საზღვაო ელექტროინჟინერიაში,გამოცდა კოეფიციენტი მინ. ზღვარი პრიორიტეტი ადგილების რ-ბა; ქართული ენა და ლიტერატურა 3 25%-ზე მეტი 3; უცხოური ენა (ინგ.) 4 25%-ზე მეტი 2; ,ერთ-ერთი შემდეგი სავალდებულო საგნებიდან; მათემატიკა 5 20%-ზე მეტი 1 90; ფიზიკა 5 25%-ზე მეტი 1 10; 418; 053 სსიპ - სასწავლო უნივერსიტეტი - ბათუმის სახელმწიფო საზღვაო აკადემია 08.08.2025 10:07; 
0530105,053,ნავსადგურის ტრანსპორტის ინჟინერია (ქ. ბათუმი),ტრანსპორტის ინჟინერიის ბაკალავრი,გამოცდა კოეფიციენტი მინ. ზღვარი პრიორიტეტი ადგილების რ-ბა; ქართული ენა და ლიტერატურა 3 25%-ზე მეტი 3; უცხოური ენა (ინგ.) 4 25%-ზე მეტი 2; ,ერთ-ერთი შემდეგი სავალდებულო საგნებიდან; მათემატიკა 5 20%-ზე მეტი 1 22; ფიზიკა 5 25%-ზე მეტი 1 3; 419; 053 სსიპ - სასწავლო უნივერსიტეტი - ბათუმის სახელმწიფო საზღვაო აკადემია 08.08.2025 10:07; 
0530106,053,ბიზნესის ადმინისტრირება (ქ. ბათუმი) (180 კრედიტი),ბიზნესის ადმინისტრირების ბაკალავრი,გამოცდა კოეფიციენტი მინ. ზღვარი პრიორიტეტი ადგილების რ-ბა; ქართული ენა და ლიტერატურა 4 25%-ზე მეტი 3; უცხოური ენა (ინგ.) 4 20%-ზე მეტი 1; ,ერთ-ერთი შემდეგი სავალდებულო საგნებიდან; მათემატიკა 4 20%-ზე მეტი 2 20; ისტორია 4 25%-ზე მეტი 2 180; 420; 053 სსიპ - სასწავლო უნივერსიტეტი - ბათუმის სახელმწიფო საზღვაო აკადემია 08.08.2025 10:07; 
0530107,053,ბიზნესის ადმინისტრირება (ქ. ფოთი) (180 კრედიტი),ბიზნესის ადმინისტრირების ბაკალავრი,გამოცდა კოეფიციენტი მინ. ზღვარი პრიორიტეტი ადგილების რ-ბა; ქართული ენა და ლიტერატურა 4 25%-ზე მეტი 3; უცხოური ენა (ინგ.) 4 20%-ზე მეტი 1; ,ერთ-ერთი შემდეგი სავალდებულო საგნებიდან; მათემატიკა 4 20%-ზე მეტი 2 2; ისტორია 4 25%-ზე მეტი 2 18; 421; 053 სსიპ - სასწავლო უნივერსიტეტი - ბათუმის სახელმწიფო საზღვაო აკადემია 08.08.2025 10:07; 
0530108,053,ეკონომიკა (ქ. ფოთი),ეკონომიკის ბაკალავრი,გამოცდა კოეფიციენტი მინ. ზღვარი პრიორიტეტი ადგილების რ-ბა; ქართული ენა და ლიტერატურა 4 25%-ზე მეტი 3; უცხოური ენა (ინგ.) 4 20%-ზე მეტი 1; მათემატიკა 4 20%-ზე მეტი 2; 422; 053 სსიპ - სასწავლო უნივერსიტეტი - ბათუმის სახელმწიფო საზღვაო აკადემია 08.08.2025 10:07; ,
0530109,053,ქართულ ენაში მომზადების საგანმანათლებლო პროგრამა აზერბაიჯანულენოვანთათვის,,გამოცდა კოეფიციენტი მინ. ზღვარი პრიორიტეტი ადგილების რ-ბა; ზოგადი უნარები (აზერ) 12 30%-ზე მეტი 1; 423; 053 სსიპ - სასწავლო უნივერსიტეტი - ბათუმის სახელმწიფო საზღვაო აკადემია 08.08.2025 10:07; ,
0530110,053,ქართულ ენაში მომზადების საგანმანათლებლო პროგრამა სომხურენოვანთათვის,,გამოცდა კოეფიციენტი მინ. ზღვარი პრიორიტეტი ადგილების რ-ბა; ზოგადი უნარები (სომხ) 12 30%-ზე მეტი 1; 424; 053 სსიპ - სასწავლო უნივერსიტეტი - ბათუმის სახელმწიფო საზღვაო აკადემია 08.08.2025 10:07; ,
0530111,053,ქართულ ენაში მომზადების საგანმანათლებლო პროგრამა აფხაზურენოვანთათვის,,გამოცდა კოეფიციენტი მინ. ზღვარი პრიორიტეტი ადგილების რ-ბა; აფხაზური ენა 12 25%-ზე მეტი 1; 425; 053 სსიპ - სასწავლო უნივერსიტეტი - ბათუმის სახელმწიფო საზღვაო აკადემია 08.08.2025 10:07; ,
0530112,053,ქართულ ენაში მომზადების საგანმანათლებლო პროგრამა ოსურენოვანთათვის,,"გამოცდა კოეფიციენტი მინ. ზღვარი პრიორიტეტი ადგილების რ-ბა; ოსური ენა 12 25%-ზე მეტი 1; 426; 053 სსიპ - სასწავლო უნივერსიტეტი - ბათუმის სახელმწიფო საზღვაო აკადემია 08.08.2025 10:07; 064 შპს - შავი ზღვის საერთაშორისო უნივერსიტეტი; მისამართი: დავით აღმაშენებლის ხეივანი, მე-13 კმ., #2, თბილისი, 0131; ტელეფონი: +995 32 2595005/06/09; ვებგვერდი: www.ibsu.edu.ge; ელ.ფოსტა: info@ibsu.edu.ge; 427; 064 შპს - შავი ზღვის საერთაშორისო უნივერსიტეტი 08.08.2025 10:07; ",
0640101,064,ამერიკისმცოდნეობა (ინგლისურენოვანი),ამერიკისმცოდნეობის ბაკალავრი,გამოცდა კოეფიციენტი მინ. ზღვარი პრიორიტეტი ადგილების რ-ბა; ქართული ენა და ლიტერატურა 4 25%-ზე მეტი 2; უცხოური ენა (ინგ.) 6 50%-ზე მეტი 1; ,ერთ-ერთი შემდეგი სავალდებულო საგნებიდან; მათემატიკა 2 20%-ზე მეტი 3 5; ისტორია 2 25%-ზე მეტი 3 40; ლიტერატურა 2 25%-ზე მეტი 3 5; 428; 064 შპს - შავი ზღვის საერთაშორისო უნივერსიტეტი 08.08.2025 10:07; 
0640102,064,არქიტექტურა,არქიტექტურის ბაკალავრი,გამოცდა კოეფიციენტი მინ. ზღვარი პრიორიტეტი ადგილების რ-ბა; ქართული ენა და ლიტერატურა 4 25%-ზე მეტი 2; უცხოური ენა (ინგ.; რუს.; გერ.; ფრან.) 4 20%-ზე მეტი 3; ,ერთ-ერთი შემდეგი სავალდებულო საგნებიდან; მათემატიკა 4 20%-ზე მეტი 1 35; ფიზიკა 4 25%-ზე მეტი 1 5; 429; 064 შპს - შავი ზღვის საერთაშორისო უნივერსიტეტი 08.08.2025 10:07; 
0640103,064,არქიტექტურა (ინგლისურენოვანი),არქიტექტურის ბაკალავრი,გამოცდა კოეფიციენტი მინ. ზღვარი პრიორიტეტი ადგილების რ-ბა; ქართული ენა და ლიტერატურა 4 25%-ზე მეტი 3; უცხოური ენა (ინგ.) 4 50%-ზე მეტი 2; ,ერთ-ერთი შემდეგი სავალდებულო საგნებიდან; მათემატიკა 4 20%-ზე მეტი 1 35; ფიზიკა 4 25%-ზე მეტი 1 5; 430; 064 შპს - შავი ზღვის საერთაშორისო უნივერსიტეტი 08.08.2025 10:07; 
0640104,064,ბიზნესის ადმინისტრირება - მარკეტინგი (180 კრედიტი),ბიზნესის ადმინისტრირების ბაკალავრი მარკეტინგში,გამოცდა კოეფიციენტი მინ. ზღვარი პრიორიტეტი ადგილების რ-ბა; ქართული ენა და ლიტერატურა 4 25%-ზე მეტი 2; უცხოური ენა (ინგ.; რუს.; გერ.; ფრან.) 4 20%-ზე მეტი 3; ,ერთ-ერთი შემდეგი სავალდებულო საგნებიდან; მათემატიკა 4 20%-ზე მეტი 1 30; ისტორია 4 25%-ზე მეტი 1 30; 431; 064 შპს - შავი ზღვის საერთაშორისო უნივერსიტეტი 08.08.2025 10:07; 
0640105,064,ბიზნესის ადმინისტრირება - მარკეტინგი (ინგლისურენოვანი) (180 კრედიტი),ბიზნესის ადმინისტრირების ბაკალავრი მარკეტინგში,გამოცდა კოეფიციენტი მინ. ზღვარი პრიორიტეტი ადგილების რ-ბა; ქართული ენა და ლიტერატურა 4 25%-ზე მეტი 3; უცხოური ენა (ინგ.) 4 50%-ზე მეტი 1; ,ერთ-ერთი შემდეგი სავალდებულო საგნებიდან; მათემატიკა 4 20%-ზე მეტი 2 15; ისტორია 4 25%-ზე მეტი 2 15; 432; 064 შპს - შავი ზღვის საერთაშორისო უნივერსიტეტი 08.08.2025 10:07; 
0640106,064,ბიზნესის ადმინისტრირება - მენეჯმენტი (180 კრედიტი),ბიზნესის ადმინისტრირების ბაკალავრი მენეჯმენტში,გამოცდა კოეფიციენტი მინ. ზღვარი პრიორიტეტი ადგილების რ-ბა; ქართული ენა და ლიტერატურა 4 25%-ზე მეტი 2; უცხოური ენა (ინგ.; რუს.; გერ.; ფრან.) 4 20%-ზე მეტი 3; ,ერთ-ერთი შემდეგი სავალდებულო საგნებიდან; მათემატიკა 4 20%-ზე მეტი 1 30; ისტორია 4 25%-ზე მეტი 1 30; 433; 064 შპს - შავი ზღვის საერთაშორისო უნივერსიტეტი 08.08.2025 10:07; 
0640107,064,ბიზნესის ადმინისტრირება - მენეჯმენტი (ინგლისურენოვანი) (180 კრედიტი),ბიზნესის ადმინისტრირების ბაკალავრი მენეჯმენტში,გამოცდა კოეფიციენტი მინ. ზღვარი პრიორიტეტი ადგილების რ-ბა; ქართული ენა და ლიტერატურა 4 25%-ზე მეტი 3; უცხოური ენა (ინგ.) 4 50%-ზე მეტი 1; ,ერთ-ერთი შემდეგი სავალდებულო საგნებიდან; მათემატიკა 4 20%-ზე მეტი 2 15; ისტორია 4 25%-ზე მეტი 2 15; 434; 064 შპს - შავი ზღვის საერთაშორისო უნივერსიტეტი 08.08.2025 10:07; 
0640108,064,ბიზნესის ადმინისტრირება - საბუღალტრო აღრიცხვა და აუდიტი (180 კრედიტი),ბიზნესის ადმინისტრირების ბაკალავრი აღრიცხვასა და დაბეგვრაში,გამოცდა კოეფიციენტი მინ. ზღვარი პრიორიტეტი ადგილების რ-ბა; ქართული ენა და ლიტერატურა 4 25%-ზე მეტი 2; უცხოური ენა (ინგ.; რუს.; გერ.; ფრან.) 4 20%-ზე მეტი 3; მათემატიკა 4 20%-ზე მეტი 1; 435; 064 შპს - შავი ზღვის საერთაშორისო უნივერსიტეტი 08.08.2025 10:07; ,
0640109,064,ბიზნესის ადმინისტრირება - საბუღალტრო აღრიცხვა და აუდიტი (ინგლისურენოვანი) (180 კრედიტი),ბიზნესის ადმინისტრირების ბაკალავრი აღრიცხვასა და დაბეგვრაში,გამოცდა კოეფიციენტი მინ. ზღვარი პრიორიტეტი ადგილების რ-ბა; ქართული ენა და ლიტერატურა 4 25%-ზე მეტი 3; უცხოური ენა (ინგ.) 4 50%-ზე მეტი 2; მათემატიკა 4 20%-ზე მეტი 1; 436; 064 შპს - შავი ზღვის საერთაშორისო უნივერსიტეტი 08.08.2025 10:07; ,
0640110,064,ბიზნესის ადმინისტრირება - ტურიზმი,ბიზნესის ადმინისტრირების ბაკალავრი ტურიზმში,გამოცდა კოეფიციენტი მინ. ზღვარი პრიორიტეტი ადგილების რ-ბა; ქართული ენა და ლიტერატურა 4 25%-ზე მეტი 3; უცხოური ენა (გერ.; ინგ.; რუს.; ფრან.) 4 20%-ზე მეტი 1; ,ერთ-ერთი შემდეგი სავალდებულო საგნებიდან; მათემატიკა 4 20%-ზე მეტი 2 10; ისტორია 4 25%-ზე მეტი 2 25; გეოგრაფია 4 25%-ზე მეტი 2 15; 437; 064 შპს - შავი ზღვის საერთაშორისო უნივერსიტეტი 08.08.2025 10:07; 
0640111,064,ბიზნესის ადმინისტრირება - ტურიზმი (ინგლისურენოვანი),ბიზნესის ადმინისტრირების ბაკალავრი ტურიზმში,გამოცდა კოეფიციენტი მინ. ზღვარი პრიორიტეტი ადგილების რ-ბა; ქართული ენა და ლიტერატურა 4 25%-ზე მეტი 3; უცხოური ენა (ინგ.) 4 50%-ზე მეტი 1; ,ერთ-ერთი შემდეგი სავალდებულო საგნებიდან; მათემატიკა 4 20%-ზე მეტი 2 5; ისტორია 4 25%-ზე მეტი 2 15; გეოგრაფია 4 25%-ზე მეტი 2 10; 438; 064 შპს - შავი ზღვის საერთაშორისო უნივერსიტეტი 08.08.2025 10:07; 
0640112,064,ბიზნესის ადმინისტრირება - ფინანსები (180 კრედიტი),ბიზნესის ადმინისტრირების ბაკალავრი ფინანსებში,გამოცდა კოეფიციენტი მინ. ზღვარი პრიორიტეტი ადგილების რ-ბა; ქართული ენა და ლიტერატურა 4 25%-ზე მეტი 2; უცხოური ენა (ინგ.; რუს.; გერ.; ფრან.) 4 20%-ზე მეტი 3; მათემატიკა 4 20%-ზე მეტი 1; 439; 064 შპს - შავი ზღვის საერთაშორისო უნივერსიტეტი 08.08.2025 10:07; ,
0640113,064,ბიზნესის ადმინისტრირება - ფინანსები (ინგლისურენოვანი) (180 კრედიტი),ბიზნესის ადმინისტრირების ბაკალავრი ფინანსებში,გამოცდა კოეფიციენტი მინ. ზღვარი პრიორიტეტი ადგილების რ-ბა; ქართული ენა და ლიტერატურა 4 25%-ზე მეტი 3; უცხოური ენა (ინგ.) 4 50%-ზე მეტი 2; მათემატიკა 4 20%-ზე მეტი 1; 440; 064 შპს - შავი ზღვის საერთაშორისო უნივერსიტეტი 08.08.2025 10:07; ,
0640114,064,გრაფიკული დიზაინი (ინგლისურენოვანი) (180 კრედიტი),გრაფიკული დიზაინის ბაკალავრი,გამოცდა კოეფიციენტი მინ. ზღვარი პრიორიტეტი ადგილების რ-ბა; ქართული ენა და ლიტერატურა 4 25%-ზე მეტი 3; უცხოური ენა (ინგ.) 4 50%-ზე მეტი 1; ,ერთ-ერთი შემდეგი სავალდებულო საგნებიდან; მათემატიკა 4 20%-ზე მეტი 2 5; ისტორია 4 25%-ზე მეტი 2 25; ხელოვნება 4 25%-ზე მეტი 2 10; 441; 064 შპს - შავი ზღვის საერთაშორისო უნივერსიტეტი 08.08.2025 10:07; 
0640115,064,დიპლომირებული მედიკოსი (ინგლისურენოვანი),დიპლომირებული მედიკოსი,გამოცდა კოეფიციენტი მინ. ზღვარი პრიორიტეტი ადგილების რ-ბა; ქართული ენა და ლიტერატურა 3 25%-ზე მეტი 3; უცხოური ენა (ინგ.) 4 50%-ზე მეტი 2; ბიოლოგია 4 25%-ზე მეტი 1; ,ერთ-ერთი შემდეგი სავალდებულო საგნებიდან; მათემატიკა 1 20%-ზე მეტი 4 12; ფიზიკა 1 25%-ზე მეტი 4 12; ქიმია 1 25%-ზე მეტი 4 16; 442; 064 შპს - შავი ზღვის საერთაშორისო უნივერსიტეტი 08.08.2025 10:07; 
0640116,064,ეკონომიკა,ეკონომიკის ბაკალავრი,გამოცდა კოეფიციენტი მინ. ზღვარი პრიორიტეტი ადგილების რ-ბა; ქართული ენა და ლიტერატურა 3 25%-ზე მეტი 3; უცხოური ენა (გერ.; ინგ.; რუს.; ფრან.) 4 20%-ზე მეტი 2; მათემატიკა 5 20%-ზე მეტი 1; 443; 064 შპს - შავი ზღვის საერთაშორისო უნივერსიტეტი 08.08.2025 10:07; ,
0640117,064,ეკონომიკა (ინგლისურენოვანი),ეკონომიკის ბაკალავრი,გამოცდა კოეფიციენტი მინ. ზღვარი პრიორიტეტი ადგილების რ-ბა; ქართული ენა და ლიტერატურა 3 25%-ზე მეტი 3; უცხოური ენა (ინგ.) 4 50%-ზე მეტი 2; მათემატიკა 5 20%-ზე მეტი 1; 444; 064 შპს - შავი ზღვის საერთაშორისო უნივერსიტეტი 08.08.2025 10:07; ,
0640118,064,ინგლისური ფილოლოგია (ინგლისურენოვანი),ინგლისური ფილოლოგიის ბაკალავრი,გამოცდა კოეფიციენტი მინ. ზღვარი პრიორიტეტი ადგილების რ-ბა; ქართული ენა და ლიტერატურა 3 25%-ზე მეტი 2; უცხოური ენა (ინგ.) 6 60%-ზე მეტი 1; ,ერთ-ერთი შემდეგი სავალდებულო საგნებიდან; ისტორია 3 25%-ზე მეტი 3 65; ლიტერატურა 3 25%-ზე მეტი 3 15; 445; 064 შპს - შავი ზღვის საერთაშორისო უნივერსიტეტი 08.08.2025 10:07; 
0640119,064,კომპიუტერული მეცნიერება,კომპიუტერული მეცნიერების ბაკალავრი,გამოცდა კოეფიციენტი მინ. ზღვარი პრიორიტეტი ადგილების რ-ბა; ქართული ენა და ლიტერატურა 3 25%-ზე მეტი 3; უცხოური ენა (გერ.; ინგ.; რუს.; ფრან.) 4 20%-ზე მეტი 2; ,ერთ-ერთი შემდეგი სავალდებულო საგნებიდან; მათემატიკა 5 20%-ზე მეტი 1 90; ფიზიკა 5 25%-ზე მეტი 1 10; 446; 064 შპს - შავი ზღვის საერთაშორისო უნივერსიტეტი 08.08.2025 10:07; 
0640120,064,კომპიუტერული მეცნიერება (ინგლისურენოვანი),კომპიუტერული მეცნიერების ბაკალავრი,გამოცდა კოეფიციენტი მინ. ზღვარი პრიორიტეტი ადგილების რ-ბა; ქართული ენა და ლიტერატურა 3 25%-ზე მეტი 3; უცხოური ენა (ინგ.) 4 50%-ზე მეტი 2; ,ერთ-ერთი შემდეგი სავალდებულო საგნებიდან; მათემატიკა 5 20%-ზე მეტი 1 65; ფიზიკა 5 25%-ზე მეტი 1 10; 447; 064 შპს - შავი ზღვის საერთაშორისო უნივერსიტეტი 08.08.2025 10:07; 
0640121,064,ჟურნალისტიკა,ჟურნალისტიკის ბაკალავრი,გამოცდა კოეფიციენტი მინ. ზღვარი პრიორიტეტი ადგილების რ-ბა; ქართული ენა და ლიტერატურა 4 25%-ზე მეტი 1; უცხოური ენა (გერ.; ინგ.; რუს.; ფრან.) 4 20%-ზე მეტი 2; ,ერთ-ერთი შემდეგი სავალდებულო საგნებიდან; მათემატიკა 4 20%-ზე მეტი 3 6; ისტორია 4 25%-ზე მეტი 3 28; გეოგრაფია 4 25%-ზე მეტი 3 6; ლიტერატურა 4 25%-ზე მეტი 3 10; სამოქალაქო განათლება 4 25%-ზე მეტი 3 10; 448; 064 შპს - შავი ზღვის საერთაშორისო უნივერსიტეტი 08.08.2025 10:07; 
0640122,064,საერთაშორისო ურთიერთობები,საერთაშორისო ურთიერთობების ბაკალავრი,გამოცდა კოეფიციენტი მინ. ზღვარი პრიორიტეტი ადგილების რ-ბა; ქართული ენა და ლიტერატურა 4 25%-ზე მეტი 2; უცხოური ენა (გერ.; ინგ.; რუს.; ფრან.) 4 20%-ზე მეტი 1; ,ერთ-ერთი შემდეგი სავალდებულო საგნებიდან; მათემატიკა 4 20%-ზე მეტი 3 8; ისტორია 4 25%-ზე მეტი 3 54; გეოგრაფია 4 25%-ზე მეტი 3 8; სამოქალაქო განათლება 4 25%-ზე მეტი 3 10; 449; 064 შპს - შავი ზღვის საერთაშორისო უნივერსიტეტი 08.08.2025 10:07; 
0640123,064,საერთაშორისო ურთიერთობები (ინგლისურენოვანი),საერთაშორისო ურთიერთობების ბაკალავრი,გამოცდა კოეფიციენტი მინ. ზღვარი პრიორიტეტი ადგილების რ-ბა; ქართული ენა და ლიტერატურა 4 25%-ზე მეტი 2; უცხოური ენა (ინგ.) 4 50%-ზე მეტი 1; ,ერთ-ერთი შემდეგი სავალდებულო საგნებიდან; მათემატიკა 4 20%-ზე მეტი 3 8; ისტორია 4 25%-ზე მეტი 3 54; გეოგრაფია 4 25%-ზე მეტი 3 8; სამოქალაქო განათლება 4 25%-ზე მეტი 3 10; 450; 064 შპს - შავი ზღვის საერთაშორისო უნივერსიტეტი 08.08.2025 10:07; 
0640124,064,საზოგადოებასთან ურთიერთობა (PR) (180 კრედიტი),საზოგადოებასთან ურთიერთობის ბაკალავრი,გამოცდა კოეფიციენტი მინ. ზღვარი პრიორიტეტი ადგილების რ-ბა; ქართული ენა და ლიტერატურა 4 25%-ზე მეტი 1; უცხოური ენა (გერ.; ინგ.; რუს.; ფრან.) 4 20%-ზე მეტი 3; ,ერთ-ერთი შემდეგი სავალდებულო საგნებიდან; მათემატიკა 4 20%-ზე მეტი 2 15; ისტორია 4 25%-ზე მეტი 2 45; 451; 064 შპს - შავი ზღვის საერთაშორისო უნივერსიტეტი 08.08.2025 10:07; 
0640125,064,სამართალმცოდნეობა,სამართლის ბაკალავრი,გამოცდა კოეფიციენტი მინ. ზღვარი პრიორიტეტი ადგილების რ-ბა; ქართული ენა და ლიტერატურა 4 25%-ზე მეტი 1; უცხოური ენა (გერ.; ინგ.; რუს.; ფრან.) 4 20%-ზე მეტი 3; ,ერთ-ერთი შემდეგი სავალდებულო საგნებიდან; მათემატიკა 4 20%-ზე მეტი 2 10; ისტორია 4 25%-ზე მეტი 2 66; სამოქალაქო განათლება 4 25%-ზე მეტი 2 14; 452; 064 შპს - შავი ზღვის საერთაშორისო უნივერსიტეტი 08.08.2025 10:07; 
0640126,064,საჯარო ადმინისტრირება და სახელმწიფო მმართველობა (180 კრედიტი),საჯარო მმართველობის ბაკალავრი,გამოცდა კოეფიციენტი მინ. ზღვარი პრიორიტეტი ადგილების რ-ბა; ქართული ენა და ლიტერატურა 4 25%-ზე მეტი 1; უცხოური ენა (ინგ.; რუს.; გერ.; ფრან.) 4 20%-ზე მეტი 3; ,ერთ-ერთი შემდეგი სავალდებულო საგნებიდან; მათემატიკა 4 20%-ზე მეტი 2 6; ისტორია 4 25%-ზე მეტი 2 40; გეოგრაფია 4 25%-ზე მეტი 2 6; სამოქალაქო განათლება 4 25%-ზე მეტი 2 8; 453; 064 შპს - შავი ზღვის საერთაშორისო უნივერსიტეტი 08.08.2025 10:07; 
0640127,064,ფსიქოლოგია,ფსიქოლოგიის ბაკალავრი,გამოცდა კოეფიციენტი მინ. ზღვარი პრიორიტეტი ადგილების რ-ბა; ქართული ენა და ლიტერატურა 4 25%-ზე მეტი 1; უცხოური ენა (გერ.; ინგ.; რუს.; ფრან.) 4 20%-ზე მეტი 2; ,ერთ-ერთი შემდეგი სავალდებულო საგნებიდან; მათემატიკა 4 20%-ზე მეტი 3 15; ისტორია 4 25%-ზე მეტი 3 30; ბიოლოგია 4 25%-ზე მეტი 3 15; 454; 064 შპს - შავი ზღვის საერთაშორისო უნივერსიტეტი 08.08.2025 10:07; 
0640128,064,ფსიქოლოგია (ინგლისურენოვანი),ფსიქოლოგიის ბაკალავრი,გამოცდა კოეფიციენტი მინ. ზღვარი პრიორიტეტი ადგილების რ-ბა; ქართული ენა და ლიტერატურა 4 25%-ზე მეტი 2; უცხოური ენა (ინგ.) 4 50%-ზე მეტი 1; ,"ერთ-ერთი შემდეგი სავალდებულო საგნებიდან; მათემატიკა 4 20%-ზე მეტი 3 7; ისტორია 4 25%-ზე მეტი 3 16; ბიოლოგია 4 25%-ზე მეტი 3 7; 455; 064 შპს - შავი ზღვის საერთაშორისო უნივერსიტეტი 08.08.2025 10:07; 071 სსიპ - იაკობ გოგებაშვილის სახელობის თელავის სახელმწიფო უნივერსიტეტი; მისამართი: ქართული უნივერსიტეტის ქუჩა № 1, თელავი, საქართველო, 2200; ტელეფონი: 0350 272401; ვებგვერდი: www.tesau.edu.ge; ელ.ფოსტა: info@tesau.edu.ge; 456; 071 სსიპ - იაკობ გოგებაშვილის სახელობის თელავის სახელმწიფო უნივერსიტეტი 08.08.2025 10:07; "
0710101,071,აგრონომია,აგრონომიის ბაკალავრი,გამოცდა კოეფიციენტი მინ. ზღვარი პრიორიტეტი ადგილების რ-ბა; ქართული ენა და ლიტერატურა 9 25%-ზე მეტი 1; უცხოური ენა (გერ.; ინგ.; რუს.; ფრან.) 2 20%-ზე მეტი 2; ,ერთ-ერთი შემდეგი სავალდებულო საგნებიდან; მათემატიკა 1 20%-ზე მეტი 3 6; ისტორია 1 25%-ზე მეტი 3 39; ქიმია 1 25%-ზე მეტი 3 6; ბიოლოგია 1 25%-ზე მეტი 3 9; 457; 071 სსიპ - იაკობ გოგებაშვილის სახელობის თელავის სახელმწიფო უნივერსიტეტი 08.08.2025 10:07; 
0710102,071,ბიზნესის ადმინისტრირება,ბიზნესის ადმინისტრირების ბაკალავრი,გამოცდა კოეფიციენტი მინ. ზღვარი პრიორიტეტი ადგილების რ-ბა; ქართული ენა და ლიტერატურა 9 25%-ზე მეტი 1; უცხოური ენა (გერ.; ინგ.; რუს.) 2 20%-ზე მეტი 2; ,ერთ-ერთი შემდეგი სავალდებულო საგნებიდან; მათემატიკა 1 20%-ზე მეტი 3 5; ისტორია 1 25%-ზე მეტი 3 15; 458; 071 სსიპ - იაკობ გოგებაშვილის სახელობის თელავის სახელმწიფო უნივერსიტეტი 08.08.2025 10:07; 
0710103,071,ბიზნესის ადმინისტრირება(180 კრედიტი),ბიზნესის ადმინისტრირების ბაკალავრი,გამოცდა კოეფიციენტი მინ. ზღვარი პრიორიტეტი ადგილების რ-ბა; ქართული ენა და ლიტერატურა 9 25%-ზე მეტი 1; უცხოური ენა (ინგ.; რუს.; გერ.) 2 20%-ზე მეტი 2; ,ერთ-ერთი შემდეგი სავალდებულო საგნებიდან; მათემატიკა 1 20%-ზე მეტი 3 5; ისტორია 1 25%-ზე მეტი 3 25; 459; 071 სსიპ - იაკობ გოგებაშვილის სახელობის თელავის სახელმწიფო უნივერსიტეტი 08.08.2025 10:07; 
0710104,071,ბიოლოგია,ბიოლოგიის ბაკალავრი,გამოცდა კოეფიციენტი მინ. ზღვარი პრიორიტეტი ადგილების რ-ბა; ქართული ენა და ლიტერატურა 9 25%-ზე მეტი 1; უცხოური ენა (გერ.; ინგ.; რუს.) 2 20%-ზე მეტი 2; ,ერთ-ერთი შემდეგი სავალდებულო საგნებიდან; მათემატიკა 1 20%-ზე მეტი 3 2; ქიმია 1 25%-ზე მეტი 3 2; ბიოლოგია 1 25%-ზე მეტი 3 16; 460; 071 სსიპ - იაკობ გოგებაშვილის სახელობის თელავის სახელმწიფო უნივერსიტეტი 08.08.2025 10:07; 
0710105,071,დაწყებითი საფეხურის მასწავლებლის მომზადების ინტეგრირებული საბაკალავრო-სამაგისტრო საგანმანათლებლო პროგრამა,განათლების მაგისტრი,გამოცდა კოეფიციენტი მინ. ზღვარი პრიორიტეტი ადგილების რ-ბა; ქართული ენა და ლიტერატურა 9 25%-ზე მეტი 1; უცხოური ენა (ინგ.; რუს.; გერ.; ფრა.) 2 20%-ზე მეტი 2; ,ერთ-ერთი შემდეგი სავალდებულო საგნებიდან; მათემატიკა 1 20%-ზე მეტი 3 5; ისტორია 1 25%-ზე მეტი 3 40; 461; 071 სსიპ - იაკობ გოგებაშვილის სახელობის თელავის სახელმწიფო უნივერსიტეტი 08.08.2025 10:07; 
0710106,071,ეკონომიკა,ეკონომიკის ბაკალავრი,გამოცდა კოეფიციენტი მინ. ზღვარი პრიორიტეტი ადგილების რ-ბა; ქართული ენა და ლიტერატურა 9 25%-ზე მეტი 1; უცხოური ენა (გერ.; ინგ.; რუს.) 2 20%-ზე მეტი 2; მათემატიკა 1 20%-ზე მეტი 3; 462; 071 სსიპ - იაკობ გოგებაშვილის სახელობის თელავის სახელმწიფო უნივერსიტეტი 08.08.2025 10:07; ,
0710107,071,ინგლისური ფილოლოგია,ინგლისური ფილოლოგიის ბაკალავრი,გამოცდა კოეფიციენტი მინ. ზღვარი პრიორიტეტი ადგილების რ-ბა; ქართული ენა და ლიტერატურა 9 25%-ზე მეტი 1; უცხოური ენა (ინგ.) 2 20%-ზე მეტი 2; ,ერთ-ერთი შემდეგი სავალდებულო საგნებიდან; ისტორია 1 25%-ზე მეტი 3 25; ლიტერატურა 1 25%-ზე მეტი 3 10; 463; 071 სსიპ - იაკობ გოგებაშვილის სახელობის თელავის სახელმწიფო უნივერსიტეტი 08.08.2025 10:07; 
0710108,071,ინფორმაციული ტექნოლოგიები,ინფორმაციული ტექნოლოგიების ბაკალავრი,გამოცდა კოეფიციენტი მინ. ზღვარი პრიორიტეტი ადგილების რ-ბა; ქართული ენა და ლიტერატურა 9 25%-ზე მეტი 1; უცხოური ენა (გერ.; ინგ.; რუს.) 2 20%-ზე მეტი 2; ,ერთ-ერთი შემდეგი სავალდებულო საგნებიდან; მათემატიკა 1 20%-ზე მეტი 3 13; ფიზიკა 1 25%-ზე მეტი 3 2; 464; 071 სსიპ - იაკობ გოგებაშვილის სახელობის თელავის სახელმწიფო უნივერსიტეტი 08.08.2025 10:07; 
0710109,071,ისტორია,ისტორიის ბაკალავრი,გამოცდა კოეფიციენტი მინ. ზღვარი პრიორიტეტი ადგილების რ-ბა; ქართული ენა და ლიტერატურა 9 25%-ზე მეტი 1; უცხოური ენა (გერ.; ინგ.; რუს.; ფრან.) 2 20%-ზე მეტი 2; ,ერთ-ერთი შემდეგი სავალდებულო საგნებიდან; ისტორია 1 25%-ზე მეტი 3 36; ლიტერატურა 1 25%-ზე მეტი 3 4; 465; 071 სსიპ - იაკობ გოგებაშვილის სახელობის თელავის სახელმწიფო უნივერსიტეტი 08.08.2025 10:07; 
0710110,071,სამართალი,სამართლის ბაკალავრი,გამოცდა კოეფიციენტი მინ. ზღვარი პრიორიტეტი ადგილების რ-ბა; ქართული ენა და ლიტერატურა 9 25%-ზე მეტი 1; უცხოური ენა (გერ.; ინგ.; რუს.) 2 20%-ზე მეტი 2; ,ერთ-ერთი შემდეგი სავალდებულო საგნებიდან; მათემატიკა 1 20%-ზე მეტი 3 5; ისტორია 1 25%-ზე მეტი 3 38; სამოქალაქო განათლება 1 25%-ზე მეტი 3 7; 466; 071 სსიპ - იაკობ გოგებაშვილის სახელობის თელავის სახელმწიფო უნივერსიტეტი 08.08.2025 10:07; 
0710111,071,სასურსათო ტექნოლოგია,სასურსათო ტექნოლოგიის ბაკალავრი,გამოცდა კოეფიციენტი მინ. ზღვარი პრიორიტეტი ადგილების რ-ბა; ქართული ენა და ლიტერატურა 9 25%-ზე მეტი 1; უცხოური ენა (გერ.; ინგ.; რუს.; ფრან.) 2 20%-ზე მეტი 2; ,ერთ-ერთი შემდეგი სავალდებულო საგნებიდან; მათემატიკა 1 20%-ზე მეტი 3 12; ისტორია 1 25%-ზე მეტი 3 62; ფიზიკა 1 25%-ზე მეტი 3 12; ქიმია 1 25%-ზე მეტი 3 12; ბიოლოგია 1 25%-ზე მეტი 3 12; 467; 071 სსიპ - იაკობ გოგებაშვილის სახელობის თელავის სახელმწიფო უნივერსიტეტი 08.08.2025 10:07; 
0710112,071,საჯარო მმართველობა,საჯარო მმართველობის ბაკალავრი,გამოცდა კოეფიციენტი მინ. ზღვარი პრიორიტეტი ადგილების რ-ბა; ქართული ენა და ლიტერატურა 9 25%-ზე მეტი 1; უცხოური ენა (ინგ.) 2 20%-ზე მეტი 2; ,ერთ-ერთი შემდეგი სავალდებულო საგნებიდან; მათემატიკა 1 20%-ზე მეტი 3 2; ისტორია 1 25%-ზე მეტი 3 13; გეოგრაფია 1 25%-ზე მეტი 3 3; სამოქალაქო განათლება 1 25%-ზე მეტი 3 2; 468; 071 სსიპ - იაკობ გოგებაშვილის სახელობის თელავის სახელმწიფო უნივერსიტეტი 08.08.2025 10:07; 
0710113,071,ტურიზმი,ტურიზმის ბაკალავრი,გამოცდა კოეფიციენტი მინ. ზღვარი პრიორიტეტი ადგილების რ-ბა; ქართული ენა და ლიტერატურა 9 25%-ზე მეტი 1; უცხოური ენა (გერ.; ინგ.; რუს.) 2 20%-ზე მეტი 2; ,ერთ-ერთი შემდეგი სავალდებულო საგნებიდან; მათემატიკა 1 20%-ზე მეტი 3 3; ისტორია 1 25%-ზე მეტი 3 10; გეოგრაფია 1 25%-ზე მეტი 3 12; 469; 071 სსიპ - იაკობ გოგებაშვილის სახელობის თელავის სახელმწიფო უნივერსიტეტი 08.08.2025 10:07; 
0710114,071,ქართული ფილოლოგია,ქართული ფილოლოგიის ბაკალავრი,გამოცდა კოეფიციენტი მინ. ზღვარი პრიორიტეტი ადგილების რ-ბა; ქართული ენა და ლიტერატურა 9 25%-ზე მეტი 1; უცხოური ენა (გერ.; ინგ.; რუს.; ფრან.) 2 20%-ზე მეტი 2; ,ერთ-ერთი შემდეგი სავალდებულო საგნებიდან; ისტორია 1 25%-ზე მეტი 3 15; ლიტერატურა 1 25%-ზე მეტი 3 20; 470; 071 სსიპ - იაკობ გოგებაშვილის სახელობის თელავის სახელმწიფო უნივერსიტეტი 08.08.2025 10:07; 
0710115,071,ქართულ ენაში მომზადება აზერბაიჯანულენოვანთათვის,,გამოცდა კოეფიციენტი მინ. ზღვარი პრიორიტეტი ადგილების რ-ბა; ზოგადი უნარები (აზერ) 12 30%-ზე მეტი 1; 471; 071 სსიპ - იაკობ გოგებაშვილის სახელობის თელავის სახელმწიფო უნივერსიტეტი 08.08.2025 10:07; ,
0710116,071,ქართულ ენაში მომზადება აფხაზურენოვანთათვის,,გამოცდა კოეფიციენტი მინ. ზღვარი პრიორიტეტი ადგილების რ-ბა; აფხაზური ენა 12 25%-ზე მეტი 1; 472; 071 სსიპ - იაკობ გოგებაშვილის სახელობის თელავის სახელმწიფო უნივერსიტეტი 08.08.2025 10:07; ,
0710117,071,ქართულ ენაში მომზადება ოსურენოვანთათვის,,გამოცდა კოეფიციენტი მინ. ზღვარი პრიორიტეტი ადგილების რ-ბა; ოსური ენა 12 25%-ზე მეტი 1; 473; 071 სსიპ - იაკობ გოგებაშვილის სახელობის თელავის სახელმწიფო უნივერსიტეტი 08.08.2025 10:07; ,
0710118,071,ქართულ ენაში მომზადება სომხურენოვანთათვის,,"გამოცდა კოეფიციენტი მინ. ზღვარი პრიორიტეტი ადგილების რ-ბა; ზოგადი უნარები (სომხ) 12 30%-ზე მეტი 1; 474; 071 სსიპ - იაკობ გოგებაშვილის სახელობის თელავის სახელმწიფო უნივერსიტეტი 08.08.2025 10:07; 085 შპს - ალტე უნივერსიტეტი; მისამართი: ქ. თბილისი, უნივერსიტეტის ქ.#2; ტელეფონი: +995 322402946; ვებგვერდი: www.alte.edu.ge; ელ.ფოსტა: info@alte.edu.ge; 475; 085 შპს - ალტე უნივერსიტეტი 08.08.2025 10:07; ",
0850101,085,ბიზნესის ადმინისტრირება (180 კრედიტი),ბიზნესის ადმინისტრირების ბაკალავრი,გამოცდა კოეფიციენტი მინ. ზღვარი პრიორიტეტი ადგილების რ-ბა; ქართული ენა და ლიტერატურა 3 25%-ზე მეტი 3; უცხოური ენა (ინგ.) 5 20%-ზე მეტი 1; ,ერთ-ერთი შემდეგი სავალდებულო საგნებიდან; მათემატიკა 4 20%-ზე მეტი 2 30; ისტორია 4 25%-ზე მეტი 2 60; 477; 085 შპს - ალტე უნივერსიტეტი 08.08.2025 10:07; 
0850102,085,კომპიუტერული მეცნიერება (ინგლისურენოვანი),კომპიუტერული მეცნიერების ბაკალავრი,გამოცდა კოეფიციენტი მინ. ზღვარი პრიორიტეტი ადგილების რ-ბა; ქართული ენა და ლიტერატურა 1 25%-ზე მეტი 3; უცხოური ენა (ინგ.) 5 70%-ზე მეტი 2; ,ერთ-ერთი შემდეგი სავალდებულო საგნებიდან; მათემატიკა 6 20%-ზე მეტი 1 17; ფიზიკა 6 25%-ზე მეტი 1 10; 478; 085 შპს - ალტე უნივერსიტეტი 08.08.2025 10:07; 
0850103,085,კომპიუტერული მეცნიერება (ქართულენოვანი),კომპიუტერული მეცნიერების ბაკალავრი,გამოცდა კოეფიციენტი მინ. ზღვარი პრიორიტეტი ადგილების რ-ბა; ქართული ენა და ლიტერატურა 1 25%-ზე მეტი 3; უცხოური ენა (ინგ.) 4 50%-ზე მეტი 2; ,ერთ-ერთი შემდეგი სავალდებულო საგნებიდან; მათემატიკა 7 20%-ზე მეტი 1 80; ფიზიკა 7 25%-ზე მეტი 1 15; 479; 085 შპს - ალტე უნივერსიტეტი 08.08.2025 10:07; 
0850104,085,მედიცინა,დიპლომირებული მედიკოსი,გამოცდა კოეფიციენტი მინ. ზღვარი პრიორიტეტი ადგილების რ-ბა; ქართული ენა და ლიტერატურა 3 25%-ზე მეტი 3; უცხოური ენა (ინგ.) 3 20%-ზე მეტი 2; ბიოლოგია 4 25%-ზე მეტი 1; ,ერთ-ერთი შემდეგი სავალდებულო საგნებიდან; მათემატიკა 2 20%-ზე მეტი 4 27; ფიზიკა 2 25%-ზე მეტი 4 27; ქიმია 2 25%-ზე მეტი 4 36; 480; 085 შპს - ალტე უნივერსიტეტი 08.08.2025 10:07; 
0850105,085,მედიცინა (ინგლისურენოვანი),დიპლომირებული მედიკოსი,გამოცდა კოეფიციენტი მინ. ზღვარი პრიორიტეტი ადგილების რ-ბა; ქართული ენა და ლიტერატურა 1 25%-ზე მეტი 4; უცხოური ენა (ინგ.) 5 20%-ზე მეტი 1; ბიოლოგია 4 25%-ზე მეტი 2; ,ერთ-ერთი შემდეგი სავალდებულო საგნებიდან; მათემატიკა 2 20%-ზე მეტი 3 6; ფიზიკა 2 25%-ზე მეტი 3 6; ქიმია 2 25%-ზე მეტი 3 8; 481; 085 შპს - ალტე უნივერსიტეტი 08.08.2025 10:07; 
0850106,085,სამართალი,სამართლის ბაკალავრი,გამოცდა კოეფიციენტი მინ. ზღვარი პრიორიტეტი ადგილების რ-ბა; ქართული ენა და ლიტერატურა 5 25%-ზე მეტი 1; უცხოური ენა (ინგ.) 2 20%-ზე მეტი 3; ,ერთ-ერთი შემდეგი სავალდებულო საგნებიდან; მათემატიკა 5 20%-ზე მეტი 2 6; ისტორია 5 25%-ზე მეტი 2 37; სამოქალაქო განათლება 5 25%-ზე მეტი 2 17; 482; 085 შპს - ალტე უნივერსიტეტი 08.08.2025 10:07; 
0850107,085,სტომატოლოგია (ინგლისურენოვანი),დიპლომირებული სტომატოლოგი,გამოცდა კოეფიციენტი მინ. ზღვარი პრიორიტეტი ადგილების რ-ბა; ქართული ენა და ლიტერატურა 1 25%-ზე მეტი 4; უცხოური ენა (ინგ.) 5 20%-ზე მეტი 1; ბიოლოგია 4 25%-ზე მეტი 2; ,ერთ-ერთი შემდეგი სავალდებულო საგნებიდან; მათემატიკა 2 20%-ზე მეტი 3 3; ფიზიკა 2 25%-ზე მეტი 3 3; ქიმია 2 25%-ზე მეტი 3 4; 483; 085 შპს - ალტე უნივერსიტეტი 08.08.2025 10:07; 
0850108,085,ტურიზმი,ტურიზმის ბაკალავრი,გამოცდა კოეფიციენტი მინ. ზღვარი პრიორიტეტი ადგილების რ-ბა; ქართული ენა და ლიტერატურა 4 25%-ზე მეტი 2; უცხოური ენა (ინგ.) 4 20%-ზე მეტი 1; ,ერთ-ერთი შემდეგი სავალდებულო საგნებიდან; მათემატიკა 4 20%-ზე მეტი 3 10; ისტორია 4 25%-ზე მეტი 3 35; გეოგრაფია 4 25%-ზე მეტი 3 15; 484; 085 შპს - ალტე უნივერსიტეტი 08.08.2025 10:07; 
0850109,085,ფსიქოლოგია,ფსიქოლოგიის ბაკალავრი,გამოცდა კოეფიციენტი მინ. ზღვარი პრიორიტეტი ადგილების რ-ბა; ქართული ენა და ლიტერატურა 5 25%-ზე მეტი 1; უცხოური ენა (ინგ.) 5 20%-ზე მეტი 2; ,"ერთ-ერთი შემდეგი სავალდებულო საგნებიდან; მათემატიკა 2 20%-ზე მეტი 3 10; ისტორია 2 25%-ზე მეტი 3 70; ბიოლოგია 2 25%-ზე მეტი 3 10; 485; 085 შპს - ალტე უნივერსიტეტი 08.08.2025 10:07; 088 შპს - სულხან-საბა ორბელიანის უნივერსიტეტი; მისამართი: საქართველო, 0186 თბილისი, კალისტრატე ქუთათელაძის ქ. № 3; ტელეფონი: 032 2 42 22 42; ვებგვერდი: www.sabauni.edu.ge; ელ.ფოსტა: info@sabauni.edu.ge; 486; 088 შპს - სულხან-საბა ორბელიანის უნივერსიტეტი 08.08.2025 10:07; "
0880101,088,სამართალი,სამართლის ბაკალავრი,გამოცდა კოეფიციენტი მინ. ზღვარი პრიორიტეტი ადგილების რ-ბა; ქართული ენა და ლიტერატურა 4 25%-ზე მეტი 2; უცხოური ენა (გერ.; ინგ.; რუს.; ფრან.) 4 20%-ზე მეტი 3; ,ერთ-ერთი შემდეგი სავალდებულო საგნებიდან; მათემატიკა 4 20%-ზე მეტი 1 8; ისტორია 4 25%-ზე მეტი 1 64; სამოქალაქო განათლება 4 25%-ზე მეტი 1 8; 488; 088 შპს - სულხან-საბა ორბელიანის უნივერსიტეტი 08.08.2025 10:07; 
0880102,088,ფსიქოლოგია,ფსიქოლოგიის ბაკალავრი,გამოცდა კოეფიციენტი მინ. ზღვარი პრიორიტეტი ადგილების რ-ბა; ქართული ენა და ლიტერატურა 4 25%-ზე მეტი 1; უცხოური ენა (გერ.; ინგ.; რუს.; ფრან.) 4 20%-ზე მეტი 2; ,ერთ-ერთი შემდეგი სავალდებულო საგნებიდან; მათემატიკა 4 20%-ზე მეტი 3 8; ისტორია 4 25%-ზე მეტი 3 64; ბიოლოგია 4 25%-ზე მეტი 3 8; 489; 088 შპს - სულხან-საბა ორბელიანის უნივერსიტეტი 08.08.2025 10:07; 
0880103,088,ტურიზმი,ტურიზმის ბაკალავრი,გამოცდა კოეფიციენტი მინ. ზღვარი პრიორიტეტი ადგილების რ-ბა; ქართული ენა და ლიტერატურა 4 25%-ზე მეტი 2; უცხოური ენა (გერ.; ინგ.; რუს.; ფრან.) 4 20%-ზე მეტი 3; ,ერთ-ერთი შემდეგი სავალდებულო საგნებიდან; მათემატიკა 4 20%-ზე მეტი 1 6; ისტორია 4 25%-ზე მეტი 1 36; გეოგრაფია 4 25%-ზე მეტი 1 18; 490; 088 შპს - სულხან-საბა ორბელიანის უნივერსიტეტი 08.08.2025 10:07; 
0880104,088,ბიზნესის ადმინისტრირება,ბიზნესის ადმინისტრირების ბაკალავრი მენეჯმენტში,გამოცდა კოეფიციენტი მინ. ზღვარი პრიორიტეტი ადგილების რ-ბა; ქართული ენა და ლიტერატურა 4 25%-ზე მეტი 2; უცხოური ენა (ინგ.; რუს.; გერ.; ფრან.) 4 20%-ზე მეტი 3; ,ერთ-ერთი შემდეგი სავალდებულო საგნებიდან; მათემატიკა 4 20%-ზე მეტი 1 18; ისტორია 4 25%-ზე მეტი 1 42; 491; 088 შპს - სულხან-საბა ორბელიანის უნივერსიტეტი 08.08.2025 10:07; 
0880105,088,ბიზნესის ადმინისტრირება (ინგლისურენოვანი),ბიზნესის ადმინისტრირების ბაკალავრი,გამოცდა კოეფიციენტი მინ. ზღვარი პრიორიტეტი ადგილების რ-ბა; ქართული ენა და ლიტერატურა 4 25%-ზე მეტი 3; უცხოური ენა (ინგ.) 4 60%-ზე მეტი 1; ,ერთ-ერთი შემდეგი სავალდებულო საგნებიდან; მათემატიკა 4 20%-ზე მეტი 2 12; ისტორია 4 25%-ზე მეტი 2 8; 492; 088 შპს - სულხან-საბა ორბელიანის უნივერსიტეტი 08.08.2025 10:07; 
0880106,088,საჯარო მმართველობა,საჯარო მმართველობის ბაკალავრი,გამოცდა კოეფიციენტი მინ. ზღვარი პრიორიტეტი ადგილების რ-ბა; ქართული ენა და ლიტერატურა 4 25%-ზე მეტი 1; უცხოური ენა (ინგ.; რუს.; გერ.; ფრან.) 4 20%-ზე მეტი 2; ,ერთ-ერთი შემდეგი სავალდებულო საგნებიდან; მათემატიკა 4 20%-ზე მეტი 3 3; ისტორია 4 25%-ზე მეტი 3 18; გეოგრაფია 4 25%-ზე მეტი 3 3; სამოქალაქო განათლება 4 25%-ზე მეტი 3 6; 493; 088 შპს - სულხან-საბა ორბელიანის უნივერსიტეტი 08.08.2025 10:07; 
0880107,088,საერთაშორისო ურთიერთობები,საერთაშორისო ურთიერთობების ბაკალავრი,გამოცდა კოეფიციენტი მინ. ზღვარი პრიორიტეტი ადგილების რ-ბა; ქართული ენა და ლიტერატურა 4 25%-ზე მეტი 2; უცხოური ენა (გერ.; ინგ.; რუს.; ფრან.) 4 20%-ზე მეტი 3; ,ერთ-ერთი შემდეგი სავალდებულო საგნებიდან; მათემატიკა 4 20%-ზე მეტი 1 3; ისტორია 4 25%-ზე მეტი 1 21; გეოგრაფია 4 25%-ზე მეტი 1 3; სამოქალაქო განათლება 4 25%-ზე მეტი 1 3; 494; 088 შპს - სულხან-საბა ორბელიანის უნივერსიტეტი 08.08.2025 10:07; 
0880108,088,პოლიტიკის მეცნიერება,პოლიტიკის მეცნიერების ბაკალავრი,გამოცდა კოეფიციენტი მინ. ზღვარი პრიორიტეტი ადგილების რ-ბა; ქართული ენა და ლიტერატურა 4 25%-ზე მეტი 2; უცხოური ენა (გერ.; ინგ.; რუს.; ფრან.) 4 20%-ზე მეტი 3; ,ერთ-ერთი შემდეგი სავალდებულო საგნებიდან; მათემატიკა 4 20%-ზე მეტი 1 2; ისტორია 4 25%-ზე მეტი 1 14; გეოგრაფია 4 25%-ზე მეტი 1 2; სამოქალაქო განათლება 4 25%-ზე მეტი 1 2; 495; 088 შპს - სულხან-საბა ორბელიანის უნივერსიტეტი 08.08.2025 10:07; 
0880109,088,ინგლისური ფილოლოგია,ჰუმანიტარული მეცნიერებების ბაკალავრი ინგლისურ ფილოლოგიაში,გამოცდა კოეფიციენტი მინ. ზღვარი პრიორიტეტი ადგილების რ-ბა; ქართული ენა და ლიტერატურა 4 25%-ზე მეტი 2; უცხოური ენა (ინგ.) 4 20%-ზე მეტი 1; ,ერთ-ერთი შემდეგი სავალდებულო საგნებიდან; ისტორია 4 25%-ზე მეტი 3 40; ლიტერატურა 4 25%-ზე მეტი 3 10; 496; 088 შპს - სულხან-საბა ორბელიანის უნივერსიტეტი 08.08.2025 10:07; 
0880110,088,თეოლოგია,ჰუმანიტარული მეცნიერებების ბაკალავრი თეოლოგიაში,გამოცდა კოეფიციენტი მინ. ზღვარი პრიორიტეტი ადგილების რ-ბა; ქართული ენა და ლიტერატურა 4 25%-ზე მეტი 2; უცხოური ენა (გერ.; ინგ.; რუს.; ფრან.) 4 20%-ზე მეტი 3; ,"ერთ-ერთი შემდეგი სავალდებულო საგნებიდან; ისტორია 4 25%-ზე მეტი 1 8; ლიტერატურა 4 25%-ზე მეტი 1 2; 497; 088 შპს - სულხან-საბა ორბელიანის უნივერსიტეტი 08.08.2025 10:07; 097 სსიპ - შოთა მესხიას ზუგდიდის სახელმწიფო უნივერსიტეტი; მისამართი: ზუგდიდი, ჯანაშიას ქუჩა N14;; ტელეფონი: 595097209; ვებგვერდი: www.zssu.ge; ელ.ფოსტა: zssuedu@gmail.com; 498; 097 სსიპ - შოთა მესხიას ზუგდიდის სახელმწიფო უნივერსიტეტი 08.08.2025 10:07; "
0970101,097,ბიზნესის ადმინისტრირება,ბიზნესის ადმინისტრირების ბაკალავრი,გამოცდა კოეფიციენტი მინ. ზღვარი პრიორიტეტი ადგილების რ-ბა; ქართული ენა და ლიტერატურა 5 25%-ზე მეტი 1; უცხოური ენა (გერ.; ინგ.; რუს.; ფრან.) 4 20%-ზე მეტი 2; ,ერთ-ერთი შემდეგი სავალდებულო საგნებიდან; მათემატიკა 3 20%-ზე მეტი 3 10; ისტორია 3 25%-ზე მეტი 3 20; 499; 097 სსიპ - შოთა მესხიას ზუგდიდის სახელმწიფო უნივერსიტეტი 08.08.2025 10:07; 
0970102,097,ვეტერინარია,ვეტერინარიის მაგისტრი,გამოცდა კოეფიციენტი მინ. ზღვარი პრიორიტეტი ადგილების რ-ბა; ქართული ენა და ლიტერატურა 5 25%-ზე მეტი 1; უცხოური ენა (გერ.; ინგ.; რუს.; ფრან.) 4 20%-ზე მეტი 2; ,ერთ-ერთი შემდეგი სავალდებულო საგნებიდან; მათემატიკა 3 20%-ზე მეტი 3 2; ისტორია 3 25%-ზე მეტი 3 9; ქიმია 3 25%-ზე მეტი 3 2; ბიოლოგია 3 25%-ზე მეტი 3 2; 500; 097 სსიპ - შოთა მესხიას ზუგდიდის სახელმწიფო უნივერსიტეტი 08.08.2025 10:07; 
0970103,097,ზოგადი განათლების დაწყებითი საფეხურის მასწავლებლის მომზადების ინტეგრირებული საბაკალავრო-სამაგისტრო საგანმანათლებლო,განათლების მაგისტრი,გამოცდა კოეფიციენტი მინ. ზღვარი პრიორიტეტი ადგილების რ-ბა; ქართული ენა და ლიტერატურა 5 25%-ზე მეტი 1; უცხოური ენა (გერ.; ინგ.; რუს.; ფრან.) 4 20%-ზე მეტი 2; ,ერთ-ერთი შემდეგი სავალდებულო საგნებიდან; მათემატიკა 3 20%-ზე მეტი 3 7; ისტორია 3 25%-ზე მეტი 3 18; 501; 097 სსიპ - შოთა მესხიას ზუგდიდის სახელმწიფო უნივერსიტეტი 08.08.2025 10:07; 
0970104,097,ინგლისური ფილოლოგია,ჰუმანიტარული მეცნიერებების ბაკალავრი ინგლისურ ფილოლოგიაში,გამოცდა კოეფიციენტი მინ. ზღვარი პრიორიტეტი ადგილების რ-ბა; ქართული ენა და ლიტერატურა 5 25%-ზე მეტი 1; უცხოური ენა (გერ.; ინგ.; რუს.; ფრან.) 4 20%-ზე მეტი 2; ,ერთ-ერთი შემდეგი სავალდებულო საგნებიდან; ისტორია 3 25%-ზე მეტი 3 14; ლიტერატურა 3 25%-ზე მეტი 3 6; 502; 097 სსიპ - შოთა მესხიას ზუგდიდის სახელმწიფო უნივერსიტეტი 08.08.2025 10:07; 
0970105,097,ინფორმაციული ტექნოლოგიები,ინფორმაციული ტექნოლოგიების ბაკალავრი,გამოცდა კოეფიციენტი მინ. ზღვარი პრიორიტეტი ადგილების რ-ბა; ქართული ენა და ლიტერატურა 5 25%-ზე მეტი 1; უცხოური ენა (გერ.; ინგ.; რუს.; ფრან.) 4 20%-ზე მეტი 2; ,ერთ-ერთი შემდეგი სავალდებულო საგნებიდან; მათემატიკა 3 20%-ზე მეტი 3 13; ფიზიკა 3 25%-ზე მეტი 3 2; 503; 097 სსიპ - შოთა მესხიას ზუგდიდის სახელმწიფო უნივერსიტეტი 08.08.2025 10:07; 
0970106,097,ისტორია,ისტორიის ბაკალავრი,გამოცდა კოეფიციენტი მინ. ზღვარი პრიორიტეტი ადგილების რ-ბა; ქართული ენა და ლიტერატურა 5 25%-ზე მეტი 1; უცხოური ენა (გერ.; ინგ.; რუს.; ფრან.) 4 20%-ზე მეტი 2; ,ერთ-ერთი შემდეგი სავალდებულო საგნებიდან; ისტორია 3 25%-ზე მეტი 3 15; ლიტერატურა 3 25%-ზე მეტი 3 5; 504; 097 სსიპ - შოთა მესხიას ზუგდიდის სახელმწიფო უნივერსიტეტი 08.08.2025 10:07; 
0970107,097,სამართალი,სამართლის ბაკალავრი,გამოცდა კოეფიციენტი მინ. ზღვარი პრიორიტეტი ადგილების რ-ბა; ქართული ენა და ლიტერატურა 5 25%-ზე მეტი 1; უცხოური ენა (გერ.; ინგ.; რუს.; ფრან.) 4 20%-ზე მეტი 2; ,ერთ-ერთი შემდეგი სავალდებულო საგნებიდან; მათემატიკა 3 20%-ზე მეტი 3 4; ისტორია 3 25%-ზე მეტი 3 17; სამოქალაქო განათლება 3 25%-ზე მეტი 3 16; 505; 097 სსიპ - შოთა მესხიას ზუგდიდის სახელმწიფო უნივერსიტეტი 08.08.2025 10:07; 
0970108,097,საჯარო მმართველობა,საჯარო მმართველობის ბაკალავრი,გამოცდა კოეფიციენტი მინ. ზღვარი პრიორიტეტი ადგილების რ-ბა; ქართული ენა და ლიტერატურა 5 25%-ზე მეტი 1; უცხოური ენა (ინგ.; რუს.; გერ.; ფრან.) 4 20%-ზე მეტი 2; ,ერთ-ერთი შემდეგი სავალდებულო საგნებიდან; მათემატიკა 3 20%-ზე მეტი 3 4; ისტორია 3 25%-ზე მეტი 3 17; გეოგრაფია 3 25%-ზე მეტი 3 6; სამოქალაქო განათლება 3 25%-ზე მეტი 3 8; 506; 097 სსიპ - შოთა მესხიას ზუგდიდის სახელმწიფო უნივერსიტეტი 08.08.2025 10:07; 
0970109,097,სკოლამდელი განათლება,სკოლამდელი განათლების ბაკალავრი,გამოცდა კოეფიციენტი მინ. ზღვარი პრიორიტეტი ადგილების რ-ბა; ქართული ენა და ლიტერატურა 5 25%-ზე მეტი 1; უცხოური ენა (გერ.; ინგ.; რუს.; ფრან.) 4 20%-ზე მეტი 2; ,ერთ-ერთი შემდეგი სავალდებულო საგნებიდან; მათემატიკა 3 20%-ზე მეტი 3 2; ისტორია 3 25%-ზე მეტი 3 13; 507; 097 სსიპ - შოთა მესხიას ზუგდიდის სახელმწიფო უნივერსიტეტი 08.08.2025 10:07; 
0970110,097,ფარმაცია,ფარმაციის ბაკალავრი,გამოცდა კოეფიციენტი მინ. ზღვარი პრიორიტეტი ადგილების რ-ბა; ქართული ენა და ლიტერატურა 3 25%-ზე მეტი 2; უცხოური ენა (ინგ.; რუს.; გერ.; ფრან.) 5 20%-ზე მეტი 1; ბიოლოგია 2 25%-ზე მეტი 3; ,ერთ-ერთი შემდეგი სავალდებულო საგნებიდან; მათემატიკა 2 20%-ზე მეტი 4 5; ფიზიკა 2 25%-ზე მეტი 4 5; ქიმია 2 25%-ზე მეტი 4 5; 508; 097 სსიპ - შოთა მესხიას ზუგდიდის სახელმწიფო უნივერსიტეტი 08.08.2025 10:07; 
0970111,097,ქართული ფილოლოგია,ქართული ფილოლოგიის ბაკალავრი,გამოცდა კოეფიციენტი მინ. ზღვარი პრიორიტეტი ადგილების რ-ბა; ქართული ენა და ლიტერატურა 5 25%-ზე მეტი 1; უცხოური ენა (გერ.; ინგ.; რუს.; ფრან.) 4 20%-ზე მეტი 2; ,ერთ-ერთი შემდეგი სავალდებულო საგნებიდან; ისტორია 3 25%-ზე მეტი 3 7; ლიტერატურა 3 25%-ზე მეტი 3 13; 509; 097 სსიპ - შოთა მესხიას ზუგდიდის სახელმწიფო უნივერსიტეტი 08.08.2025 10:07; 
0970112,097,ქართულ ენაში მომზადების საგანმანათლებლო პროგრამა აზერბაიჯანულენოვანთათვის,,გამოცდა კოეფიციენტი მინ. ზღვარი პრიორიტეტი ადგილების რ-ბა; ზოგადი უნარები (აზერ) 12 30%-ზე მეტი 1; 510; 097 სსიპ - შოთა მესხიას ზუგდიდის სახელმწიფო უნივერსიტეტი 08.08.2025 10:07; ,
0970113,097,ქართულ ენაში მომზადების საგანმანათლებლო პროგრამა აფხაზურენოვანთათვის,,გამოცდა კოეფიციენტი მინ. ზღვარი პრიორიტეტი ადგილების რ-ბა; აფხაზური ენა 12 25%-ზე მეტი 1; 511; 097 სსიპ - შოთა მესხიას ზუგდიდის სახელმწიფო უნივერსიტეტი 08.08.2025 10:07; ,
0970114,097,ქართულ ენაში მომზადების საგანმანათლებლო პროგრამა ოსურენოვანთათვის,,გამოცდა კოეფიციენტი მინ. ზღვარი პრიორიტეტი ადგილების რ-ბა; ოსური ენა 12 25%-ზე მეტი 1; 512; 097 სსიპ - შოთა მესხიას ზუგდიდის სახელმწიფო უნივერსიტეტი 08.08.2025 10:07; ,
0970115,097,ქართულ ენაში მომზადების საგანმანათლებლო პროგრამა სომხურენოვანთათვის,,"გამოცდა კოეფიციენტი მინ. ზღვარი პრიორიტეტი ადგილების რ-ბა; ზოგადი უნარები (სომხ) 12 30%-ზე მეტი 1; 513; 097 სსიპ - შოთა მესხიას ზუგდიდის სახელმწიფო უნივერსიტეტი 08.08.2025 10:07; 098 სსიპ - თბილისის აპოლონ ქუთათელაძის სახელობის სახელმწიფო სამხატვრო აკადემია; მისამართი: 0108, თბილისი, გრიბოედოვის ქ. №22; ტელეფონი: +995 32 2936959; ვებგვერდი: www.art.edu.ge; ელ.ფოსტა: info@art.edu.ge; 514; 098 სსიპ - თბილისის აპოლონ ქუთათელაძის სახელობის სახელმწიფო სამხატვრო აკადემია 08.08.2025 10:07; ",
0980101,098,არქიტექტურა,არქიტექტურის ბაკალავრი,შემოქმედებითი ტური (გამოცდა ხაზვაში); აკრედიტაცია აკრედიტაციის ვადა სწავლების ენა დაფინანსება კრედიტების რ-ბა წლიური საფასური ადგილების რ-ბა; აკრედიტებული 31-12-2026 ქართული ენა ფინანსდება 249 2250 65; გამოცდა კოეფიციენტი მინ. ზღვარი პრიორიტეტი ადგილების რ-ბა; ქართული ენა და ლიტერატურა 3 25%-ზე მეტი 2; უცხოური ენა (ინგ.; გერ.; ფრან.) 2 20%-ზე მეტი 3; ,ერთ-ერთი შემდეგი სავალდებულო საგნებიდან; მათემატიკა 7 20%-ზე მეტი 1 58; ფიზიკა 7 25%-ზე მეტი 1 7; 515; 098 სსიპ - თბილისის აპოლონ ქუთათელაძის სახელობის სახელმწიფო სამხატვრო აკადემია 08.08.2025 10:07; 
0980102,098,ინტერიერის დიზაინი,ინტერიერის დიზაინის ბაკალავრი,შემოქმედებითი ტური (გამოცდა ხაზვაში); აკრედიტაცია აკრედიტაციის ვადა სწავლების ენა დაფინანსება კრედიტების რ-ბა წლიური საფასური ადგილების რ-ბა; აკრედიტებული 19-12-2030 ქართული ენა ფინანსდება 240 2250 20; გამოცდა კოეფიციენტი მინ. ზღვარი პრიორიტეტი ადგილების რ-ბა; ქართული ენა და ლიტერატურა 1 25%-ზე მეტი 3; უცხოური ენა (ინგ.; გერ.; ფრან.) 1 20%-ზე მეტი 4; შემოქმედებითი ტური 9 1; ,ერთ-ერთი შემდეგი სავალდებულო საგნებიდან; მათემატიკა 1 20%-ზე მეტი 2 14; ისტორია 1 25%-ზე მეტი 2 2; ხელოვნება 1 25%-ზე მეტი 2 4; 516; 098 სსიპ - თბილისის აპოლონ ქუთათელაძის სახელობის სახელმწიფო სამხატვრო აკადემია 08.08.2025 10:07; 
0980103,098,ფერწერა,ხელოვნების ბაკალავრი ფერწერაში,გამოცდა კოეფიციენტი მინ. ზღვარი პრიორიტეტი ადგილების რ-ბა; ქართული ენა და ლიტერატურა 1 25%-ზე მეტი 2; უცხოური ენა (ინგ.; გერ.; ფრან.) 1 20%-ზე მეტი 3; შემოქმედებითი ტური 10 1; 517; 098 სსიპ - თბილისის აპოლონ ქუთათელაძის სახელობის სახელმწიფო სამხატვრო აკადემია 08.08.2025 10:07; ,
0980104,098,გრაფიკა/გრაფიკის ხელოვნება,ხელოვნების ბაკალავრი გრაფიკაში,გამოცდა კოეფიციენტი მინ. ზღვარი პრიორიტეტი ადგილების რ-ბა; ქართული ენა და ლიტერატურა 1 25%-ზე მეტი 2; უცხოური ენა (ინგ.; გერ.; ფრან.) 1 20%-ზე მეტი 3; შემოქმედებითი ტური 10 1; 518; 098 სსიპ - თბილისის აპოლონ ქუთათელაძის სახელობის სახელმწიფო სამხატვრო აკადემია 08.08.2025 10:07; ,
0980105,098,ვიზუალური ხელოვნება,სახვითი ხელოვნების ბაკალავრი,გამოცდა კოეფიციენტი მინ. ზღვარი პრიორიტეტი ადგილების რ-ბა; ქართული ენა და ლიტერატურა 1 25%-ზე მეტი 2; უცხოური ენა (ინგ.; გერ.; ფრან.) 1 20%-ზე მეტი 3; შემოქმედებითი ტური 10 1; 519; 098 სსიპ - თბილისის აპოლონ ქუთათელაძის სახელობის სახელმწიფო სამხატვრო აკადემია 08.08.2025 10:07; ,
0980106,098,ქანდაკება,ხელოვნების ბაკალავრი ქანდაკებაში,გამოცდა კოეფიციენტი მინ. ზღვარი პრიორიტეტი ადგილების რ-ბა; ქართული ენა და ლიტერატურა 1 25%-ზე მეტი 2; უცხოური ენა (ინგ.; გერ.; ფრან.) 1 20%-ზე მეტი 3; შემოქმედებითი ტური 10 1; 520; 098 სსიპ - თბილისის აპოლონ ქუთათელაძის სახელობის სახელმწიფო სამხატვრო აკადემია 08.08.2025 10:07; ,
0980107,098,მოდის დიზაინი,ხელოვნების ბაკალავრი მოდის დიზაინში,გამოცდა კოეფიციენტი მინ. ზღვარი პრიორიტეტი ადგილების რ-ბა; ქართული ენა და ლიტერატურა 1 25%-ზე მეტი 2; უცხოური ენა (ინგ.; გერ.; ფრან.) 1 20%-ზე მეტი 3; შემოქმედებითი ტური 10 1; 521; 098 სსიპ - თბილისის აპოლონ ქუთათელაძის სახელობის სახელმწიფო სამხატვრო აკადემია 08.08.2025 10:07; ,
0980108,098,სამრეწველო დიზაინი,ხელოვნების ბაკალავრი სამრეწველო დიზაინში,გამოცდა კოეფიციენტი მინ. ზღვარი პრიორიტეტი ადგილების რ-ბა; ქართული ენა და ლიტერატურა 1 25%-ზე მეტი 2; უცხოური ენა (ინგ.; გერ.; ფრან.) 1 20%-ზე მეტი 3; შემოქმედებითი ტური 10 1; 522; 098 სსიპ - თბილისის აპოლონ ქუთათელაძის სახელობის სახელმწიფო სამხატვრო აკადემია 08.08.2025 10:07; ,
0980109,098,ტექსტილის დიზაინი,ხელოვნების ბაკალავრი ტექსტილის დიზაინში,გამოცდა კოეფიციენტი მინ. ზღვარი პრიორიტეტი ადგილების რ-ბა; ქართული ენა და ლიტერატურა 1 25%-ზე მეტი 2; უცხოური ენა (ინგ.; გერ.; ფრან.) 1 20%-ზე მეტი 3; შემოქმედებითი ტური 10 1; 523; 098 სსიპ - თბილისის აპოლონ ქუთათელაძის სახელობის სახელმწიფო სამხატვრო აკადემია 08.08.2025 10:07; ,
0980110,098,მხატვრული მინა,ხელოვნების ბაკალავრი მხატვრულ მინაში,გამოცდა კოეფიციენტი მინ. ზღვარი პრიორიტეტი ადგილების რ-ბა; ქართული ენა და ლიტერატურა 1 25%-ზე მეტი 2; უცხოური ენა (ინგ.; გერ.; ფრან.) 1 20%-ზე მეტი 3; შემოქმედებითი ტური 10 1; 524; 098 სსიპ - თბილისის აპოლონ ქუთათელაძის სახელობის სახელმწიფო სამხატვრო აკადემია 08.08.2025 10:07; ,
0980111,098,მხატვრული კერამიკა,ხელოვნების ბაკალავრი მხატვრულ კერამიკაში,გამოცდა კოეფიციენტი მინ. ზღვარი პრიორიტეტი ადგილების რ-ბა; ქართული ენა და ლიტერატურა 1 25%-ზე მეტი 2; უცხოური ენა (ინგ.; გერ.; ფრან.) 1 20%-ზე მეტი 3; შემოქმედებითი ტური 10 1; 525; 098 სსიპ - თბილისის აპოლონ ქუთათელაძის სახელობის სახელმწიფო სამხატვრო აკადემია 08.08.2025 10:07; ,
0980112,098,საიუველირო და ლითონის დამუშავების ხელოვნება,ხელოვნების ბაკალავრი საიუველირო ხელოვნებაში,გამოცდა კოეფიციენტი მინ. ზღვარი პრიორიტეტი ადგილების რ-ბა; ქართული ენა და ლიტერატურა 1 25%-ზე მეტი 2; უცხოური ენა (ინგ.; გერ.; ფრან.) 1 20%-ზე მეტი 3; შემოქმედებითი ტური 10 1; 526; 098 სსიპ - თბილისის აპოლონ ქუთათელაძის სახელობის სახელმწიფო სამხატვრო აკადემია 08.08.2025 10:07; ,
0980113,098,ავეჯის პროექტირება და ხის მხატვრული დამუშავება,ხელოვნების ბაკალავრი ხის მხატვრულ დამუშავებაში,გამოცდა კოეფიციენტი მინ. ზღვარი პრიორიტეტი ადგილების რ-ბა; ქართული ენა და ლიტერატურა 1 25%-ზე მეტი 2; უცხოური ენა (ინგ.; გერ.; ფრან.) 1 20%-ზე მეტი 3; შემოქმედებითი ტური 10 1; 527; 098 სსიპ - თბილისის აპოლონ ქუთათელაძის სახელობის სახელმწიფო სამხატვრო აკადემია 08.08.2025 10:07; ,
0980114,098,მედიახელოვნება/ციფრული მედია,ხელოვნების ბაკალავრი მედიახელოვნებაში,გამოცდა კოეფიციენტი მინ. ზღვარი პრიორიტეტი ადგილების რ-ბა; ქართული ენა და ლიტერატურა 1 25%-ზე მეტი 3; უცხოური ენა (ინგ.; გერ.; ფრან.) 1 20%-ზე მეტი 4; შემოქმედებითი ტური 7 1; ,ერთ-ერთი შემდეგი სავალდებულო საგნებიდან; მათემატიკა 3 20%-ზე მეტი 2 8; ისტორია 3 25%-ზე მეტი 2 5; ხელოვნება 3 25%-ზე მეტი 2 12; 528; 098 სსიპ - თბილისის აპოლონ ქუთათელაძის სახელობის სახელმწიფო სამხატვრო აკადემია 08.08.2025 10:07; 
0980115,098,გრაფიკული დიზაინი,ხელოვნების ბაკალავრი გრაფიკულ დიზაინში,გამოცდა კოეფიციენტი მინ. ზღვარი პრიორიტეტი ადგილების რ-ბა; ქართული ენა და ლიტერატურა 1 25%-ზე მეტი 3; უცხოური ენა (ინგ.; გერ.; ფრან.) 1 20%-ზე მეტი 4; შემოქმედებითი ტური 7 1; ,ერთ-ერთი შემდეგი სავალდებულო საგნებიდან; მათემატიკა 3 20%-ზე მეტი 2 4; ისტორია 3 25%-ზე მეტი 2 2; ხელოვნება 3 25%-ზე მეტი 2 9; 529; 098 სსიპ - თბილისის აპოლონ ქუთათელაძის სახელობის სახელმწიფო სამხატვრო აკადემია 08.08.2025 10:07; 
0980116,098,ფოტოხელოვნება,ხელოვნების ბაკალავრი ფოტოხელოვნებაში,გამოცდა კოეფიციენტი მინ. ზღვარი პრიორიტეტი ადგილების რ-ბა; ქართული ენა და ლიტერატურა 1 25%-ზე მეტი 3; უცხოური ენა (ინგ.; გერ.; ფრან.) 1 20%-ზე მეტი 4; შემოქმედებითი ტური 7 1; ,ერთ-ერთი შემდეგი სავალდებულო საგნებიდან; მათემატიკა 3 20%-ზე მეტი 2 1; ისტორია 3 25%-ზე მეტი 2 2; ხელოვნება 3 25%-ზე მეტი 2 7; 530; 098 სსიპ - თბილისის აპოლონ ქუთათელაძის სახელობის სახელმწიფო სამხატვრო აკადემია 08.08.2025 10:07; 
0980117,098,ხელოვნების ისტორია და თეორია,ჰუმანიტარული მეცნიერებების ბაკალავრი ხელოვნების ისტორიასა და თეორიაში,გამოცდა კოეფიციენტი მინ. ზღვარი პრიორიტეტი ადგილების რ-ბა; ქართული ენა და ლიტერატურა 4 25%-ზე მეტი 1; უცხოური ენა (გერ.; ინგ.; ფრან.) 4 20%-ზე მეტი 2; ,ერთ-ერთი შემდეგი სავალდებულო საგნებიდან; ისტორია 4 25%-ზე მეტი 3 8; ლიტერატურა 4 25%-ზე მეტი 3 4; ხელოვნება 4 25%-ზე მეტი 3 8; 531; 098 სსიპ - თბილისის აპოლონ ქუთათელაძის სახელობის სახელმწიფო სამხატვრო აკადემია 08.08.2025 10:07; 
0980118,098,ხელოვნების ნიმუშთა რესტავრაცია,ხელოვნების ნიმუშთა რესტავრაციის ბაკალავრი,გამოცდა კოეფიციენტი მინ. ზღვარი პრიორიტეტი ადგილების რ-ბა; ქართული ენა და ლიტერატურა 4 25%-ზე მეტი 1; უცხოური ენა (გერ.; ინგ.; ფრან.) 4 20%-ზე მეტი 2; ,ერთ-ერთი შემდეგი სავალდებულო საგნებიდან; მათემატიკა 4 20%-ზე მეტი 3 2; ისტორია 4 25%-ზე მეტი 3 5; ქიმია 4 25%-ზე მეტი 3 3; 532; 098 სსიპ - თბილისის აპოლონ ქუთათელაძის სახელობის სახელმწიფო სამხატვრო აკადემია 08.08.2025 10:07; 
0980119,098,არქიტექტურის რესტავრაცია,არქიტექტურის რესტავრაციის ბაკალავრი,გამოცდა კოეფიციენტი მინ. ზღვარი პრიორიტეტი ადგილების რ-ბა; ქართული ენა და ლიტერატურა 4 25%-ზე მეტი 1; უცხოური ენა (გერ.; ინგ.; ფრან.) 4 20%-ზე მეტი 2; ,ერთ-ერთი შემდეგი სავალდებულო საგნებიდან; მათემატიკა 4 20%-ზე მეტი 3 4; ისტორია 4 25%-ზე მეტი 3 8; ფიზიკა 4 25%-ზე მეტი 3 4; ქიმია 4 25%-ზე მეტი 3 4; 533; 098 სსიპ - თბილისის აპოლონ ქუთათელაძის სახელობის სახელმწიფო სამხატვრო აკადემია 08.08.2025 10:07; 
0980120,098,ქართულ ენაში მომზადების საგანმანათლებლო პროგრამა აფხაზურენოვანთათვის,,"არქიტექტურა, ინტერიერის დიზაინი - შემოქმედებითი ტური ( გამოცდა ხაზვაში); მოდის დიზაინი, ტექსტილის დიზაინი, ავეჯის პროექტირება და ხის მხატვრული დამუშავება, სამრეწველო დიზაინი, მხატვრული კერამიკა, საიუველირო და ლითონის; დამუშავების ხელოვნება, მხატვრული მინა, ფერწერა, ქანდაკება, ვიზუალური ხელოვნება, გრაფიკა/გრაფიკის ხელოვნება, მედიახელოვნება/ციფრული მედია, გრაფიკული; დიზაინი, ფოტოხელოვნება- შემოქმედებითი ტური (1. ხატვა/ცოცხალი მოდელი; 2. ფერწერა/ კომპოზიცია თავისუფალ თემაზე); აკრედიტაცია აკრედიტაციის ვადა სწავლების ენა დაფინანსება კრედიტების რ-ბა წლიური საფასური ადგილების რ-ბა; აკრედიტებული 31-12-2029 ქართული ენა ფინანსდება 60 2250 4; გამოცდა კოეფიციენტი მინ. ზღვარი პრიორიტეტი ადგილების რ-ბა; აფხაზური ენა 12 25%-ზე მეტი 1; 534; 098 სსიპ - თბილისის აპოლონ ქუთათელაძის სახელობის სახელმწიფო სამხატვრო აკადემია 08.08.2025 10:07; ",
0980121,098,ქართულ ენაში მომზადების საგანმანათლებლო პროგრამა ოსურენოვანთათვის,,"არქიტექტურა, ინტერიერის დიზაინი - შემოქმედებითი ტური ( გამოცდა ხაზვაში); მოდის დიზაინი, ტექსტილის დიზაინი, ავეჯის პროექტირება და ხის მხატვრული დამუშავება, სამრეწველო დიზაინი, მხატვრული კერამიკა, საიუველირო და ლითონის; დამუშავების ხელოვნება, მხატვრული მინა, ფერწერა, ქანდაკება, ვიზუალური ხელოვნება, გრაფიკა/გრაფიკის ხელოვნება, მედიახელოვნება/ციფრული მედია, გრაფიკული; დიზაინი, ფოტოხელოვნება- შემოქმედებითი ტური (1. ხატვა/ცოცხალი მოდელი; 2. ფერწერა/ კომპოზიცია თავისუფალ თემაზე); აკრედიტაცია აკრედიტაციის ვადა სწავლების ენა დაფინანსება კრედიტების რ-ბა წლიური საფასური ადგილების რ-ბა; აკრედიტებული 31-12-2029 ქართული ენა ფინანსდება 60 2250 4; გამოცდა კოეფიციენტი მინ. ზღვარი პრიორიტეტი ადგილების რ-ბა; ოსური ენა 12 25%-ზე მეტი 1; 535; 098 სსიპ - თბილისის აპოლონ ქუთათელაძის სახელობის სახელმწიფო სამხატვრო აკადემია 08.08.2025 10:07; ",
0980122,098,ქართულ ენაში მომზადების საგანმანათლებლო პროგრამა აზერბაიჯანულენოვანთათვის,,"არქიტექტურა, ინტერიერის დიზაინი - შემოქმედებითი ტური ( გამოცდა ხაზვაში); მოდის დიზაინი, ტექსტილის დიზაინი, ავეჯის პროექტირება და ხის მხატვრული დამუშავება, სამრეწველო დიზაინი, მხატვრული კერამიკა, საიუველირო და ლითონის; დამუშავების ხელოვნება, მხატვრული მინა, ფერწერა, ქანდაკება, ვიზუალური ხელოვნება, გრაფიკა/გრაფიკის ხელოვნება, მედიახელოვნება/ციფრული მედია, გრაფიკული; დიზაინი, ფოტოხელოვნება- შემოქმედებითი ტური (1. ხატვა/ცოცხალი მოდელი; 2. ფერწერა/ კომპოზიცია თავისუფალ თემაზე); აკრედიტაცია აკრედიტაციის ვადა სწავლების ენა დაფინანსება კრედიტების რ-ბა წლიური საფასური ადგილების რ-ბა; აკრედიტებული 31-12-2029 ქართული ენა ფინანსდება 60 2250 19; გამოცდა კოეფიციენტი მინ. ზღვარი პრიორიტეტი ადგილების რ-ბა; ზოგადი უნარები (აზერ) 12 30%-ზე მეტი 1; 536; 098 სსიპ - თბილისის აპოლონ ქუთათელაძის სახელობის სახელმწიფო სამხატვრო აკადემია 08.08.2025 10:07; ",
0980123,098,ქართულ ენაში მომზადების საგანმანათლებლო პროგრამა სომხურენოვანთათვის,,"არქიტექტურა, ინტერიერის დიზაინი - შემოქმედებითი ტური ( გამოცდა ხაზვაში); მოდის დიზაინი, ტექსტილის დიზაინი, ავეჯის პროექტირება და ხის მხატვრული დამუშავება, სამრეწველო დიზაინი, მხატვრული კერამიკა, საიუველირო და ლითონის; დამუშავების ხელოვნება, მხატვრული მინა, ფერწერა, ქანდაკება, ვიზუალური ხელოვნება, გრაფიკა/გრაფიკის ხელოვნება, მედიახელოვნება/ციფრული მედია, გრაფიკული; დიზაინი, ფოტოხელოვნება- შემოქმედებითი ტური (1. ხატვა/ცოცხალი მოდელი; 2. ფერწერა/ კომპოზიცია თავისუფალ თემაზე); აკრედიტაცია აკრედიტაციის ვადა სწავლების ენა დაფინანსება კრედიტების რ-ბა წლიური საფასური ადგილების რ-ბა; აკრედიტებული 31-12-2029 ქართული ენა ფინანსდება 60 2250 19; გამოცდა კოეფიციენტი მინ. ზღვარი პრიორიტეტი ადგილების რ-ბა; ზოგადი უნარები (სომხ) 12 30%-ზე მეტი 1; 537; 098 სსიპ - თბილისის აპოლონ ქუთათელაძის სახელობის სახელმწიფო სამხატვრო აკადემია 08.08.2025 10:07; 114 სსიპ - ბათუმის შოთა რუსთაველის სახელმწიფო უნივერსიტეტი; მისამართი: ბათუმი, 6010, რუსთაველის/ნინოშვილის ქ. 32/35; ტელეფონი: +995(422) 27 17 87; ვებგვერდი: www.bsu.edu.ge; ელ.ფოსტა: info@bsu.edu.ge; 538; 114 სსიპ - ბათუმის შოთა რუსთაველის სახელმწიფო უნივერსიტეტი 08.08.2025 10:07; ",
1140101,114,აგრარული ტექნოლოგიები,აგრარულ მეცნიერებათა ბაკალავრი,გამოცდა კოეფიციენტი მინ. ზღვარი პრიორიტეტი ადგილების რ-ბა; ქართული ენა და ლიტერატურა 3 25%-ზე მეტი 3; უცხოური ენა (გერ.; ინგ.; რუს.; ფრან.) 3 25%-ზე მეტი 2; ,ერთ-ერთი შემდეგი სავალდებულო საგნებიდან; მათემატიკა 6 20%-ზე მეტი 1 5; ისტორია 6 25%-ზე მეტი 1 35; ქიმია 6 25%-ზე მეტი 1 5; ბიოლოგია 6 25%-ზე მეტი 1 5; 540; 114 სსიპ - ბათუმის შოთა რუსთაველის სახელმწიფო უნივერსიტეტი 08.08.2025 10:07; 
1140102,114,არქეოლოგია,ჰუმანიტარული მეცნიერებების ბაკალავრი არქეოლოგიაში,გამოცდა კოეფიციენტი მინ. ზღვარი პრიორიტეტი ადგილების რ-ბა; ქართული ენა და ლიტერატურა 3 25%-ზე მეტი 2; უცხოური ენა (გერ.; ინგ.; რუს.; ფრან.) 3 25%-ზე მეტი 3; ,ერთ-ერთი შემდეგი სავალდებულო საგნებიდან; მათემატიკა 6 20%-ზე მეტი 1 1; ისტორია 6 30%-ზე მეტი 1 8; ლიტერატურა 6 25%-ზე მეტი 1 1; 541; 114 სსიპ - ბათუმის შოთა რუსთაველის სახელმწიფო უნივერსიტეტი 08.08.2025 10:07; 
1140103,114,არქიტექტურა,არქიტექტურის ბაკალავრი,გამოცდა კოეფიციენტი მინ. ზღვარი პრიორიტეტი ადგილების რ-ბა; ქართული ენა და ლიტერატურა 3 25%-ზე მეტი 3; უცხოური ენა (გერ.; ინგ.; რუს.; ფრან.) 3 25%-ზე მეტი 2; ,ერთ-ერთი შემდეგი სავალდებულო საგნებიდან; მათემატიკა 6 20%-ზე მეტი 1 54; ფიზიკა 6 25%-ზე მეტი 1 6; 542; 114 სსიპ - ბათუმის შოთა რუსთაველის სახელმწიფო უნივერსიტეტი 08.08.2025 10:07; 
1140104,114,ბიზნესის ადმინისტრირება (180 კრედიტი),ბიზნესის ადმინისტრირების ბაკალავრი,გამოცდა კოეფიციენტი მინ. ზღვარი პრიორიტეტი ადგილების რ-ბა; ქართული ენა და ლიტერატურა 3 30%-ზე მეტი 2; უცხოური ენა (ინგ.; რუს.; გერ.; ფრან.) 3 25%-ზე მეტი 3; ,ერთ-ერთი შემდეგი სავალდებულო საგნებიდან; მათემატიკა 6 20%-ზე მეტი 1 120; ისტორია 6 35%-ზე მეტი 1 150; 543; 114 სსიპ - ბათუმის შოთა რუსთაველის სახელმწიფო უნივერსიტეტი 08.08.2025 10:07; 
1140105,114,ბიოლოგია,ბიოლოგიის ბაკალავრი,გამოცდა კოეფიციენტი მინ. ზღვარი პრიორიტეტი ადგილების რ-ბა; ქართული ენა და ლიტერატურა 4 25%-ზე მეტი 2; უცხოური ენა (გერ.; ინგ.; რუს.; ფრან.) 4 25%-ზე მეტი 3; ,ერთ-ერთი შემდეგი სავალდებულო საგნებიდან; მათემატიკა 4 20%-ზე მეტი 1 3; ქიმია 4 25%-ზე მეტი 1 3; ბიოლოგია 4 25%-ზე მეტი 1 24; 544; 114 სსიპ - ბათუმის შოთა რუსთაველის სახელმწიფო უნივერსიტეტი 08.08.2025 10:07; 
1140106,114,გეოგრაფია,გეოგრაფიის ბაკალავრი,გამოცდა კოეფიციენტი მინ. ზღვარი პრიორიტეტი ადგილების რ-ბა; ქართული ენა და ლიტერატურა 4 25%-ზე მეტი 2; უცხოური ენა (გერ.; ინგ.; რუს.; ფრან.) 2 25%-ზე მეტი 3; ,ერთ-ერთი შემდეგი სავალდებულო საგნებიდან; მათემატიკა 6 20%-ზე მეტი 1 3; ისტორია 6 25%-ზე მეტი 1 10; გეოგრაფია 6 25%-ზე მეტი 1 12; 545; 114 სსიპ - ბათუმის შოთა რუსთაველის სახელმწიფო უნივერსიტეტი 08.08.2025 10:07; 
1140107,114,გერმანული ფილოლოგია,ჰუმანიტარული მეცნიერებების ბაკალავრი გერმანულ ფილოლოგიაში,გამოცდა კოეფიციენტი მინ. ზღვარი პრიორიტეტი ადგილების რ-ბა; ქართული ენა და ლიტერატურა 3 25%-ზე მეტი 2; უცხოური ენა (გერ.; ინგ.; რუს.; ფრან.) 6 25%-ზე მეტი 1; ,ერთ-ერთი შემდეგი სავალდებულო საგნებიდან; ისტორია 3 25%-ზე მეტი 3 5; ლიტერატურა 3 25%-ზე მეტი 3 5; 546; 114 სსიპ - ბათუმის შოთა რუსთაველის სახელმწიფო უნივერსიტეტი 08.08.2025 10:07; 
1140108,114,ევროპისმცოდნეობა,ევროპისმცოდნეობის ბაკალავრი,გამოცდა კოეფიციენტი მინ. ზღვარი პრიორიტეტი ადგილების რ-ბა; ქართული ენა და ლიტერატურა 3 25%-ზე მეტი 3; უცხოური ენა (გერ.; ინგ.; რუს.; ფრან.) 3 25%-ზე მეტი 2; ,ერთ-ერთი შემდეგი სავალდებულო საგნებიდან; მათემატიკა 6 20%-ზე მეტი 1 2; ისტორია 6 25%-ზე მეტი 1 18; 547; 114 სსიპ - ბათუმის შოთა რუსთაველის სახელმწიფო უნივერსიტეტი 08.08.2025 10:07; 
1140109,114,ეკოლოგია,ეკოლოგიის ბაკალავრი,გამოცდა კოეფიციენტი მინ. ზღვარი პრიორიტეტი ადგილების რ-ბა; ქართული ენა და ლიტერატურა 4 25%-ზე მეტი 2; უცხოური ენა (ინგ.; რუს.; გერ.; ფრა.) 2 25%-ზე მეტი 3; ,ერთ-ერთი შემდეგი სავალდებულო საგნებიდან; მათემატიკა 6 20%-ზე მეტი 1 3; ისტორია 6 25%-ზე მეტი 1 15; გეოგრაფია 6 25%-ზე მეტი 1 3; ფიზიკა 6 25%-ზე მეტი 1 3; ქიმია 6 25%-ზე მეტი 1 3; ბიოლოგია 6 25%-ზე მეტი 1 3; 548; 114 სსიპ - ბათუმის შოთა რუსთაველის სახელმწიფო უნივერსიტეტი 08.08.2025 10:07; 
1140110,114,ეკონომიკა,ეკონომიკის ბაკალავრი,გამოცდა კოეფიციენტი მინ. ზღვარი პრიორიტეტი ადგილების რ-ბა; ქართული ენა და ლიტერატურა 3 30%-ზე მეტი 2; უცხოური ენა (გერ.; ინგ.; რუს.; ფრან.) 3 25%-ზე მეტი 3; მათემატიკა 6 30%-ზე მეტი 1; 549; 114 სსიპ - ბათუმის შოთა რუსთაველის სახელმწიფო უნივერსიტეტი 08.08.2025 10:07; ,
1140111,114,"ელექტრონიკა, ტელეკომუნიკაცია და ინტერნეტინჟინერია",ტელეკომუნიკაციის ბაკალავრი,გამოცდა კოეფიციენტი მინ. ზღვარი პრიორიტეტი ადგილების რ-ბა; ქართული ენა და ლიტერატურა 3 25%-ზე მეტი 3; უცხოური ენა (გერ.; ინგ.; რუს.; ფრან.) 3 20%-ზე მეტი 2; ,ერთ-ერთი შემდეგი სავალდებულო საგნებიდან; მათემატიკა 6 20%-ზე მეტი 1 18; ფიზიკა 6 25%-ზე მეტი 1 2; 550; 114 სსიპ - ბათუმის შოთა რუსთაველის სახელმწიფო უნივერსიტეტი 08.08.2025 10:07; 
1140112,114,ზოგადი განათლების დაწყებითი საფეხურის მასწავლებლის მომზადების ინტეგრირებული საბაკალავრო-სამაგისტრო საგანმანათლებლო,განათლების მაგისტრი,გამოცდა კოეფიციენტი მინ. ზღვარი პრიორიტეტი ადგილების რ-ბა; ქართული ენა და ლიტერატურა 5 35%-ზე მეტი 1; უცხოური ენა (ინგ.; რუს.; გერ.; ფრა.) 3 25%-ზე მეტი 3; ,ერთ-ერთი შემდეგი სავალდებულო საგნებიდან; მათემატიკა 4 20%-ზე მეტი 2 40; ისტორია 4 30%-ზე მეტი 2 40; 551; 114 სსიპ - ბათუმის შოთა რუსთაველის სახელმწიფო უნივერსიტეტი 08.08.2025 10:07; 
1140113,114,თურქოლოგია,ჰუმანიტარული მეცნიერებების ბაკალავრი თურქოლოგიაში,გამოცდა კოეფიციენტი მინ. ზღვარი პრიორიტეტი ადგილების რ-ბა; ქართული ენა და ლიტერატურა 3 30%-ზე მეტი 2; უცხოური ენა (გერ.; ინგ.; რუს.; ფრან.) 6 20%-ზე მეტი 1; ,ერთ-ერთი შემდეგი სავალდებულო საგნებიდან; ისტორია 3 25%-ზე მეტი 3 13; ლიტერატურა 3 25%-ზე მეტი 3 2; 552; 114 სსიპ - ბათუმის შოთა რუსთაველის სახელმწიფო უნივერსიტეტი 08.08.2025 10:07; 
1140114,114,ინგლისური ფილოლოგია,ჰუმანიტარული მეცნიერებების ბაკალავრი ინგლისურ ფილოლოგიაში,გამოცდა კოეფიციენტი მინ. ზღვარი პრიორიტეტი ადგილების რ-ბა; ქართული ენა და ლიტერატურა 3 30%-ზე მეტი 2; უცხოური ენა (ინგ.) 6 40%-ზე მეტი 1; ,ერთ-ერთი შემდეგი სავალდებულო საგნებიდან; ისტორია 3 30%-ზე მეტი 3 100; ლიტერატურა 3 25%-ზე მეტი 3 20; 553; 114 სსიპ - ბათუმის შოთა რუსთაველის სახელმწიფო უნივერსიტეტი 08.08.2025 10:07; 
1140115,114,ისტორია,ჰუმანიტარული მეცნიერებების ბაკალავრი ისტორიაში,გამოცდა კოეფიციენტი მინ. ზღვარი პრიორიტეტი ადგილების რ-ბა; ქართული ენა და ლიტერატურა 3 30%-ზე მეტი 2; უცხოური ენა (გერ.; ინგ.; რუს.; ფრან.) 3 25%-ზე მეტი 3; ,ერთ-ერთი შემდეგი სავალდებულო საგნებიდან; ისტორია 6 40%-ზე მეტი 1 40; ლიტერატურა 6 25%-ზე მეტი 1 5; 554; 114 სსიპ - ბათუმის შოთა რუსთაველის სახელმწიფო უნივერსიტეტი 08.08.2025 10:07; 
1140116,114,კომპიუტერული მეცნიერება,კომპიუტერული მეცნიერების ბაკალავრი,გამოცდა კოეფიციენტი მინ. ზღვარი პრიორიტეტი ადგილების რ-ბა; ქართული ენა და ლიტერატურა 3 25%-ზე მეტი 2; უცხოური ენა (ინგ.) 3 30%-ზე მეტი 3; ,ერთ-ერთი შემდეგი სავალდებულო საგნებიდან; მათემატიკა 6 25%-ზე მეტი 1 45; ფიზიკა 6 25%-ზე მეტი 1 15; 555; 114 სსიპ - ბათუმის შოთა რუსთაველის სახელმწიფო უნივერსიტეტი 08.08.2025 10:07; 
1140117,114,მათემატიკა,მათემატიკის ბაკალავრი,გამოცდა კოეფიციენტი მინ. ზღვარი პრიორიტეტი ადგილების რ-ბა; ქართული ენა და ლიტერატურა 3 25%-ზე მეტი 2; უცხოური ენა (გერ.; ინგ.; რუს.; ფრან.) 3 20%-ზე მეტი 3; ,ერთ-ერთი შემდეგი სავალდებულო საგნებიდან; მათემატიკა 6 25%-ზე მეტი 1 20; ფიზიკა 6 25%-ზე მეტი 1 5; 556; 114 სსიპ - ბათუმის შოთა რუსთაველის სახელმწიფო უნივერსიტეტი 08.08.2025 10:07; 
1140118,114,მედიცინა,დიპლომირებული მედიკოსი,გამოცდა კოეფიციენტი მინ. ზღვარი პრიორიტეტი ადგილების რ-ბა; ქართული ენა და ლიტერატურა 3 30%-ზე მეტი 3; უცხოური ენა (გერ.; ინგ.; რუს.; ფრან.) 3 30%-ზე მეტი 4; ბიოლოგია 3 35%-ზე მეტი 1; ,ერთ-ერთი შემდეგი სავალდებულო საგნებიდან; მათემატიკა 3 35%-ზე მეტი 2 12; ფიზიკა 3 35%-ზე მეტი 2 12; ქიმია 3 35%-ზე მეტი 2 16; 557; 114 სსიპ - ბათუმის შოთა რუსთაველის სახელმწიფო უნივერსიტეტი 08.08.2025 10:07; 
1140119,114,მშენებლობა,სამოქალაქო ინჟინერიის ბაკალავრი,გამოცდა კოეფიციენტი მინ. ზღვარი პრიორიტეტი ადგილების რ-ბა; ქართული ენა და ლიტერატურა 3 25%-ზე მეტი 3; უცხოური ენა (გერ.; ინგ.; რუს.; ფრან.) 3 25%-ზე მეტი 2; ,ერთ-ერთი შემდეგი სავალდებულო საგნებიდან; მათემატიკა 6 20%-ზე მეტი 1 45; ფიზიკა 6 25%-ზე მეტი 1 5; 558; 114 სსიპ - ბათუმის შოთა რუსთაველის სახელმწიფო უნივერსიტეტი 08.08.2025 10:07; 
1140120,114,ნავთობისა და გაზის ინჟინერია,ინჟინერიის ბაკალავრი ნავთობისა და გაზის მოპოვების ტექნოლოგიაში,გამოცდა კოეფიციენტი მინ. ზღვარი პრიორიტეტი ადგილების რ-ბა; ქართული ენა და ლიტერატურა 3 25%-ზე მეტი 3; უცხოური ენა (გერ.; ინგ.; რუს.; ფრან.) 3 20%-ზე მეტი 2; ,ერთ-ერთი შემდეგი სავალდებულო საგნებიდან; მათემატიკა 6 20%-ზე მეტი 1 11; ფიზიკა 6 25%-ზე მეტი 1 2; ქიმია 6 25%-ზე მეტი 1 2; 559; 114 სსიპ - ბათუმის შოთა რუსთაველის სახელმწიფო უნივერსიტეტი 08.08.2025 10:07; 
1140121,114,ჟურნალისტიკა,ჟურნალისტიკის ბაკალავრი,გამოცდა კოეფიციენტი მინ. ზღვარი პრიორიტეტი ადგილების რ-ბა; ქართული ენა და ლიტერატურა 3 30%-ზე მეტი 2; უცხოური ენა (ინგ.) 6 30%-ზე მეტი 1; ,ერთ-ერთი შემდეგი სავალდებულო საგნებიდან; მათემატიკა 3 20%-ზე მეტი 3 2; ისტორია 3 25%-ზე მეტი 3 12; გეოგრაფია 3 25%-ზე მეტი 3 2; ლიტერატურა 3 25%-ზე მეტი 3 2; სამოქალაქო განათლება 3 25%-ზე მეტი 3 2; 560; 114 სსიპ - ბათუმის შოთა რუსთაველის სახელმწიფო უნივერსიტეტი 08.08.2025 10:07; 
1140122,114,"რომანული ფილოლოგია (ფრანგული, იტალიური, ესპანური ენები და ლიტერატურა)",ჰუმანიტარული მეცნიერებების ბაკალავრი რომანულ ფილოლოგიაში,გამოცდა კოეფიციენტი მინ. ზღვარი პრიორიტეტი ადგილების რ-ბა; ქართული ენა და ლიტერატურა 3 25%-ზე მეტი 2; უცხოური ენა (გერ.; ინგ.; რუს.; ფრან.) 6 25%-ზე მეტი 1; ,ერთ-ერთი შემდეგი სავალდებულო საგნებიდან; ისტორია 3 25%-ზე მეტი 3 4; ლიტერატურა 3 25%-ზე მეტი 3 1; 561; 114 სსიპ - ბათუმის შოთა რუსთაველის სახელმწიფო უნივერსიტეტი 08.08.2025 10:07; 
1140123,114,საერთაშორისო ურთიერთობები,საერთაშორისო ურთიერთობების ბაკალავრი,გამოცდა კოეფიციენტი მინ. ზღვარი პრიორიტეტი ადგილების რ-ბა; ქართული ენა და ლიტერატურა 3 30%-ზე მეტი 3; უცხოური ენა (ინგ.) 3 30%-ზე მეტი 2; ,ერთ-ერთი შემდეგი სავალდებულო საგნებიდან; მათემატიკა 6 20%-ზე მეტი 1 6; ისტორია 6 35%-ზე მეტი 1 35; გეოგრაფია 6 25%-ზე მეტი 1 8; სამოქალაქო განათლება 6 25%-ზე მეტი 1 6; 562; 114 სსიპ - ბათუმის შოთა რუსთაველის სახელმწიფო უნივერსიტეტი 08.08.2025 10:07; 
1140124,114,სამართალმცოდნეობა,სამართლის ბაკალავრი,გამოცდა კოეფიციენტი მინ. ზღვარი პრიორიტეტი ადგილების რ-ბა; ქართული ენა და ლიტერატურა 3 30%-ზე მეტი 3; უცხოური ენა (ინგ.) 3 30%-ზე მეტი 2; ,ერთ-ერთი შემდეგი სავალდებულო საგნებიდან; მათემატიკა 6 20%-ზე მეტი 1 16; ისტორია 6 35%-ზე მეტი 1 88; სამოქალაქო განათლება 6 25%-ზე მეტი 1 16; 563; 114 სსიპ - ბათუმის შოთა რუსთაველის სახელმწიფო უნივერსიტეტი 08.08.2025 10:07; 
1140125,114,სასურსათო ტექნოლოგია,სასურსათო ტექნოლოგიის ბაკალავრი,გამოცდა კოეფიციენტი მინ. ზღვარი პრიორიტეტი ადგილების რ-ბა; ქართული ენა და ლიტერატურა 3 25%-ზე მეტი 3; უცხოური ენა (ინგ.; რუს.; გერ.; ფრან.) 3 20%-ზე მეტი 2; ,ერთ-ერთი შემდეგი სავალდებულო საგნებიდან; მათემატიკა 6 20%-ზე მეტი 1 4; ისტორია 6 25%-ზე მეტი 1 19; ფიზიკა 6 25%-ზე მეტი 1 4; ქიმია 6 25%-ზე მეტი 1 4; ბიოლოგია 6 25%-ზე მეტი 1 4; 564; 114 სსიპ - ბათუმის შოთა რუსთაველის სახელმწიფო უნივერსიტეტი 08.08.2025 10:07; 
1140126,114,საჯარო მმართველობა (180 კრედიტი),საჯარო მმართველობის ბაკალავრი,გამოცდა კოეფიციენტი მინ. ზღვარი პრიორიტეტი ადგილების რ-ბა; ქართული ენა და ლიტერატურა 3 30%-ზე მეტი 3; უცხოური ენა (ინგ.) 3 25%-ზე მეტი 2; ,ერთ-ერთი შემდეგი სავალდებულო საგნებიდან; მათემატიკა 6 20%-ზე მეტი 1 5; ისტორია 6 35%-ზე მეტი 1 30; გეოგრაფია 6 25%-ზე მეტი 1 5; სამოქალაქო განათლება 6 25%-ზე მეტი 1 10; 565; 114 სსიპ - ბათუმის შოთა რუსთაველის სახელმწიფო უნივერსიტეტი 08.08.2025 10:07; 
1140127,114,სკოლამდელი განათლება,სკოლამდელი განათლების ბაკალავრი,გამოცდა კოეფიციენტი მინ. ზღვარი პრიორიტეტი ადგილების რ-ბა; ქართული ენა და ლიტერატურა 5 25%-ზე მეტი 1; უცხოური ენა (ინგ.; რუს.; გერ.; ფრა.) 3 20%-ზე მეტი 3; ,ერთ-ერთი შემდეგი სავალდებულო საგნებიდან; მათემატიკა 4 20%-ზე მეტი 2 15; ისტორია 4 25%-ზე მეტი 2 15; 566; 114 სსიპ - ბათუმის შოთა რუსთაველის სახელმწიფო უნივერსიტეტი 08.08.2025 10:07; 
1140128,114,სლავური ფილოლოგია,ჰუმანიტარული მეცნიერებების ბაკალავრი სლავურ ფილოლოგიაში,გამოცდა კოეფიციენტი მინ. ზღვარი პრიორიტეტი ადგილების რ-ბა; ქართული ენა და ლიტერატურა 3 25%-ზე მეტი 2; უცხოური ენა (გერ.; ინგ.; რუს.; ფრან.) 6 25%-ზე მეტი 1; ,ერთ-ერთი შემდეგი სავალდებულო საგნებიდან; ისტორია 3 25%-ზე მეტი 3 4; ლიტერატურა 3 25%-ზე მეტი 3 1; 567; 114 სსიპ - ბათუმის შოთა რუსთაველის სახელმწიფო უნივერსიტეტი 08.08.2025 10:07; 
1140129,114,სტომატოლოგია,დიპლომირებული სტომატოლოგი,გამოცდა კოეფიციენტი მინ. ზღვარი პრიორიტეტი ადგილების რ-ბა; ქართული ენა და ლიტერატურა 3 30%-ზე მეტი 3; უცხოური ენა (გერ.; ინგ.; რუს.; ფრან.) 3 30%-ზე მეტი 4; ბიოლოგია 3 35%-ზე მეტი 1; ,ერთ-ერთი შემდეგი სავალდებულო საგნებიდან; მათემატიკა 3 30%-ზე მეტი 2 8; ფიზიკა 3 35%-ზე მეტი 2 8; ქიმია 3 35%-ზე მეტი 2 9; 568; 114 სსიპ - ბათუმის შოთა რუსთაველის სახელმწიფო უნივერსიტეტი 08.08.2025 10:07; 
1140130,114,ტურიზმი,ბიზნესის ადმინისტრირების ბაკალავრი ტურიზმში,გამოცდა კოეფიციენტი მინ. ზღვარი პრიორიტეტი ადგილების რ-ბა; ქართული ენა და ლიტერატურა 3 30%-ზე მეტი 3; უცხოური ენა (გერ.; ინგ.; რუს.; ფრან.) 3 25%-ზე მეტი 2; ,ერთ-ერთი შემდეგი სავალდებულო საგნებიდან; მათემატიკა 6 20%-ზე მეტი 1 25; ისტორია 6 35%-ზე მეტი 1 100; გეოგრაფია 6 25%-ზე მეტი 1 25; 569; 114 სსიპ - ბათუმის შოთა რუსთაველის სახელმწიფო უნივერსიტეტი 08.08.2025 10:07; 
1140131,114,ფარმაცია,ფარმაციის ბაკალავრი,გამოცდა კოეფიციენტი მინ. ზღვარი პრიორიტეტი ადგილების რ-ბა; ქართული ენა და ლიტერატურა 3 25%-ზე მეტი 3; უცხოური ენა (გერ.; ინგ.; რუს.; ფრან.) 3 20%-ზე მეტი 4; ბიოლოგია 3 25%-ზე მეტი 1; ,ერთ-ერთი შემდეგი სავალდებულო საგნებიდან; მათემატიკა 3 20%-ზე მეტი 2 5; ფიზიკა 3 25%-ზე მეტი 2 5; ქიმია 3 25%-ზე მეტი 2 5; 570; 114 სსიპ - ბათუმის შოთა რუსთაველის სახელმწიფო უნივერსიტეტი 08.08.2025 10:07; 
1140132,114,ფიზიკა,ფიზიკის ბაკალავრი,გამოცდა კოეფიციენტი მინ. ზღვარი პრიორიტეტი ადგილების რ-ბა; ქართული ენა და ლიტერატურა 3 25%-ზე მეტი 2; უცხოური ენა (გერ.; ინგ.; რუს.; ფრან.) 3 20%-ზე მეტი 3; ,ერთ-ერთი შემდეგი სავალდებულო საგნებიდან; მათემატიკა 6 20%-ზე მეტი 1 5; ფიზიკა 6 25%-ზე მეტი 1 5; 571; 114 სსიპ - ბათუმის შოთა რუსთაველის სახელმწიფო უნივერსიტეტი 08.08.2025 10:07; 
1140133,114,ფიზიკური მედიცინა და სამედიცინო რეაბილიტაცია,ფიზიკური მედიცინის და რეაბილიტაციის ბაკალავრი,გამოცდა კოეფიციენტი მინ. ზღვარი პრიორიტეტი ადგილების რ-ბა; ქართული ენა და ლიტერატურა 3 25%-ზე მეტი 3; უცხოური ენა (გერ.; ინგ.; რუს.; ფრან.) 3 25%-ზე მეტი 4; ბიოლოგია 3 25%-ზე მეტი 1; ,ერთ-ერთი შემდეგი სავალდებულო საგნებიდან; მათემატიკა 3 20%-ზე მეტი 2 5; ფიზიკა 3 25%-ზე მეტი 2 5; ქიმია 3 25%-ზე მეტი 2 5; 572; 114 სსიპ - ბათუმის შოთა რუსთაველის სახელმწიფო უნივერსიტეტი 08.08.2025 10:07; 
1140134,114,ფილოსოფია,ჰუმანიტარული მეცნიერებების ბაკალავრი ფილოსოფიაში,გამოცდა კოეფიციენტი მინ. ზღვარი პრიორიტეტი ადგილების რ-ბა; ქართული ენა და ლიტერატურა 6 30%-ზე მეტი 1; უცხოური ენა (გერ.; ინგ.; რუს.; ფრან.) 3 20%-ზე მეტი 2; ,ერთ-ერთი შემდეგი სავალდებულო საგნებიდან; მათემატიკა 3 20%-ზე მეტი 3 3; ისტორია 3 25%-ზე მეტი 3 14; ლიტერატურა 3 25%-ზე მეტი 3 3; 573; 114 სსიპ - ბათუმის შოთა რუსთაველის სახელმწიფო უნივერსიტეტი 08.08.2025 10:07; 
1140135,114,ფინანსები (180 კრედიტი),ფინანსების ბაკალავრი,გამოცდა კოეფიციენტი მინ. ზღვარი პრიორიტეტი ადგილების რ-ბა; ქართული ენა და ლიტერატურა 3 25%-ზე მეტი 2; უცხოური ენა (ინგ.; რუს.; გერ.; ფრან.) 3 20%-ზე მეტი 3; მათემატიკა 6 20%-ზე მეტი 1; 574; 114 სსიპ - ბათუმის შოთა რუსთაველის სახელმწიფო უნივერსიტეტი 08.08.2025 10:07; ,
1140136,114,ფსიქოლოგია,ფსიქოლოგიის ბაკალავრი,გამოცდა კოეფიციენტი მინ. ზღვარი პრიორიტეტი ადგილების რ-ბა; ქართული ენა და ლიტერატურა 3 30%-ზე მეტი 3; უცხოური ენა (გერ.; ინგ.; რუს.; ფრან.) 3 30%-ზე მეტი 2; ,ერთ-ერთი შემდეგი სავალდებულო საგნებიდან; მათემატიკა 6 20%-ზე მეტი 1 6; ისტორია 6 35%-ზე მეტი 1 40; ბიოლოგია 6 25%-ზე მეტი 1 14; 575; 114 სსიპ - ბათუმის შოთა რუსთაველის სახელმწიფო უნივერსიტეტი 08.08.2025 10:07; 
1140137,114,ქართული ფილოლოგია,ჰუმანიტარული მეცნიერებების ბაკალავრი ქართულ ფილოლოგიაში,გამოცდა კოეფიციენტი მინ. ზღვარი პრიორიტეტი ადგილების რ-ბა; ქართული ენა და ლიტერატურა 6 40%-ზე მეტი 1; უცხოური ენა (გერ.; ინგ.; რუს.; ფრან.) 3 25%-ზე მეტი 2; ,ერთ-ერთი შემდეგი სავალდებულო საგნებიდან; ისტორია 3 30%-ზე მეტი 3 50; ლიტერატურა 3 25%-ზე მეტი 3 25; 576; 114 სსიპ - ბათუმის შოთა რუსთაველის სახელმწიფო უნივერსიტეტი 08.08.2025 10:07; 
1140138,114,ქიმია,ქიმიის ბაკალავრი,გამოცდა კოეფიციენტი მინ. ზღვარი პრიორიტეტი ადგილების რ-ბა; ქართული ენა და ლიტერატურა 4 25%-ზე მეტი 2; უცხოური ენა (გერ.; ინგ.; რუს.; ფრან.) 4 25%-ზე მეტი 3; ,ერთ-ერთი შემდეგი სავალდებულო საგნებიდან; მათემატიკა 4 20%-ზე მეტი 1 1; ქიმია 4 25%-ზე მეტი 1 8; ბიოლოგია 4 25%-ზე მეტი 1 1; 577; 114 სსიპ - ბათუმის შოთა რუსთაველის სახელმწიფო უნივერსიტეტი 08.08.2025 10:07; 
1140139,114,ქართულ ენაში მომზადება აზერბაიჯანულენოვანთათვის,,გამოცდა კოეფიციენტი მინ. ზღვარი პრიორიტეტი ადგილების რ-ბა; ზოგადი უნარები (აზერ) 12 30%-ზე მეტი 1; 578; 114 სსიპ - ბათუმის შოთა რუსთაველის სახელმწიფო უნივერსიტეტი 08.08.2025 10:07; ,
1140140,114,ქართულ ენაში მომზადება აფხაზურენოვანთათვის,,გამოცდა კოეფიციენტი მინ. ზღვარი პრიორიტეტი ადგილების რ-ბა; აფხაზური ენა 12 25%-ზე მეტი 1; 579; 114 სსიპ - ბათუმის შოთა რუსთაველის სახელმწიფო უნივერსიტეტი 08.08.2025 10:07; ,
1140141,114,ქართულ ენაში მომზადება ოსურენოვანთათვის,,გამოცდა კოეფიციენტი მინ. ზღვარი პრიორიტეტი ადგილების რ-ბა; ოსური ენა 12 25%-ზე მეტი 1; 580; 114 სსიპ - ბათუმის შოთა რუსთაველის სახელმწიფო უნივერსიტეტი 08.08.2025 10:07; ,
1140142,114,ქართულ ენაში მომზადება სომხურენოვანთათვის,,"გამოცდა კოეფიციენტი მინ. ზღვარი პრიორიტეტი ადგილების რ-ბა; ზოგადი უნარები (სომხ) 12 30%-ზე მეტი 1; 581; 114 სსიპ - ბათუმის შოთა რუსთაველის სახელმწიფო უნივერსიტეტი 08.08.2025 10:07; 115 შპს - კავკასიის საერთაშორისო უნივერსიტეტი; მისამართი: თბილისი 0141, ჩარგლის ქუჩა 73; ტელეფონი: +99532 2 022115, შიდა108 / 198; ვებგვერდი: https://ciu.edu.ge/; ელ.ფოსტა: ciu@ciu.edu.ge; 582; 115 შპს - კავკასიის საერთაშორისო უნივერსიტეტი 08.08.2025 10:07; ",
1150101,115,ქართული მევენახეობა-მეღვინეობა,აგრარული მეცნიერებების ბაკალავრი,გამოცდა კოეფიციენტი მინ. ზღვარი პრიორიტეტი ადგილების რ-ბა; ქართული ენა და ლიტერატურა 4 25%-ზე მეტი 1; უცხოური ენა (გერ.; ინგ.; რუს.; ფრან.) 4 20%-ზე მეტი 2; ,ერთ-ერთი შემდეგი სავალდებულო საგნებიდან; მათემატიკა 4 20%-ზე მეტი 3 12; ისტორია 4 25%-ზე მეტი 3 84; ქიმია 4 25%-ზე მეტი 3 12; ბიოლოგია 4 25%-ზე მეტი 3 12; 584; 115 შპს - კავკასიის საერთაშორისო უნივერსიტეტი 08.08.2025 10:07; 
1150102,115,სამართალი,სამართლის ბაკალავრი,გამოცდა კოეფიციენტი მინ. ზღვარი პრიორიტეტი ადგილების რ-ბა; ქართული ენა და ლიტერატურა 4 25%-ზე მეტი 1; უცხოური ენა (გერ.; ინგ.; რუს.; ფრან.) 4 20%-ზე მეტი 2; ,ერთ-ერთი შემდეგი სავალდებულო საგნებიდან; მათემატიკა 4 20%-ზე მეტი 3 25; ისტორია 4 25%-ზე მეტი 3 200; სამოქალაქო განათლება 4 25%-ზე მეტი 3 25; 585; 115 შპს - კავკასიის საერთაშორისო უნივერსიტეტი 08.08.2025 10:07; 
1150103,115,ჟურნალისტიკა,ჟურნალისტიკის ბაკალავრი,გამოცდა კოეფიციენტი მინ. ზღვარი პრიორიტეტი ადგილების რ-ბა; ქართული ენა და ლიტერატურა 4 25%-ზე მეტი 1; უცხოური ენა (გერ.; ინგ.; რუს.; ფრან.) 4 20%-ზე მეტი 2; ,ერთ-ერთი შემდეგი სავალდებულო საგნებიდან; მათემატიკა 4 20%-ზე მეტი 3 10; ისტორია 4 25%-ზე მეტი 3 60; გეოგრაფია 4 25%-ზე მეტი 3 10; ლიტერატურა 4 25%-ზე მეტი 3 10; სამოქალაქო განათლება 4 25%-ზე მეტი 3 10; 586; 115 შპს - კავკასიის საერთაშორისო უნივერსიტეტი 08.08.2025 10:07; 
1150104,115,საერთაშორისო ურთიერთობები,საერთაშორისო ურთიერთობების ბაკალავრი,გამოცდა კოეფიციენტი მინ. ზღვარი პრიორიტეტი ადგილების რ-ბა; ქართული ენა და ლიტერატურა 4 25%-ზე მეტი 2; უცხოური ენა (გერ.; ინგ.; რუს.; ფრან.) 4 20%-ზე მეტი 1; ,ერთ-ერთი შემდეგი სავალდებულო საგნებიდან; მათემატიკა 4 20%-ზე მეტი 3 15; ისტორია 4 25%-ზე მეტი 3 105; გეოგრაფია 4 25%-ზე მეტი 3 15; სამოქალაქო განათლება 4 25%-ზე მეტი 3 15; 587; 115 შპს - კავკასიის საერთაშორისო უნივერსიტეტი 08.08.2025 10:07; 
1150105,115,ინგლისური ენა და ლიტერატურა,ინგლისური ფილოლოგიის ბაკალავრი,გამოცდა კოეფიციენტი მინ. ზღვარი პრიორიტეტი ადგილების რ-ბა; ქართული ენა და ლიტერატურა 4 25%-ზე მეტი 2; უცხოური ენა (ინგ.) 4 35%-ზე მეტი 1; ,ერთ-ერთი შემდეგი სავალდებულო საგნებიდან; ისტორია 4 25%-ზე მეტი 3 72; ლიტერატურა 4 25%-ზე მეტი 3 8; 588; 115 შპს - კავკასიის საერთაშორისო უნივერსიტეტი 08.08.2025 10:07; 
1150106,115,მედიცინა,დიპლომირებული მედიკოსი,გამოცდა კოეფიციენტი მინ. ზღვარი პრიორიტეტი ადგილების რ-ბა; ქართული ენა და ლიტერატურა 2 25%-ზე მეტი 4; უცხოური ენა (ინგ.) 3 40%-ზე მეტი 2; ბიოლოგია 4 35%-ზე მეტი 1; ,ერთ-ერთი შემდეგი სავალდებულო საგნებიდან; მათემატიკა 3 20%-ზე მეტი 3 36; ფიზიკა 3 25%-ზე მეტი 3 36; ქიმია 3 35%-ზე მეტი 3 48; 589; 115 შპს - კავკასიის საერთაშორისო უნივერსიტეტი 08.08.2025 10:07; 
1150107,115,მედიცინა (ინგლისურენოვანი),დიპლომირებული მედიკოსი,გამოცდა კოეფიციენტი მინ. ზღვარი პრიორიტეტი ადგილების რ-ბა; ქართული ენა და ლიტერატურა 2 25%-ზე მეტი 4; უცხოური ენა (ინგ.) 4 50%-ზე მეტი 1; ბიოლოგია 3 25%-ზე მეტი 2; ,ერთ-ერთი შემდეგი სავალდებულო საგნებიდან; მათემატიკა 3 20%-ზე მეტი 3 6; ფიზიკა 3 25%-ზე მეტი 3 6; ქიმია 3 25%-ზე მეტი 3 8; 590; 115 შპს - კავკასიის საერთაშორისო უნივერსიტეტი 08.08.2025 10:07; 
1150108,115,სტომატოლოგია,დიპლომირებული სტომატოლოგი,გამოცდა კოეფიციენტი მინ. ზღვარი პრიორიტეტი ადგილების რ-ბა; ქართული ენა და ლიტერატურა 2 25%-ზე მეტი 4; უცხოური ენა (გერ.; ინგ.; რუს.; ფრან.) 3 20%-ზე მეტი 2; ბიოლოგია 4 25%-ზე მეტი 1; ,ერთ-ერთი შემდეგი სავალდებულო საგნებიდან; მათემატიკა 3 20%-ზე მეტი 3 36; ფიზიკა 3 25%-ზე მეტი 3 36; ქიმია 3 25%-ზე მეტი 3 48; 591; 115 შპს - კავკასიის საერთაშორისო უნივერსიტეტი 08.08.2025 10:07; 
1150109,115,ინფორმაციული ტექნოლოგიები,ინფორმაციული ტექნოლოგიების ბაკალავრი,გამოცდა კოეფიციენტი მინ. ზღვარი პრიორიტეტი ადგილების რ-ბა; ქართული ენა და ლიტერატურა 4 25%-ზე მეტი 3; უცხოური ენა (გერ.; ინგ.; რუს.; ფრან.) 4 20%-ზე მეტი 1; ,ერთ-ერთი შემდეგი სავალდებულო საგნებიდან; მათემატიკა 4 20%-ზე მეტი 2 90; ფიზიკა 4 25%-ზე მეტი 2 10; 592; 115 შპს - კავკასიის საერთაშორისო უნივერსიტეტი 08.08.2025 10:07; 
1150110,115,ინფორმაციული ტექნოლოგიები (ინგლისურენოვანი),ინფორმაციული ტექნოლოგიების ბაკალავრი,გამოცდა კოეფიციენტი მინ. ზღვარი პრიორიტეტი ადგილების რ-ბა; ქართული ენა და ლიტერატურა 4 25%-ზე მეტი 3; უცხოური ენა (ინგ.) 4 50%-ზე მეტი 1; ,ერთ-ერთი შემდეგი სავალდებულო საგნებიდან; მათემატიკა 4 20%-ზე მეტი 2 27; ფიზიკა 4 25%-ზე მეტი 2 3; 593; 115 შპს - კავკასიის საერთაშორისო უნივერსიტეტი 08.08.2025 10:07; 
1150111,115,ტურიზმი,ბიზნესის ადმინისტრირების ბაკალავრი ტურიზმში,გამოცდა კოეფიციენტი მინ. ზღვარი პრიორიტეტი ადგილების რ-ბა; ქართული ენა და ლიტერატურა 4 25%-ზე მეტი 1; უცხოური ენა (გერ.; ინგ.; რუს.; ფრან.) 4 20%-ზე მეტი 2; ,ერთ-ერთი შემდეგი სავალდებულო საგნებიდან; მათემატიკა 4 20%-ზე მეტი 3 7; ისტორია 4 25%-ზე მეტი 3 50; გეოგრაფია 4 25%-ზე მეტი 3 13; 594; 115 შპს - კავკასიის საერთაშორისო უნივერსიტეტი 08.08.2025 10:07; 
1150112,115,ბიზნესის ადმინისტრირება (180 კრედიტი),ბიზნესის ადმინისტრირების ბაკალავრი,გამოცდა კოეფიციენტი მინ. ზღვარი პრიორიტეტი ადგილების რ-ბა; ქართული ენა და ლიტერატურა 4 25%-ზე მეტი 1; უცხოური ენა (ინგ.; რუს.; გერ.; ფრა.) 4 20%-ზე მეტი 2; ,ერთ-ერთი შემდეგი სავალდებულო საგნებიდან; მათემატიკა 4 20%-ზე მეტი 3 10; ისტორია 4 25%-ზე მეტი 3 90; 595; 115 შპს - კავკასიის საერთაშორისო უნივერსიტეტი 08.08.2025 10:07; 
1150113,115,ბიზნესის ადმინისტრირება (180 კრედიტი) (ინგლისურენოვანი),ბიზნესის ადმინისტრირების ბაკალავრი,გამოცდა კოეფიციენტი მინ. ზღვარი პრიორიტეტი ადგილების რ-ბა; ქართული ენა და ლიტერატურა 4 25%-ზე მეტი 2; უცხოური ენა (ინგ.) 4 50%-ზე მეტი 1; ,ერთ-ერთი შემდეგი სავალდებულო საგნებიდან; მათემატიკა 4 20%-ზე მეტი 3 3; ისტორია 4 25%-ზე მეტი 3 27; 596; 115 შპს - კავკასიის საერთაშორისო უნივერსიტეტი 08.08.2025 10:07; 
1150114,115,მენეჯმენტი,ბიზნესის ადმინისტრირების ბაკალავრი მენეჯმენტში,გამოცდა კოეფიციენტი მინ. ზღვარი პრიორიტეტი ადგილების რ-ბა; ქართული ენა და ლიტერატურა 4 25%-ზე მეტი 1; უცხოური ენა (ინგ.; რუს.; გერ.; ფრა.) 4 20%-ზე მეტი 2; ,ერთ-ერთი შემდეგი სავალდებულო საგნებიდან; მათემატიკა 4 20%-ზე მეტი 3 7; ისტორია 4 25%-ზე მეტი 3 63; 597; 115 შპს - კავკასიის საერთაშორისო უნივერსიტეტი 08.08.2025 10:07; 
1150115,115,ფინანსები,ბიზნესის ადმინისტრირების ბაკალავრი ფინანსებში,"გამოცდა კოეფიციენტი მინ. ზღვარი პრიორიტეტი ადგილების რ-ბა; ქართული ენა და ლიტერატურა 4 25%-ზე მეტი 2; უცხოური ენა (ინგ.; რუს.; გერ.; ფრა.) 4 20%-ზე მეტი 3; მათემატიკა 4 20%-ზე მეტი 1; 598; 115 შპს - კავკასიის საერთაშორისო უნივერსიტეტი 08.08.2025 10:07; 120 შპს - ქართულ-ამერიკული უნივერსიტეტი; მისამართი: თბილისი, მერაბ ალექსიძის ქ. №10; ტელეფონი: 0322206520; ვებგვერდი: www.gau.edu.ge; ელ.ფოსტა: Info@gau.edu.ge; 599; 120 შპს - ქართულ-ამერიკული უნივერსიტეტი 08.08.2025 10:07; ",
1200101,120,ბიზნესის ადმინისტრირება (180 კრედიტი),ბიზნესის ადმინისტრირების ბაკალავრი,გამოცდა კოეფიციენტი მინ. ზღვარი პრიორიტეტი ადგილების რ-ბა; ქართული ენა და ლიტერატურა 4 25%-ზე მეტი 2; უცხოური ენა (ინგ.) 4 20%-ზე მეტი 1; ,ერთ-ერთი შემდეგი სავალდებულო საგნებიდან; მათემატიკა 4 20%-ზე მეტი 3 70; ისტორია 4 25%-ზე მეტი 3 20; 601; 120 შპს - ქართულ-ამერიკული უნივერსიტეტი 08.08.2025 10:07; 
1200102,120,ბიზნესის ადმინისტრირება (ინგლისურენოვანი) (180 კრედიტი),ბიზნესის ადმინისტრირების ბაკალავრი,გამოცდა კოეფიციენტი მინ. ზღვარი პრიორიტეტი ადგილების რ-ბა; ქართული ენა და ლიტერატურა 4 25%-ზე მეტი 2; უცხოური ენა (ინგ.) 4 20%-ზე მეტი 1; ,ერთ-ერთი შემდეგი სავალდებულო საგნებიდან; მათემატიკა 4 20%-ზე მეტი 3 20; ისტორია 4 25%-ზე მეტი 3 10; 602; 120 შპს - ქართულ-ამერიკული უნივერსიტეტი 08.08.2025 10:07; 
1200103,120,ბიზნესის ადმინისტრირება (240 კრედიტი),ბიზნესის ადმინისტრირების ბაკალავრი,გამოცდა კოეფიციენტი მინ. ზღვარი პრიორიტეტი ადგილების რ-ბა; ქართული ენა და ლიტერატურა 4 25%-ზე მეტი 2; უცხოური ენა (ინგ.) 4 20%-ზე მეტი 1; ,ერთ-ერთი შემდეგი სავალდებულო საგნებიდან; მათემატიკა 4 20%-ზე მეტი 3 40; ისტორია 4 25%-ზე მეტი 3 20; 603; 120 შპს - ქართულ-ამერიკული უნივერსიტეტი 08.08.2025 10:07; 
1200104,120,ბიზნესის ადმინისტრირება (ინგლისურენოვანი) (240 კრედიტი),ბიზნესის ადმინისტრირების ბაკალავრი,გამოცდა კოეფიციენტი მინ. ზღვარი პრიორიტეტი ადგილების რ-ბა; ქართული ენა და ლიტერატურა 4 25%-ზე მეტი 2; უცხოური ენა (ინგ.) 4 20%-ზე მეტი 1; ,ერთ-ერთი შემდეგი სავალდებულო საგნებიდან; მათემატიკა 4 20%-ზე მეტი 3 13; ისტორია 4 25%-ზე მეტი 3 7; 604; 120 შპს - ქართულ-ამერიკული უნივერსიტეტი 08.08.2025 10:07; 
1200105,120,სამართალი,სამართლის ბაკალავრი,გამოცდა კოეფიციენტი მინ. ზღვარი პრიორიტეტი ადგილების რ-ბა; ქართული ენა და ლიტერატურა 5 25%-ზე მეტი 1; უცხოური ენა (გერ.; ინგ.; რუს.; ფრან.) 4 20%-ზე მეტი 2; ,ერთ-ერთი შემდეგი სავალდებულო საგნებიდან; მათემატიკა 3 20%-ზე მეტი 3 4; ისტორია 3 25%-ზე მეტი 3 32; სამოქალაქო განათლება 3 25%-ზე მეტი 3 4; 605; 120 შპს - ქართულ-ამერიკული უნივერსიტეტი 08.08.2025 10:07; 
1200106,120,საერთაშორისო ურთიერთობები და დიპლომატია,საერთაშორისო ურთიერთობების ბაკალავრი,გამოცდა კოეფიციენტი მინ. ზღვარი პრიორიტეტი ადგილების რ-ბა; ქართული ენა და ლიტერატურა 4 25%-ზე მეტი 2; უცხოური ენა (გერ.; ინგ.; რუს.; ფრან.) 5 20%-ზე მეტი 1; ,ერთ-ერთი შემდეგი სავალდებულო საგნებიდან; მათემატიკა 3 20%-ზე მეტი 3 8; ისტორია 3 25%-ზე მეტი 3 56; გეოგრაფია 3 25%-ზე მეტი 3 8; სამოქალაქო განათლება 3 25%-ზე მეტი 3 8; 606; 120 შპს - ქართულ-ამერიკული უნივერსიტეტი 08.08.2025 10:07; 
1200107,120,ინფორმატიკა,ინფორმატიკის ბაკალავრი,გამოცდა კოეფიციენტი მინ. ზღვარი პრიორიტეტი ადგილების რ-ბა; ქართული ენა და ლიტერატურა 4 25%-ზე მეტი 3; უცხოური ენა (გერ.; ინგ.; რუს.; ფრან.) 4 20%-ზე მეტი 2; ,ერთ-ერთი შემდეგი სავალდებულო საგნებიდან; მათემატიკა 4 20%-ზე მეტი 1 72; ფიზიკა 4 25%-ზე მეტი 1 8; 607; 120 შპს - ქართულ-ამერიკული უნივერსიტეტი 08.08.2025 10:07; 
1200108,120,მშენებლობა,მშენებლობის ინჟინერიის ბაკალავრი,გამოცდა კოეფიციენტი მინ. ზღვარი პრიორიტეტი ადგილების რ-ბა; ქართული ენა და ლიტერატურა 4 25%-ზე მეტი 3; უცხოური ენა (გერ.; ინგ.; რუს.; ფრან.) 4 20%-ზე მეტი 2; ,ერთ-ერთი შემდეგი სავალდებულო საგნებიდან; მათემატიკა 4 20%-ზე მეტი 1 16; ფიზიკა 4 25%-ზე მეტი 1 4; 608; 120 შპს - ქართულ-ამერიკული უნივერსიტეტი 08.08.2025 10:07; 
1200109,120,ინგლისური ფილოლოგია,ინგლისური ფილოლოგიის ბაკალავრი,გამოცდა კოეფიციენტი მინ. ზღვარი პრიორიტეტი ადგილების რ-ბა; ქართული ენა და ლიტერატურა 4 25%-ზე მეტი 2; უცხოური ენა (ინგ.) 5 40%-ზე მეტი 1; ,ერთ-ერთი შემდეგი სავალდებულო საგნებიდან; ისტორია 3 25%-ზე მეტი 3 45; ლიტერატურა 3 25%-ზე მეტი 3 15; 609; 120 შპს - ქართულ-ამერიკული უნივერსიტეტი 08.08.2025 10:07; 
1200110,120,ქართული ფილოლოგია,ქართული ფილოლოგიის ბაკალავრი,გამოცდა კოეფიციენტი მინ. ზღვარი პრიორიტეტი ადგილების რ-ბა; ქართული ენა და ლიტერატურა 5 25%-ზე მეტი 1; უცხოური ენა (გერ.; ინგ.; რუს.; ფრან.) 4 20%-ზე მეტი 2; ,ერთ-ერთი შემდეგი სავალდებულო საგნებიდან; ისტორია 3 25%-ზე მეტი 3 5; ლიტერატურა 3 25%-ზე მეტი 3 15; 610; 120 შპს - ქართულ-ამერიკული უნივერსიტეტი 08.08.2025 10:07; 
1200111,120,ისტორია,ისტორიის ბაკალავრი,გამოცდა კოეფიციენტი მინ. ზღვარი პრიორიტეტი ადგილების რ-ბა; ქართული ენა და ლიტერატურა 4 25%-ზე მეტი 2; უცხოური ენა (გერ.; ინგ.; რუს.; ფრან.) 3 20%-ზე მეტი 3; ,ერთ-ერთი შემდეგი სავალდებულო საგნებიდან; ისტორია 5 25%-ზე მეტი 1 12; ლიტერატურა 5 25%-ზე მეტი 1 3; 611; 120 შპს - ქართულ-ამერიკული უნივერსიტეტი 08.08.2025 10:07; 
1200112,120,მედიაპროდუქცია და ვიზუალური მეთოდები დიზაინში,მედიახელოვნების ბაკალავრი,გამოცდა კოეფიციენტი მინ. ზღვარი პრიორიტეტი ადგილების რ-ბა; ქართული ენა და ლიტერატურა 4 25%-ზე მეტი 1; უცხოური ენა (გერ.; ინგ.; რუს.; ფრან.) 4 20%-ზე მეტი 2; ,ერთ-ერთი შემდეგი სავალდებულო საგნებიდან; მათემატიკა 4 20%-ზე მეტი 3 20; ისტორია 4 25%-ზე მეტი 3 15; ხელოვნება 4 25%-ზე მეტი 3 25; 612; 120 შპს - ქართულ-ამერიკული უნივერსიტეტი 08.08.2025 10:07; 
1200113,120,დიპლომირებული მედიკოსი (ინგლისურენოვანი),დიპლომირებული მედიკოსი,გამოცდა კოეფიციენტი მინ. ზღვარი პრიორიტეტი ადგილების რ-ბა; ქართული ენა და ლიტერატურა 1 25%-ზე მეტი 4; უცხოური ენა (ინგ.) 4 20%-ზე მეტი 1; ბიოლოგია 4 25%-ზე მეტი 2; ,"ერთ-ერთი შემდეგი სავალდებულო საგნებიდან; მათემატიკა 3 20%-ზე მეტი 3 6; ფიზიკა 3 25%-ზე მეტი 3 6; ქიმია 3 25%-ზე მეტი 3 8; 613; 120 შპს - ქართულ-ამერიკული უნივერსიტეტი 08.08.2025 10:07; 121 შპს - საქართველოს უნივერსიტეტი; მისამართი: 77ა, მ. კოსტავას ქუჩა, თბილისი; ტელეფონი: 2552222; ვებგვერდი: www.ug.edu.ge; ელ.ფოსტა: ug@ug.edu.ge; 614; 121 შპს - საქართველოს უნივერსიტეტი 08.08.2025 10:07; "
1210102,121,არქეოლოგია,არქეოლოგიის ბაკალავრი,გამოცდა კოეფიციენტი მინ. ზღვარი პრიორიტეტი ადგილების რ-ბა; ქართული ენა და ლიტერატურა 4 42%-ზე მეტი 2; უცხოური ენა (ინგ.) 5 40%-ზე მეტი 1; ,ერთ-ერთი შემდეგი სავალდებულო საგნებიდან; მათემატიკა 3 20%-ზე მეტი 3 2; ისტორია 3 25%-ზე მეტი 3 6; ლიტერატურა 3 25%-ზე მეტი 3 2; 616; 121 შპს - საქართველოს უნივერსიტეტი 08.08.2025 10:07; 
1210103,121,არქიტექტურა,არქიტექტურის ბაკალავრი,გამოცდა კოეფიციენტი მინ. ზღვარი პრიორიტეტი ადგილების რ-ბა; ქართული ენა და ლიტერატურა 3 44%-ზე მეტი 2; უცხოური ენა (ინგ.) 2 44%-ზე მეტი 3; ,ერთ-ერთი შემდეგი სავალდებულო საგნებიდან; მათემატიკა 7 30%-ზე მეტი 1 45; ფიზიკა 7 25%-ზე მეტი 1 15; 617; 121 შპს - საქართველოს უნივერსიტეტი 08.08.2025 10:07; 
1210104,121,აღმოსავლეთმცოდნეობა,ახლო ან შუა აღმოსავლეთის კვლევების ბაკალავრი,გამოცდა კოეფიციენტი მინ. ზღვარი პრიორიტეტი ადგილების რ-ბა; ქართული ენა და ლიტერატურა 4 44%-ზე მეტი 2; უცხოური ენა (ინგ.) 5 41%-ზე მეტი 1; ,ერთ-ერთი შემდეგი სავალდებულო საგნებიდან; მათემატიკა 3 20%-ზე მეტი 3 5; ისტორია 3 25%-ზე მეტი 3 20; 618; 121 შპს - საქართველოს უნივერსიტეტი 08.08.2025 10:07; 
1210105,121,ბიზნეს ანალიტიკა,ბიზნესის ადმინისტრირების ბაკალავრი,გამოცდა კოეფიციენტი მინ. ზღვარი პრიორიტეტი ადგილების რ-ბა; ქართული ენა და ლიტერატურა 3 44%-ზე მეტი 3; უცხოური ენა (ინგ.) 5 44%-ზე მეტი 1; ,ერთ-ერთი შემდეგი სავალდებულო საგნებიდან; მათემატიკა 4 20%-ზე მეტი 2 5; ისტორია 4 25%-ზე მეტი 2 5; 619; 121 შპს - საქართველოს უნივერსიტეტი 08.08.2025 10:07; 
1210106,121,ბიზნეს ანალიტიკა (180 კრედიტი),ბიზნესის ადმინისტრირების ბაკალავრი,გამოცდა კოეფიციენტი მინ. ზღვარი პრიორიტეტი ადგილების რ-ბა; ქართული ენა და ლიტერატურა 3 44%-ზე მეტი 3; უცხოური ენა (ინგ.) 5 44%-ზე მეტი 1; ,ერთ-ერთი შემდეგი სავალდებულო საგნებიდან; მათემატიკა 4 20%-ზე მეტი 2 5; ისტორია 4 25%-ზე მეტი 2 5; 620; 121 შპს - საქართველოს უნივერსიტეტი 08.08.2025 10:07; 
1210107,121,ბიზნეს ანალიტიკა (ინგლისურენოვანი) (180 კრედიტი),ბიზნესის ადმინისტრირების ბაკალავრი,გამოცდა კოეფიციენტი მინ. ზღვარი პრიორიტეტი ადგილების რ-ბა; ქართული ენა და ლიტერატურა 3 44%-ზე მეტი 2; უცხოური ენა (ინგ.) 6 74%-ზე მეტი 1; ,ერთ-ერთი შემდეგი სავალდებულო საგნებიდან; მათემატიკა 3 20%-ზე მეტი 3 2; ისტორია 3 25%-ზე მეტი 3 3; 621; 121 შპს - საქართველოს უნივერსიტეტი 08.08.2025 10:07; 
1210108,121,ბიზნესის ადმინისტრირება,ბიზნესის ადმინისტრირების ბაკალავრი,გამოცდა კოეფიციენტი მინ. ზღვარი პრიორიტეტი ადგილების რ-ბა; ქართული ენა და ლიტერატურა 4 44%-ზე მეტი 2; უცხოური ენა (ინგ.) 5 44%-ზე მეტი 1; ,ერთ-ერთი შემდეგი სავალდებულო საგნებიდან; მათემატიკა 3 20%-ზე მეტი 3 15; ისტორია 3 25%-ზე მეტი 3 10; 622; 121 შპს - საქართველოს უნივერსიტეტი 08.08.2025 10:07; 
1210109,121,ბიზნესის ადმინისტრირება (180 კრედიტი),ბიზნესის ადმინისტრირების ბაკალავრი,გამოცდა კოეფიციენტი მინ. ზღვარი პრიორიტეტი ადგილების რ-ბა; ქართული ენა და ლიტერატურა 4 44%-ზე მეტი 2; უცხოური ენა (ინგ.) 5 44%-ზე მეტი 1; ,ერთ-ერთი შემდეგი სავალდებულო საგნებიდან; მათემატიკა 3 25%-ზე მეტი 3 15; ისტორია 3 25%-ზე მეტი 3 10; 623; 121 შპს - საქართველოს უნივერსიტეტი 08.08.2025 10:07; 
1210110,121,ბიზნესის ადმინისტრირება (ინგლისურენოვანი) (180 კრედიტი),ბიზნესის ადმინისტრირების ბაკალავრი,გამოცდა კოეფიციენტი მინ. ზღვარი პრიორიტეტი ადგილების რ-ბა; ქართული ენა და ლიტერატურა 3 44%-ზე მეტი 3; უცხოური ენა (ინგ.) 6 74%-ზე მეტი 1; ,ერთ-ერთი შემდეგი სავალდებულო საგნებიდან; მათემატიკა 3 20%-ზე მეტი 2 2; ისტორია 3 25%-ზე მეტი 2 3; 624; 121 შპს - საქართველოს უნივერსიტეტი 08.08.2025 10:07; 
1210111,121,ეკონომიკა,ეკონომიკის ბაკალავრი,გამოცდა კოეფიციენტი მინ. ზღვარი პრიორიტეტი ადგილების რ-ბა; ქართული ენა და ლიტერატურა 2 44%-ზე მეტი 3; უცხოური ენა (ინგ.) 4 44%-ზე მეტი 2; მათემატიკა 6 25%-ზე მეტი 1; 625; 121 შპს - საქართველოს უნივერსიტეტი 08.08.2025 10:07; ,
1210112,121,ელექტრონული და კომუნიკაციების ინჟინერია,ელექტრონული ინჟინერიის ბაკალავრი,გამოცდა კოეფიციენტი მინ. ზღვარი პრიორიტეტი ადგილების რ-ბა; ქართული ენა და ლიტერატურა 4 44%-ზე მეტი 1; უცხოური ენა (ინგ.) 4 44%-ზე მეტი 2; ,ერთ-ერთი შემდეგი სავალდებულო საგნებიდან; მათემატიკა 4 35%-ზე მეტი 3 11; ფიზიკა 4 30%-ზე მეტი 3 4; 626; 121 შპს - საქართველოს უნივერსიტეტი 08.08.2025 10:07; 
1210113,121,ელექტრონული და კომუნიკაციების ინჟინერია (ინგლისურენოვანი),ელექტრონული ინჟინერიის ბაკალავრი,გამოცდა კოეფიციენტი მინ. ზღვარი პრიორიტეტი ადგილების რ-ბა; ქართული ენა და ლიტერატურა 4 44%-ზე მეტი 2; უცხოური ენა (ინგ.) 4 74%-ზე მეტი 1; ,ერთ-ერთი შემდეგი სავალდებულო საგნებიდან; მათემატიკა 4 35%-ზე მეტი 3 3; ფიზიკა 4 30%-ზე მეტი 3 2; 627; 121 შპს - საქართველოს უნივერსიტეტი 08.08.2025 10:07; 
1210114,121,ინგლისური ფილოლოგია,ფილოლოგიის ბაკალავრი,გამოცდა კოეფიციენტი მინ. ზღვარი პრიორიტეტი ადგილების რ-ბა; ქართული ენა და ლიტერატურა 4 44%-ზე მეტი 2; უცხოური ენა (ინგ.) 6 60%-ზე მეტი 1; ,ერთ-ერთი შემდეგი სავალდებულო საგნებიდან; ისტორია 2 25%-ზე მეტი 3 25; ლიტერატურა 2 25%-ზე მეტი 3 15; 628; 121 შპს - საქართველოს უნივერსიტეტი 08.08.2025 10:07; 
1210115,121,ინგლისური ფილოლოგია (ინგლისურენოვანი),ჰუმანიტარული მეცნიერებების ბაკალავრი ინგლისურ ფილოლოგიაში,გამოცდა კოეფიციენტი მინ. ზღვარი პრიორიტეტი ადგილების რ-ბა; ქართული ენა და ლიტერატურა 3 39%-ზე მეტი 2; უცხოური ენა (ინგ.) 7 75%-ზე მეტი 1; ,ერთ-ერთი შემდეგი სავალდებულო საგნებიდან; ისტორია 2 25%-ზე მეტი 3 10; ლიტერატურა 2 25%-ზე მეტი 3 10; 629; 121 შპს - საქართველოს უნივერსიტეტი 08.08.2025 10:07; 
1210116,121,ინოვაციური ლიდერობა,თავისუფალი მეცნიერებების ბაკალავრი,გამოცდა კოეფიციენტი მინ. ზღვარი პრიორიტეტი ადგილების რ-ბა; ქართული ენა და ლიტერატურა 4 44%-ზე მეტი 1; უცხოური ენა (ინგ.) 4 92%-ზე მეტი 2; ,ერთ-ერთი შემდეგი სავალდებულო საგნებიდან; მათემატიკა 4 20%-ზე მეტი 3 10; ისტორია 4 25%-ზე მეტი 3 10; 630; 121 შპს - საქართველოს უნივერსიტეტი 08.08.2025 10:07; 
1210117,121,ინფორმატიკა,ინფორმატიკის ბაკალავრი,გამოცდა კოეფიციენტი მინ. ზღვარი პრიორიტეტი ადგილების რ-ბა; ქართული ენა და ლიტერატურა 4 44%-ზე მეტი 1; უცხოური ენა (ინგ.) 4 44%-ზე მეტი 2; ,ერთ-ერთი შემდეგი სავალდებულო საგნებიდან; მათემატიკა 4 20%-ზე მეტი 3 25; ფიზიკა 4 25%-ზე მეტი 3 25; 631; 121 შპს - საქართველოს უნივერსიტეტი 08.08.2025 10:07; 
1210118,121,ინფორმაციული ტექნოლოგიები (ინგლისურენოვანი),ინფორმატიკის ბაკალავრი,გამოცდა კოეფიციენტი მინ. ზღვარი პრიორიტეტი ადგილების რ-ბა; ქართული ენა და ლიტერატურა 4 44%-ზე მეტი 2; უცხოური ენა (ინგ.) 4 74%-ზე მეტი 1; ,ერთ-ერთი შემდეგი სავალდებულო საგნებიდან; მათემატიკა 4 20%-ზე მეტი 3 3; ფიზიკა 4 25%-ზე მეტი 3 2; 632; 121 შპს - საქართველოს უნივერსიტეტი 08.08.2025 10:07; 
1210119,121,ისტორია,ისტორიის ბაკალავრი,გამოცდა კოეფიციენტი მინ. ზღვარი პრიორიტეტი ადგილების რ-ბა; ქართული ენა და ლიტერატურა 4 41%-ზე მეტი 2; უცხოური ენა (ინგ.) 3 39%-ზე მეტი 3; ,ერთ-ერთი შემდეგი სავალდებულო საგნებიდან; ისტორია 5 25%-ზე მეტი 1 18; ლიტერატურა 5 25%-ზე მეტი 1 2; 633; 121 შპს - საქართველოს უნივერსიტეტი 08.08.2025 10:07; 
1210120,121,კომპიუტერული ინჟინერია,კომპიუტერული ინჟინერიის ბაკალავრი,გამოცდა კოეფიციენტი მინ. ზღვარი პრიორიტეტი ადგილების რ-ბა; ქართული ენა და ლიტერატურა 4 44%-ზე მეტი 1; უცხოური ენა (ინგ.) 4 44%-ზე მეტი 2; ,ერთ-ერთი შემდეგი სავალდებულო საგნებიდან; მათემატიკა 4 35%-ზე მეტი 3 18; ფიზიკა 4 30%-ზე მეტი 3 7; 634; 121 შპს - საქართველოს უნივერსიტეტი 08.08.2025 10:07; 
1210121,121,კომპიუტერული ინჟინერია (ინგლისურენოვანი),კომპიუტერული ინჟინერიის ბაკალავრი,გამოცდა კოეფიციენტი მინ. ზღვარი პრიორიტეტი ადგილების რ-ბა; ქართული ენა და ლიტერატურა 4 44%-ზე მეტი 2; უცხოური ენა (ინგ.) 4 74%-ზე მეტი 1; ,ერთ-ერთი შემდეგი სავალდებულო საგნებიდან; მათემატიკა 4 35%-ზე მეტი 3 3; ფიზიკა 4 30%-ზე მეტი 3 2; 635; 121 შპს - საქართველოს უნივერსიტეტი 08.08.2025 10:07; 
1210122,121,მათემატიკა,მათემატიკის ბაკალავრი,გამოცდა კოეფიციენტი მინ. ზღვარი პრიორიტეტი ადგილების რ-ბა; ქართული ენა და ლიტერატურა 4 44%-ზე მეტი 1; უცხოური ენა (ინგ.) 4 44%-ზე მეტი 2; ,ერთ-ერთი შემდეგი სავალდებულო საგნებიდან; მათემატიკა 4 45%-ზე მეტი 3 4; ფიზიკა 4 30%-ზე მეტი 3 1; 636; 121 შპს - საქართველოს უნივერსიტეტი 08.08.2025 10:07; 
1210123,121,ჟურნალისტიკა,სოციალურ მეცნიერებათა ბაკალავრი ჟურნალისტიკაში,გამოცდა კოეფიციენტი მინ. ზღვარი პრიორიტეტი ადგილების რ-ბა; ქართული ენა და ლიტერატურა 4 44%-ზე მეტი 1; უცხოური ენა (ინგ.) 4 44%-ზე მეტი 2; ,ერთ-ერთი შემდეგი სავალდებულო საგნებიდან; მათემატიკა 4 30%-ზე მეტი 3 3; ისტორია 4 30%-ზე მეტი 3 13; გეოგრაფია 4 30%-ზე მეტი 3 3; ლიტერატურა 4 30%-ზე მეტი 3 3; სამოქალაქო განათლება 4 30%-ზე მეტი 3 3; 637; 121 შპს - საქართველოს უნივერსიტეტი 08.08.2025 10:07; 
1210124,121,საერთაშორისო ურთიერთობები,საერთაშორისო ურთიერთობების ბაკალავრი,გამოცდა კოეფიციენტი მინ. ზღვარი პრიორიტეტი ადგილების რ-ბა; ქართული ენა და ლიტერატურა 4 44%-ზე მეტი 1; უცხოური ენა (ინგ.) 4 44%-ზე მეტი 2; ,ერთ-ერთი შემდეგი სავალდებულო საგნებიდან; მათემატიკა 4 30%-ზე მეტი 3 3; ისტორია 4 30%-ზე მეტი 3 16; გეოგრაფია 4 30%-ზე მეტი 3 3; სამოქალაქო განათლება 4 30%-ზე მეტი 3 3; 638; 121 შპს - საქართველოს უნივერსიტეტი 08.08.2025 10:07; 
1210125,121,სამართალმცოდნეობა,სამართლის ბაკალავრი,გამოცდა კოეფიციენტი მინ. ზღვარი პრიორიტეტი ადგილების რ-ბა; ქართული ენა და ლიტერატურა 5 44%-ზე მეტი 1; უცხოური ენა (ინგ.) 4 39%-ზე მეტი 2; ,ერთ-ერთი შემდეგი სავალდებულო საგნებიდან; მათემატიკა 3 25%-ზე მეტი 3 20; ისტორია 3 25%-ზე მეტი 3 140; სამოქალაქო განათლება 3 25%-ზე მეტი 3 20; 639; 121 შპს - საქართველოს უნივერსიტეტი 08.08.2025 10:07; 
1210126,121,სამოქალაქო ინჟინერია (ინგლისურენოვანი),სამოქალაქო ინჟინერიის ბაკალავრი,გამოცდა კოეფიციენტი მინ. ზღვარი პრიორიტეტი ადგილების რ-ბა; ქართული ენა და ლიტერატურა 4 44%-ზე მეტი 2; უცხოური ენა (ინგ.) 4 74%-ზე მეტი 1; ,ერთ-ერთი შემდეგი სავალდებულო საგნებიდან; მათემატიკა 4 35%-ზე მეტი 3 3; ფიზიკა 4 35%-ზე მეტი 3 2; 640; 121 შპს - საქართველოს უნივერსიტეტი 08.08.2025 10:07; 
1210127,121,საჯარო მმართველობა (180 კრედიტი),საჯარო მმართველობის ბაკალავრი,გამოცდა კოეფიციენტი მინ. ზღვარი პრიორიტეტი ადგილების რ-ბა; ქართული ენა და ლიტერატურა 4 44%-ზე მეტი 2; უცხოური ენა (ინგ.) 5 44%-ზე მეტი 1; ,ერთ-ერთი შემდეგი სავალდებულო საგნებიდან; მათემატიკა 3 20%-ზე მეტი 3 5; ისტორია 3 25%-ზე მეტი 3 10; გეოგრაფია 3 25%-ზე მეტი 3 5; სამოქალაქო განათლება 3 25%-ზე მეტი 3 5; 641; 121 შპს - საქართველოს უნივერსიტეტი 08.08.2025 10:07; 
1210128,121,სტრატეგიული კომუნიკაციები,მასობრივი კომუნიკაციის ბაკალავრი,გამოცდა კოეფიციენტი მინ. ზღვარი პრიორიტეტი ადგილების რ-ბა; ქართული ენა და ლიტერატურა 4 44%-ზე მეტი 1; უცხოური ენა (ინგ.) 4 44%-ზე მეტი 2; ,ერთ-ერთი შემდეგი სავალდებულო საგნებიდან; მათემატიკა 4 30%-ზე მეტი 3 10; ისტორია 4 30%-ზე მეტი 3 70; ლიტერატურა 4 30%-ზე მეტი 3 10; სამოქალაქო განათლება 4 30%-ზე მეტი 3 10; 642; 121 შპს - საქართველოს უნივერსიტეტი 08.08.2025 10:07; 
1210129,121,ფსიქოლოგია,ფსიქოლოგიის ბაკალავრი,გამოცდა კოეფიციენტი მინ. ზღვარი პრიორიტეტი ადგილების რ-ბა; ქართული ენა და ლიტერატურა 4 44%-ზე მეტი 1; უცხოური ენა (ინგ.) 4 44%-ზე მეტი 2; ,ერთ-ერთი შემდეგი სავალდებულო საგნებიდან; მათემატიკა 4 30%-ზე მეტი 3 10; ისტორია 4 30%-ზე მეტი 3 80; ბიოლოგია 4 30%-ზე მეტი 3 10; 643; 121 შპს - საქართველოს უნივერსიტეტი 08.08.2025 10:07; 
1210130,121,ქართული ფილოლოგია,ფილოლოგიის ბაკალავრი,გამოცდა კოეფიციენტი მინ. ზღვარი პრიორიტეტი ადგილების რ-ბა; ქართული ენა და ლიტერატურა 6 44%-ზე მეტი 1; უცხოური ენა (ინგ.) 4 40%-ზე მეტი 2; ,ერთ-ერთი შემდეგი სავალდებულო საგნებიდან; ისტორია 2 25%-ზე მეტი 3 13; ლიტერატურა 2 25%-ზე მეტი 3 12; 644; 121 შპს - საქართველოს უნივერსიტეტი 08.08.2025 10:07; 
1210131,121,ქართული ცეკვის ან მსოფლიო ხალხთა ცეკვის დამდგმელი ქორეოგრაფი (180 კრედიტი),ხელოვნების ბაკალავრი ქორეოგრაფიაში,გამოცდა კოეფიციენტი მინ. ზღვარი პრიორიტეტი ადგილების რ-ბა; ქართული ენა და ლიტერატურა 6 25%-ზე მეტი 1; უცხოური ენა (ინგ.) 4 20%-ზე მეტი 2; შემოქმედებითი ტური 2 3; 645; 121 შპს - საქართველოს უნივერსიტეტი 08.08.2025 10:07; ,
1210132,121,ხელოვნებათმცოდნეობა,ხელოვნებათმცოდნეობის ბაკალავრი,გამოცდა კოეფიციენტი მინ. ზღვარი პრიორიტეტი ადგილების რ-ბა; ქართული ენა და ლიტერატურა 5 44%-ზე მეტი 1; უცხოური ენა (ინგ.) 4 44%-ზე მეტი 2; ,ერთ-ერთი შემდეგი სავალდებულო საგნებიდან; ისტორია 3 25%-ზე მეტი 3 8; ლიტერატურა 3 25%-ზე მეტი 3 3; ხელოვნება 3 25%-ზე მეტი 3 4; 646; 121 შპს - საქართველოს უნივერსიტეტი 08.08.2025 10:07; 
1210133,121,ჯანდაცვის ადმინისტრირება,მენეჯმენტის ბაკალავრი,გამოცდა კოეფიციენტი მინ. ზღვარი პრიორიტეტი ადგილების რ-ბა; ქართული ენა და ლიტერატურა 4 44%-ზე მეტი 2; უცხოური ენა (ინგ.) 4 44%-ზე მეტი 1; ,"ერთ-ერთი შემდეგი სავალდებულო საგნებიდან; მათემატიკა 4 20%-ზე მეტი 3 5; ისტორია 4 25%-ზე მეტი 3 15; 647; 121 შპს - საქართველოს უნივერსიტეტი 08.08.2025 10:07; 122 შპს - კავკასიის უნივერსიტეტი; მისამართი: ქ. თბილისი, პაატა სააკაძის #1; ტელეფონი: 2377777; ვებგვერდი: www.cu.edu.ge; ელ.ფოსტა: info@cu.edu.ge; 648; 122 შპს - კავკასიის უნივერსიტეტი 08.08.2025 10:07; "
1220101,122,"ბიზნესის ადმინისტრირება (კონცენტრაციები: ფინანსები, მარკეტინგი, მენეჯმენტი) (180 კრედიტი)",ბიზნესის ადმინისტრირების ბაკალავრი,გამოცდა კოეფიციენტი მინ. ზღვარი პრიორიტეტი ადგილების რ-ბა; ქართული ენა და ლიტერატურა 3 25%-ზე მეტი 3; უცხოური ენა (ინგ.) 5 20%-ზე მეტი 1; ,ერთ-ერთი შემდეგი სავალდებულო საგნებიდან; მათემატიკა 4 20%-ზე მეტი 2 225; ისტორია 4 25%-ზე მეტი 2 25; 649; 122 შპს - კავკასიის უნივერსიტეტი 08.08.2025 10:07; 
1220102,122,"ბიზნესის ადმინისტრირება (კონცენტრაციები: ფინანსები, მარკეტინგი, მენეჯმენტი) (ინგლისურენოვანი) (180 კრედიტი)",ბიზნესის ადმინისტრირების ბაკალავრი,გამოცდა კოეფიციენტი მინ. ზღვარი პრიორიტეტი ადგილების რ-ბა; ქართული ენა და ლიტერატურა 3 25%-ზე მეტი 3; უცხოური ენა (ინგ.) 5 20%-ზე მეტი 1; ,ერთ-ერთი შემდეგი სავალდებულო საგნებიდან; მათემატიკა 4 20%-ზე მეტი 2 67; ისტორია 4 25%-ზე მეტი 2 8; 650; 122 შპს - კავკასიის უნივერსიტეტი 08.08.2025 10:07; 
1220103,122,"ბიზნესის ადმინისტრირება (ერთობლივი საგანმანათლებლო პროგრამა, რენის ბიზნეს სკოლასთან ერთად, საფრანგეთი) (ინგლისურენოვანი)",მენეჯმენტის ბაკალავრი,გამოცდა კოეფიციენტი მინ. ზღვარი პრიორიტეტი ადგილების რ-ბა; ქართული ენა და ლიტერატურა 3 25%-ზე მეტი 3; უცხოური ენა (ინგ.) 5 20%-ზე მეტი 1; ,ერთ-ერთი შემდეგი სავალდებულო საგნებიდან; მათემატიკა 4 20%-ზე მეტი 2 27; ისტორია 4 25%-ზე მეტი 2 3; 651; 122 შპს - კავკასიის უნივერსიტეტი 08.08.2025 10:07; 
1220104,122,ჯანდაცვის მენეჯმენტი (180 კრედიტი),ბიზნესის ადმინისტრირების ბაკალავრი მენეჯმენტში,გამოცდა კოეფიციენტი მინ. ზღვარი პრიორიტეტი ადგილების რ-ბა; ქართული ენა და ლიტერატურა 4 25%-ზე მეტი 3; უცხოური ენა (ინგ.; რუს.; გერ.; ფრა.) 4 20%-ზე მეტი 2; ,ერთ-ერთი შემდეგი სავალდებულო საგნებიდან; მათემატიკა 4 20%-ზე მეტი 1 20; ისტორია 4 25%-ზე მეტი 1 10; 652; 122 შპს - კავკასიის უნივერსიტეტი 08.08.2025 10:07; 
1220105,122,სამართალი,სამართლის ბაკალავრი,გამოცდა კოეფიციენტი მინ. ზღვარი პრიორიტეტი ადგილების რ-ბა; ქართული ენა და ლიტერატურა 4 25%-ზე მეტი 1; უცხოური ენა (გერ.; ინგ.; რუს.; ფრან.) 4 20%-ზე მეტი 3; ,ერთ-ერთი შემდეგი სავალდებულო საგნებიდან; მათემატიკა 4 20%-ზე მეტი 2 10; ისტორია 4 25%-ზე მეტი 2 80; სამოქალაქო განათლება 4 25%-ზე მეტი 2 10; 653; 122 შპს - კავკასიის უნივერსიტეტი 08.08.2025 10:07; 
1220106,122,ჟურნალისტიკა და მასობრივი კომუნიკაცია,სოციალური მეცნიერებების ბაკალავრი მასობრივ კომუნიკაცია/ჟურნალისტიკაში,გამოცდა კოეფიციენტი მინ. ზღვარი პრიორიტეტი ადგილების რ-ბა; ქართული ენა და ლიტერატურა 5 25%-ზე მეტი 1; უცხოური ენა (გერ.; ინგ.; რუს.; ფრან.) 4 20%-ზე მეტი 2; ,ერთ-ერთი შემდეგი სავალდებულო საგნებიდან; მათემატიკა 3 20%-ზე მეტი 3 3; ისტორია 3 25%-ზე მეტი 3 14; გეოგრაფია 3 25%-ზე მეტი 3 5; ლიტერატურა 3 25%-ზე მეტი 3 5; სამოქალაქო განათლება 3 25%-ზე მეტი 3 3; 654; 122 შპს - კავკასიის უნივერსიტეტი 08.08.2025 10:07; 
1220107,122,PR (პიარი) და კომუნიკაცია,სოციალური მეცნიერებების ბაკალავრი,გამოცდა კოეფიციენტი მინ. ზღვარი პრიორიტეტი ადგილების რ-ბა; ქართული ენა და ლიტერატურა 4 25%-ზე მეტი 1; უცხოური ენა (გერ.; ინგ.; რუს.; ფრან.) 4 20%-ზე მეტი 2; ,ერთ-ერთი შემდეგი სავალდებულო საგნებიდან; მათემატიკა 4 20%-ზე მეტი 3 15; ისტორია 4 25%-ზე მეტი 3 70; გეოგრაფია 4 25%-ზე მეტი 3 25; 655; 122 შპს - კავკასიის უნივერსიტეტი 08.08.2025 10:07; 
1220108,122,ციფრული კომუნიკაცია და მედია-არტი (180 კრედიტი),ციფრული მედიის ბაკალავრი,გამოცდა კოეფიციენტი მინ. ზღვარი პრიორიტეტი ადგილების რ-ბა; ქართული ენა და ლიტერატურა 4 25%-ზე მეტი 1; უცხოური ენა (ინგ.; რუს.; გერ.; ფრა.) 4 20%-ზე მეტი 2; ,ერთ-ერთი შემდეგი სავალდებულო საგნებიდან; მათემატიკა 4 20%-ზე მეტი 3 2; ისტორია 4 25%-ზე მეტი 3 12; ხელოვნება 4 25%-ზე მეტი 3 6; 656; 122 შპს - კავკასიის უნივერსიტეტი 08.08.2025 10:07; 
1220109,122,კიბერუსაფრთხოების ერთობლივი პროგრამა (ინგლისურენოვანი),მეცნიერების ბაკალავრი კომპიუტერულ მეცნიერებაში,გამოცდა კოეფიციენტი მინ. ზღვარი პრიორიტეტი ადგილების რ-ბა; ქართული ენა და ლიტერატურა 3 25%-ზე მეტი 3; უცხოური ენა (ინგ.) 4 20%-ზე მეტი 2; ,ერთ-ერთი შემდეგი სავალდებულო საგნებიდან; მათემატიკა 5 20%-ზე მეტი 1 30; ფიზიკა 5 25%-ზე მეტი 1 5; 657; 122 შპს - კავკასიის უნივერსიტეტი 08.08.2025 10:07; 
1220110,122,კიბერუსაფრთხოება (ინგლისურენოვანი),კიბერუსაფრთხოების ბაკალავრი,გამოცდა კოეფიციენტი მინ. ზღვარი პრიორიტეტი ადგილების რ-ბა; ქართული ენა და ლიტერატურა 3 25%-ზე მეტი 3; უცხოური ენა (ინგ.) 4 20%-ზე მეტი 2; ,ერთ-ერთი შემდეგი სავალდებულო საგნებიდან; მათემატიკა 5 20%-ზე მეტი 1 30; ფიზიკა 5 25%-ზე მეტი 1 5; 658; 122 შპს - კავკასიის უნივერსიტეტი 08.08.2025 10:07; 
1220111,122,კომპიუტერული მეცნიერება,კომპიუტერული მეცნიერების ბაკალავრი,გამოცდა კოეფიციენტი მინ. ზღვარი პრიორიტეტი ადგილების რ-ბა; ქართული ენა და ლიტერატურა 3 25%-ზე მეტი 3; უცხოური ენა (გერ.; ინგ.; რუს.; ფრან.) 4 20%-ზე მეტი 2; ,ერთ-ერთი შემდეგი სავალდებულო საგნებიდან; მათემატიკა 5 20%-ზე მეტი 1 105; ფიზიკა 5 25%-ზე მეტი 1 15; 659; 122 შპს - კავკასიის უნივერსიტეტი 08.08.2025 10:07; 
1220112,122,კომპიუტერული მეცნიერება (ინგლისურენოვანი),კომპიუტერული მეცნიერების ბაკალავრი,გამოცდა კოეფიციენტი მინ. ზღვარი პრიორიტეტი ადგილების რ-ბა; ქართული ენა და ლიტერატურა 3 25%-ზე მეტი 3; უცხოური ენა (ინგ.) 4 20%-ზე მეტი 2; ,ერთ-ერთი შემდეგი სავალდებულო საგნებიდან; მათემატიკა 5 20%-ზე მეტი 1 35; ფიზიკა 5 25%-ზე მეტი 1 5; 660; 122 შპს - კავკასიის უნივერსიტეტი 08.08.2025 10:07; 
1220113,122,კომპიუტერული მეცნიერება (ინგლისურენოვანი) (ერთობლივი),მეცნიერების ბაკალავრი კომპიუტერულ მეცნიერებაში,გამოცდა კოეფიციენტი მინ. ზღვარი პრიორიტეტი ადგილების რ-ბა; ქართული ენა და ლიტერატურა 3 25%-ზე მეტი 3; უცხოური ენა (ინგ.) 4 20%-ზე მეტი 2; ,ერთ-ერთი შემდეგი სავალდებულო საგნებიდან; მათემატიკა 5 20%-ზე მეტი 1 35; ფიზიკა 5 25%-ზე მეტი 1 5; 661; 122 შპს - კავკასიის უნივერსიტეტი 08.08.2025 10:07; 
1220114,122,ელექტრონიკა და კომპიუტერული ინჟინერია,ელექტრონული ინჟინერიის ბაკალავრი,გამოცდა კოეფიციენტი მინ. ზღვარი პრიორიტეტი ადგილების რ-ბა; ქართული ენა და ლიტერატურა 3 25%-ზე მეტი 3; უცხოური ენა (გერ.; ინგ.; რუს.; ფრან.) 4 20%-ზე მეტი 2; ,ერთ-ერთი შემდეგი სავალდებულო საგნებიდან; მათემატიკა 5 20%-ზე მეტი 1 40; ფიზიკა 5 25%-ზე მეტი 1 10; 662; 122 შპს - კავკასიის უნივერსიტეტი 08.08.2025 10:07; 
1220115,122,ენერგეტიკა და ელექტროინჟინერია,ინჟინერიის ბაკალავრი ენერგეტიკასა და ელექტროინჟინერიაში,გამოცდა კოეფიციენტი მინ. ზღვარი პრიორიტეტი ადგილების რ-ბა; ქართული ენა და ლიტერატურა 3 25%-ზე მეტი 3; უცხოური ენა (გერ.; ინგ.; რუს.; ფრან.) 4 20%-ზე მეტი 2; ,ერთ-ერთი შემდეგი სავალდებულო საგნებიდან; მათემატიკა 5 20%-ზე მეტი 1 28; ფიზიკა 5 25%-ზე მეტი 1 7; 663; 122 შპს - კავკასიის უნივერსიტეტი 08.08.2025 10:07; 
1220116,122,კომპიუტერული მეცნიერება და ხელოვნური ინტელექტი (ინგლისურენოვანი),კომპიუტერული მეცნიერების ბაკალავრი,გამოცდა კოეფიციენტი მინ. ზღვარი პრიორიტეტი ადგილების რ-ბა; ქართული ენა და ლიტერატურა 3 25%-ზე მეტი 3; უცხოური ენა (ინგ.) 4 20%-ზე მეტი 2; ,ერთ-ერთი შემდეგი სავალდებულო საგნებიდან; მათემატიკა 5 20%-ზე მეტი 1 30; ფიზიკა 5 25%-ზე მეტი 1 5; 664; 122 შპს - კავკასიის უნივერსიტეტი 08.08.2025 10:07; 
1220117,122,არქიტექტურა,არქიტექტურის ბაკალავრი,გამოცდა კოეფიციენტი მინ. ზღვარი პრიორიტეტი ადგილების რ-ბა; ქართული ენა და ლიტერატურა 4 25%-ზე მეტი 3; უცხოური ენა (გერ.; ინგ.; რუს.; ფრან.) 4 20%-ზე მეტი 2; ,ერთ-ერთი შემდეგი სავალდებულო საგნებიდან; მათემატიკა 4 20%-ზე მეტი 1 45; ფიზიკა 4 25%-ზე მეტი 1 5; 665; 122 შპს - კავკასიის უნივერსიტეტი 08.08.2025 10:07; 
1220118,122,არქიტექტურა (ინგლისურენოვანი),არქიტექტურის ბაკალავრი,გამოცდა კოეფიციენტი მინ. ზღვარი პრიორიტეტი ადგილების რ-ბა; ქართული ენა და ლიტერატურა 3 25%-ზე მეტი 3; უცხოური ენა (ინგ.) 5 20%-ზე მეტი 1; ,ერთ-ერთი შემდეგი სავალდებულო საგნებიდან; მათემატიკა 4 20%-ზე მეტი 2 31; ფიზიკა 4 25%-ზე მეტი 2 4; 666; 122 შპს - კავკასიის უნივერსიტეტი 08.08.2025 10:07; 
1220119,122,გრაფიკული დიზაინი (180 კრედიტი),ხელოვნების ბაკალავრი გრაფიკულ დიზაინში,გამოცდა კოეფიციენტი მინ. ზღვარი პრიორიტეტი ადგილების რ-ბა; ქართული ენა და ლიტერატურა 3 25%-ზე მეტი 3; უცხოური ენა (ინგ.; რუს.; გერ.; ფრან.) 4 20%-ზე მეტი 2; ,ერთ-ერთი შემდეგი სავალდებულო საგნებიდან; მათემატიკა 5 20%-ზე მეტი 1 12; ისტორია 5 25%-ზე მეტი 1 19; ხელოვნება 5 25%-ზე მეტი 1 19; 667; 122 შპს - კავკასიის უნივერსიტეტი 08.08.2025 10:07; 
1220120,122,გრაფიკული დიზაინი (ინგლისურენოვანი) (180 კრედიტი),ხელოვნების ბაკალავრი გრაფიკულ დიზაინში,გამოცდა კოეფიციენტი მინ. ზღვარი პრიორიტეტი ადგილების რ-ბა; ქართული ენა და ლიტერატურა 3 25%-ზე მეტი 3; უცხოური ენა (ინგ.) 5 20%-ზე მეტი 1; ,ერთ-ერთი შემდეგი სავალდებულო საგნებიდან; მათემატიკა 4 20%-ზე მეტი 2 4; ისტორია 4 25%-ზე მეტი 2 9; ხელოვნება 4 25%-ზე მეტი 2 7; 668; 122 შპს - კავკასიის უნივერსიტეტი 08.08.2025 10:07; 
1220121,122,დიპლომატია და საერთაშორისო ურთიერთობები,საერთაშორისო ურთიერთობების ბაკალავრი,გამოცდა კოეფიციენტი მინ. ზღვარი პრიორიტეტი ადგილების რ-ბა; ქართული ენა და ლიტერატურა 4 25%-ზე მეტი 1; უცხოური ენა (ინგ.) 4 20%-ზე მეტი 2; ,ერთ-ერთი შემდეგი სავალდებულო საგნებიდან; მათემატიკა 4 20%-ზე მეტი 3 8; ისტორია 4 25%-ზე მეტი 3 40; გეოგრაფია 4 25%-ზე მეტი 3 24; სამოქალაქო განათლება 4 25%-ზე მეტი 3 8; 669; 122 შპს - კავკასიის უნივერსიტეტი 08.08.2025 10:07; 
1220122,122,დიპლომატია და საერთაშორისო ურთიერთობები (ინგლისურენოვანი),საერთაშორისო ურთიერთობების ბაკალავრი,გამოცდა კოეფიციენტი მინ. ზღვარი პრიორიტეტი ადგილების რ-ბა; ქართული ენა და ლიტერატურა 4 25%-ზე მეტი 2; უცხოური ენა (ინგ.) 5 20%-ზე მეტი 1; ,ერთ-ერთი შემდეგი სავალდებულო საგნებიდან; მათემატიკა 3 20%-ზე მეტი 3 7; ისტორია 3 25%-ზე მეტი 3 20; გეოგრაფია 3 25%-ზე მეტი 3 11; სამოქალაქო განათლება 3 25%-ზე მეტი 3 7; 670; 122 შპს - კავკასიის უნივერსიტეტი 08.08.2025 10:07; 
1220123,122,საჯარო მმართველობა (180 კრედიტი),საჯარო მმართველობის ბაკალავრი,გამოცდა კოეფიციენტი მინ. ზღვარი პრიორიტეტი ადგილების რ-ბა; ქართული ენა და ლიტერატურა 4 25%-ზე მეტი 1; უცხოური ენა (ინგ.) 4 20%-ზე მეტი 2; ,ერთ-ერთი შემდეგი სავალდებულო საგნებიდან; მათემატიკა 4 20%-ზე მეტი 3 3; ისტორია 4 25%-ზე მეტი 3 18; გეოგრაფია 4 25%-ზე მეტი 3 6; სამოქალაქო განათლება 4 25%-ზე მეტი 3 3; 671; 122 შპს - კავკასიის უნივერსიტეტი 08.08.2025 10:07; 
1220124,122,ევროპისმცოდნეობა,ევროპისმცოდნეობის ბაკალავრი,გამოცდა კოეფიციენტი მინ. ზღვარი პრიორიტეტი ადგილების რ-ბა; ქართული ენა და ლიტერატურა 4 25%-ზე მეტი 1; უცხოური ენა (გერ.; ინგ.; რუს.; ფრან.) 4 20%-ზე მეტი 2; ,ერთ-ერთი შემდეგი სავალდებულო საგნებიდან; მათემატიკა 4 20%-ზე მეტი 3 3; ისტორია 4 25%-ზე მეტი 3 27; 672; 122 შპს - კავკასიის უნივერსიტეტი 08.08.2025 10:07; 
1220125,122,ინგლისური ფილოლოგია,ჰუმანიტარულ მეცნიერებათა ბაკალავრი ინგლისურ ფილოლოგიაში,გამოცდა კოეფიციენტი მინ. ზღვარი პრიორიტეტი ადგილების რ-ბა; ქართული ენა და ლიტერატურა 4 25%-ზე მეტი 1; უცხოური ენა (გერ.; ინგ.; რუს.; ფრან.) 4 20%-ზე მეტი 2; ,ერთ-ერთი შემდეგი სავალდებულო საგნებიდან; ისტორია 4 25%-ზე მეტი 3 40; ლიტერატურა 4 25%-ზე მეტი 3 10; 673; 122 შპს - კავკასიის უნივერსიტეტი 08.08.2025 10:07; 
1220126,122,"1. ქართული ფილოლოგია, 2. ისტორია",1. ქართული ფილოლოგიის ბაკალავრი; 2. ისტორიის ბაკალავრი,გამოცდა კოეფიციენტი მინ. ზღვარი პრიორიტეტი ადგილების რ-ბა; ქართული ენა და ლიტერატურა 4 25%-ზე მეტი 2; უცხოური ენა (ინგ.; რუს.; გერ.; ფრან.) 4 20%-ზე მეტი 3; ,ერთ-ერთი შემდეგი სავალდებულო საგნებიდან; ისტორია 4 25%-ზე მეტი 1 35; ლიტერატურა 4 25%-ზე მეტი 1 15; 674; 122 შპს - კავკასიის უნივერსიტეტი 08.08.2025 10:07; 
1220127,122,სოციოლოგია,სოციოლოგიის ბაკალავრი,გამოცდა კოეფიციენტი მინ. ზღვარი პრიორიტეტი ადგილების რ-ბა; ქართული ენა და ლიტერატურა 4 25%-ზე მეტი 1; უცხოური ენა (გერ.; ინგ.; რუს.; ფრან.) 4 20%-ზე მეტი 2; ,ერთ-ერთი შემდეგი სავალდებულო საგნებიდან; მათემატიკა 4 20%-ზე მეტი 3 3; ისტორია 4 25%-ზე მეტი 3 27; 675; 122 შპს - კავკასიის უნივერსიტეტი 08.08.2025 10:07; 
1220128,122,ფსიქოლოგია,ფსიქოლოგიის ბაკალავრი,გამოცდა კოეფიციენტი მინ. ზღვარი პრიორიტეტი ადგილების რ-ბა; ქართული ენა და ლიტერატურა 4 25%-ზე მეტი 2; უცხოური ენა (გერ.; ინგ.; რუს.; ფრან.) 4 20%-ზე მეტი 3; ,ერთ-ერთი შემდეგი სავალდებულო საგნებიდან; მათემატიკა 4 20%-ზე მეტი 1 10; ისტორია 4 25%-ზე მეტი 1 75; ბიოლოგია 4 25%-ზე მეტი 1 15; 676; 122 შპს - კავკასიის უნივერსიტეტი 08.08.2025 10:07; 
1220129,122,ფსიქოლოგია (ინგლისურენოვანი),ფსიქოლოგიის ბაკალავრი,გამოცდა კოეფიციენტი მინ. ზღვარი პრიორიტეტი ადგილების რ-ბა; ქართული ენა და ლიტერატურა 4 25%-ზე მეტი 3; უცხოური ენა (ინგ.) 4 20%-ზე მეტი 2; ,ერთ-ერთი შემდეგი სავალდებულო საგნებიდან; მათემატიკა 4 20%-ზე მეტი 1 4; ისტორია 4 25%-ზე მეტი 1 30; ბიოლოგია 4 25%-ზე მეტი 1 6; 677; 122 შპს - კავკასიის უნივერსიტეტი 08.08.2025 10:07; 
1220130,122,ხელოვნებათმცოდნეობა (180 კრედიტი),ხელოვნებათმცოდნეობის ბაკალავრი,გამოცდა კოეფიციენტი მინ. ზღვარი პრიორიტეტი ადგილების რ-ბა; ქართული ენა და ლიტერატურა 4 25%-ზე მეტი 1; უცხოური ენა (ინგ.; რუს.; გერ.; ფრა.) 4 20%-ზე მეტი 2; ,ერთ-ერთი შემდეგი სავალდებულო საგნებიდან; ისტორია 4 25%-ზე მეტი 3 20; ლიტერატურა 4 25%-ზე მეტი 3 5; ხელოვნება 4 25%-ზე მეტი 3 5; 678; 122 შპს - კავკასიის უნივერსიტეტი 08.08.2025 10:07; 
1220131,122,ტურიზმი,ტურიზმის ბაკალავრი,გამოცდა კოეფიციენტი მინ. ზღვარი პრიორიტეტი ადგილების რ-ბა; ქართული ენა და ლიტერატურა 4 25%-ზე მეტი 3; უცხოური ენა (გერ.; ინგ.; რუს.; ფრან.) 4 20%-ზე მეტი 2; ,ერთ-ერთი შემდეგი სავალდებულო საგნებიდან; მათემატიკა 4 20%-ზე მეტი 1 7; ისტორია 4 25%-ზე მეტი 1 15; გეოგრაფია 4 25%-ზე მეტი 1 8; 679; 122 შპს - კავკასიის უნივერსიტეტი 08.08.2025 10:07; 
1220132,122,მასპინძლობის მენეჯმენტის ერთობლივი პროგრამა (ინგლისურენოვანი),ტურიზმის ბაკალავრი,გამოცდა კოეფიციენტი მინ. ზღვარი პრიორიტეტი ადგილების რ-ბა; ქართული ენა და ლიტერატურა 4 25%-ზე მეტი 3; უცხოური ენა (ინგ.) 4 20%-ზე მეტი 1; ,ერთ-ერთი შემდეგი სავალდებულო საგნებიდან; მათემატიკა 4 20%-ზე მეტი 2 7; ისტორია 4 25%-ზე მეტი 2 15; გეოგრაფია 4 25%-ზე მეტი 2 8; 680; 122 შპს - კავკასიის უნივერსიტეტი 08.08.2025 10:07; 
1220133,122,დიპლომირებული მედიკოსი,დიპლომირებული მედიკოსი,გამოცდა კოეფიციენტი მინ. ზღვარი პრიორიტეტი ადგილების რ-ბა; ქართული ენა და ლიტერატურა 3 25%-ზე მეტი 3; უცხოური ენა (გერ.; ინგ.; რუს.; ფრან.) 4 20%-ზე მეტი 2; ბიოლოგია 4 25%-ზე მეტი 1; ,ერთ-ერთი შემდეგი სავალდებულო საგნებიდან; მათემატიკა 1 20%-ზე მეტი 4 17; ფიზიკა 1 25%-ზე მეტი 4 15; ქიმია 1 25%-ზე მეტი 4 18; 681; 122 შპს - კავკასიის უნივერსიტეტი 08.08.2025 10:07; 
1220134,122,დიპლომირებული მედიკოსი (ინგლისურენოვანი),დიპლომირებული მედიკოსი,გამოცდა კოეფიციენტი მინ. ზღვარი პრიორიტეტი ადგილების რ-ბა; ქართული ენა და ლიტერატურა 3 25%-ზე მეტი 3; უცხოური ენა (ინგ.) 4 20%-ზე მეტი 2; ბიოლოგია 4 25%-ზე მეტი 1; ,ერთ-ერთი შემდეგი სავალდებულო საგნებიდან; მათემატიკა 1 20%-ზე მეტი 4 17; ფიზიკა 1 25%-ზე მეტი 4 15; ქიმია 1 25%-ზე მეტი 4 18; 682; 122 შპს - კავკასიის უნივერსიტეტი 08.08.2025 10:07; 
1220135,122,ეკონომიკა,ეკონომიკის ბაკალავრი,გამოცდა კოეფიციენტი მინ. ზღვარი პრიორიტეტი ადგილების რ-ბა; ქართული ენა და ლიტერატურა 3 25%-ზე მეტი 3; უცხოური ენა (გერ.; ინგ.; რუს.; ფრან.) 4 20%-ზე მეტი 2; მათემატიკა 5 20%-ზე მეტი 1; 683; 122 შპს - კავკასიის უნივერსიტეტი 08.08.2025 10:07; ,
1220136,122,ეკონომიკა (ინგლისურენოვანი),ეკონომიკის ბაკალავრი,გამოცდა კოეფიციენტი მინ. ზღვარი პრიორიტეტი ადგილების რ-ბა; ქართული ენა და ლიტერატურა 2 25%-ზე მეტი 3; უცხოური ენა (ინგ.) 5 20%-ზე მეტი 2; მათემატიკა 5 20%-ზე მეტი 1; 684; 122 შპს - კავკასიის უნივერსიტეტი 08.08.2025 10:07; ,
1220137,122,ზოგადი განათლების დაწყებითი საფეხურის (I -VI კლასები) მასწავლებლის მომზადების ინტეგრირებული საბაკალავრო - სამაგისტრო,განათლების მაგისტრი,გამოცდა კოეფიციენტი მინ. ზღვარი პრიორიტეტი ადგილების რ-ბა; ქართული ენა და ლიტერატურა 5 25%-ზე მეტი 1; უცხოური ენა (ინგ.; რუს.; გერ.; ფრა.) 4 20%-ზე მეტი 2; ,"ერთ-ერთი შემდეგი სავალდებულო საგნებიდან; მათემატიკა 3 20%-ზე მეტი 3 12; ისტორია 3 25%-ზე მეტი 3 18; 685; 122 შპს - კავკასიის უნივერსიტეტი 08.08.2025 10:07; 129 შპს - უნივერსიტეტი გეომედი; მისამართი: ქალაქი თბილისი, 0114, მეფე სოლომონ II-ის ქ. №4; ტელეფონი: 2752520; ვებგვერდი: www.geomedi.edu.ge; ელ.ფოსტა: info@geomedi.edu.ge; 686; 129 შპს - უნივერსიტეტი გეომედი 08.08.2025 10:07; "
1290101,129,დიპლომირებული მედიკოსი,დიპლომირებული მედიკოსი,გამოცდა კოეფიციენტი მინ. ზღვარი პრიორიტეტი ადგილების რ-ბა; ქართული ენა და ლიტერატურა 2 25%-ზე მეტი 4; უცხოური ენა (გერ.; ინგ.; რუს.; ფრან.) 3 20%-ზე მეტი 3; ბიოლოგია 4 25%-ზე მეტი 1; ,ერთ-ერთი შემდეგი სავალდებულო საგნებიდან; მათემატიკა 3 20%-ზე მეტი 2 20; ფიზიკა 3 25%-ზე მეტი 2 20; ქიმია 3 25%-ზე მეტი 2 20; 687; 129 შპს - უნივერსიტეტი გეომედი 08.08.2025 10:07; 
1290102,129,დიპლომირებული მედიკოსი (ინგლისურენოვანი),დიპლომირებული მედიკოსი,გამოცდა კოეფიციენტი მინ. ზღვარი პრიორიტეტი ადგილების რ-ბა; ქართული ენა და ლიტერატურა 2 25%-ზე მეტი 4; უცხოური ენა (ინგ.) 3 75%-ზე მეტი 3; ბიოლოგია 4 25%-ზე მეტი 1; ,ერთ-ერთი შემდეგი სავალდებულო საგნებიდან; მათემატიკა 3 20%-ზე მეტი 2 5; ფიზიკა 3 25%-ზე მეტი 2 5; ქიმია 3 25%-ზე მეტი 2 5; 688; 129 შპს - უნივერსიტეტი გეომედი 08.08.2025 10:07; 
1290103,129,სტომატოლოგია,დიპლომირებული სტომატოლოგი,გამოცდა კოეფიციენტი მინ. ზღვარი პრიორიტეტი ადგილების რ-ბა; ქართული ენა და ლიტერატურა 2 25%-ზე მეტი 4; უცხოური ენა (გერ.; ინგ.; რუს.; ფრან.) 3 20%-ზე მეტი 3; ბიოლოგია 4 25%-ზე მეტი 1; ,ერთ-ერთი შემდეგი სავალდებულო საგნებიდან; მათემატიკა 3 20%-ზე მეტი 2 15; ფიზიკა 3 25%-ზე მეტი 2 15; ქიმია 3 25%-ზე მეტი 2 15; 689; 129 შპს - უნივერსიტეტი გეომედი 08.08.2025 10:07; 
1290104,129,ფიზიკური მედიცინა და რეაბილიტაცია,ფიზიკური მედიცინისა და რეაბილიტაციის ბაკალავრი,გამოცდა კოეფიციენტი მინ. ზღვარი პრიორიტეტი ადგილების რ-ბა; ქართული ენა და ლიტერატურა 2 25%-ზე მეტი 4; უცხოური ენა (გერ.; ინგ.; რუს.; ფრან.) 3 20%-ზე მეტი 3; ბიოლოგია 4 25%-ზე მეტი 1; ,ერთ-ერთი შემდეგი სავალდებულო საგნებიდან; მათემატიკა 3 20%-ზე მეტი 2 15; ფიზიკა 3 25%-ზე მეტი 2 15; ქიმია 3 25%-ზე მეტი 2 15; 690; 129 შპს - უნივერსიტეტი გეომედი 08.08.2025 10:07; 
1290105,129,ჯანდაცვის ეკონომიკა და მენეჯმენტი,ბიზნეს ადმინისტრირების ბაკალავრი მენეჯმენტში,გამოცდა კოეფიციენტი მინ. ზღვარი პრიორიტეტი ადგილების რ-ბა; ქართული ენა და ლიტერატურა 3 25%-ზე მეტი 3; უცხოური ენა (ინგ.; რუს.; გერ.; ფრა.) 4 20%-ზე მეტი 2; ,"ერთ-ერთი შემდეგი სავალდებულო საგნებიდან; მათემატიკა 5 20%-ზე მეტი 1 25; ისტორია 5 25%-ზე მეტი 1 20; 691; 129 შპს - უნივერსიტეტი გეომედი 08.08.2025 10:07; 130 სსიპ - ბათუმის ხელოვნების სახელმწიფო უნივერსიტეტი; მისამართი: ბათუმი 6000, ზ. გორგილაძის/ვაჟა-ფშაველას ქ. N19/32; ტელეფონი: (422)279895; ვებგვერდი: www.batu.edu.ge; ელ.ფოსტა: info@batu.edu.ge; 692; 130 სსიპ - ბათუმის ხელოვნების სახელმწიფო უნივერსიტეტი 08.08.2025 10:07; "
1300101,130,არქიტექტურა,არქიტექტურის ბაკალავრი,გამოცდა კოეფიციენტი მინ. ზღვარი პრიორიტეტი ადგილების რ-ბა; ქართული ენა და ლიტერატურა 4 25%-ზე მეტი 2; უცხოური ენა (გერ.; ინგ.; ფრან.) 4 20%-ზე მეტი 1; ,ერთ-ერთი შემდეგი სავალდებულო საგნებიდან; მათემატიკა 4 20%-ზე მეტი 3 7; ფიზიკა 4 25%-ზე მეტი 3 3; 693; 130 სსიპ - ბათუმის ხელოვნების სახელმწიფო უნივერსიტეტი 08.08.2025 10:07; 
1300102,130,"აუდიოვიზუალური ხელოვნება (კინორეჟისურა, ტელერეჟისურა)",აუდიოვიზუალური ხელოვნების ბაკალავრი,გამოცდა კოეფიციენტი მინ. ზღვარი პრიორიტეტი ადგილების რ-ბა; ქართული ენა და ლიტერატურა 1 25%-ზე მეტი 3; უცხოური ენა (ინგ.; გერ.; ფრან.) 1 20%-ზე მეტი 2; შემოქმედებითი ტური 10 1; 694; 130 სსიპ - ბათუმის ხელოვნების სახელმწიფო უნივერსიტეტი 08.08.2025 10:07; ,
1300103,130,კულტურის მენეჯმენტი,მენეჯმენტის ბაკალავრი,გამოცდა კოეფიციენტი მინ. ზღვარი პრიორიტეტი ადგილების რ-ბა; ქართული ენა და ლიტერატურა 4 25%-ზე მეტი 2; უცხოური ენა (გერ.; ინგ.; ფრან.) 4 20%-ზე მეტი 1; ,ერთ-ერთი შემდეგი სავალდებულო საგნებიდან; მათემატიკა 4 20%-ზე მეტი 3 2; ისტორია 4 25%-ზე მეტი 3 10; 695; 130 სსიპ - ბათუმის ხელოვნების სახელმწიფო უნივერსიტეტი 08.08.2025 10:07; 
1300104,130,კულტურული ტურიზმი,ტურიზმის ბაკალავრი,გამოცდა კოეფიციენტი მინ. ზღვარი პრიორიტეტი ადგილების რ-ბა; ქართული ენა და ლიტერატურა 4 25%-ზე მეტი 2; უცხოური ენა (გერ.; ინგ.; ფრან.) 4 20%-ზე მეტი 1; ,ერთ-ერთი შემდეგი სავალდებულო საგნებიდან; მათემატიკა 4 20%-ზე მეტი 3 2; ისტორია 4 25%-ზე მეტი 3 8; გეოგრაფია 4 25%-ზე მეტი 3 2; 696; 130 სსიპ - ბათუმის ხელოვნების სახელმწიფო უნივერსიტეტი 08.08.2025 10:07; 
1300105,130,მოდის დიზაინი,მოდის დიზაინის ბაკალავრი,გამოცდა კოეფიციენტი მინ. ზღვარი პრიორიტეტი ადგილების რ-ბა; ქართული ენა და ლიტერატურა 1 25%-ზე მეტი 3; უცხოური ენა (გერ.; ინგ.; ფრან.) 1 20%-ზე მეტი 2; შემოქმედებითი ტური 10 1; 697; 130 სსიპ - ბათუმის ხელოვნების სახელმწიფო უნივერსიტეტი 08.08.2025 10:07; ,
1300106,130,სამსახიობო ხელოვნება (დრამისა და კინოს სამსახიობო; დრამისა და თოჯინების თეატრის სამსახიობო),თეატრალური ხელოვნების ბაკალავრი,გამოცდა კოეფიციენტი მინ. ზღვარი პრიორიტეტი ადგილების რ-ბა; ქართული ენა და ლიტერატურა 1 25%-ზე მეტი 3; უცხოური ენა (გერ.; ინგ.; ფრან.) 1 20%-ზე მეტი 2; შემოქმედებითი ტური 10 1; 698; 130 სსიპ - ბათუმის ხელოვნების სახელმწიფო უნივერსიტეტი 08.08.2025 10:07; ,
1300107,130,სამუსიკო ხელოვნება,სამუსიკო ხელოვნების ბაკალავრი საშემსრულებლო ხელოვნებაში (ფორტეპიანო/სიმებიანი/ჩასაბერი საკრავები/ ვოკალი/საგუნდო დირიჟორობა),გამოცდა კოეფიციენტი მინ. ზღვარი პრიორიტეტი ადგილების რ-ბა; ქართული ენა და ლიტერატურა 1 25%-ზე მეტი 3; უცხოური ენა (გერ.; ინგ.; ფრან.) 1 20%-ზე მეტი 2; შემოქმედებითი ტური 10 1; 699; 130 სსიპ - ბათუმის ხელოვნების სახელმწიფო უნივერსიტეტი 08.08.2025 10:07; ,
1300108,130,ტელე-რადიო ჟურნალისტიკა,მასობრივი კომუნიკაციის ბაკალავრი,გამოცდა კოეფიციენტი მინ. ზღვარი პრიორიტეტი ადგილების რ-ბა; ქართული ენა და ლიტერატურა 4 25%-ზე მეტი 2; უცხოური ენა (გერ.; ინგ.; ფრან.) 4 20%-ზე მეტი 1; ,ერთ-ერთი შემდეგი სავალდებულო საგნებიდან; მათემატიკა 4 20%-ზე მეტი 3 2; ისტორია 4 25%-ზე მეტი 3 4; ლიტერატურა 4 25%-ზე მეტი 3 2; სამოქალაქო განათლება 4 25%-ზე მეტი 3 2; 700; 130 სსიპ - ბათუმის ხელოვნების სახელმწიფო უნივერსიტეტი 08.08.2025 10:07; 
1300109,130,ხელოვნების ისტორია და თეორია (ხელოვნებათმცოდნეობა),ხელოვნების ისტორიისა და თეორიის ბაკალავრი,გამოცდა კოეფიციენტი მინ. ზღვარი პრიორიტეტი ადგილების რ-ბა; ქართული ენა და ლიტერატურა 4 25%-ზე მეტი 2; უცხოური ენა (გერ.; ინგ.; ფრან.) 4 20%-ზე მეტი 1; ,ერთ-ერთი შემდეგი სავალდებულო საგნებიდან; ისტორია 4 25%-ზე მეტი 3 8; ლიტერატურა 4 25%-ზე მეტი 3 2; ხელოვნება 4 25%-ზე მეტი 3 2; 701; 130 სსიპ - ბათუმის ხელოვნების სახელმწიფო უნივერსიტეტი 08.08.2025 10:07; 
1300110,130,ქართულ ენაში მომზადება აზერბაიჯანულენოვანთათვის,,გამოცდა კოეფიციენტი მინ. ზღვარი პრიორიტეტი ადგილების რ-ბა; ზოგადი უნარები (აზერ) 12 30%-ზე მეტი 1; 702; 130 სსიპ - ბათუმის ხელოვნების სახელმწიფო უნივერსიტეტი 08.08.2025 10:07; ,
1300111,130,ქართულ ენაში მომზადება აფხაზურენოვანთათვის,,გამოცდა კოეფიციენტი მინ. ზღვარი პრიორიტეტი ადგილების რ-ბა; აფხაზური ენა 12 25%-ზე მეტი 1; 703; 130 სსიპ - ბათუმის ხელოვნების სახელმწიფო უნივერსიტეტი 08.08.2025 10:07; ,
1300112,130,ქართულ ენაში მომზადება ოსურენოვანთათვის,,გამოცდა კოეფიციენტი მინ. ზღვარი პრიორიტეტი ადგილების რ-ბა; ოსური ენა 12 25%-ზე მეტი 1; 704; 130 სსიპ - ბათუმის ხელოვნების სახელმწიფო უნივერსიტეტი 08.08.2025 10:07; ,
1300113,130,ქართულ ენაში მომზადება სომხურენოვანთათვის,,"გამოცდა კოეფიციენტი მინ. ზღვარი პრიორიტეტი ადგილების რ-ბა; ზოგადი უნარები (სომხ) 12 30%-ზე მეტი 1; 705; 130 სსიპ - ბათუმის ხელოვნების სახელმწიფო უნივერსიტეტი 08.08.2025 10:07; 131 შპს - საქართველოს საავიაციო უნივერსიტეტი; მისამართი: 0144, ქ. თბილისი, ქეთევან დედოფლის გამზირი №16.; ტელეფონი: 277-65-71; ვებგვერდი: www.ssu.edu.ge; ელ.ფოსტა: mail@ssu.edu.ge; 706; 131 შპს - საქართველოს საავიაციო უნივერსიტეტი 08.08.2025 10:07; ",
1310101,131,საჰაერო ხომალდების საფრენოსნო ექსპლუატაცია (პილოტი),საჰაერო ხომალდის მართვის ბაკალავრი,გამოცდა კოეფიციენტი მინ. ზღვარი პრიორიტეტი ადგილების რ-ბა; ქართული ენა და ლიტერატურა 2 25%-ზე მეტი 3; უცხოური ენა (გერ.; ინგ.; რუს.; ფრან.) 6 20%-ზე მეტი 1; ,ერთ-ერთი შემდეგი სავალდებულო საგნებიდან; მათემატიკა 4 20%-ზე მეტი 2 70; ფიზიკა 4 25%-ზე მეტი 2 10; 707; 131 შპს - საქართველოს საავიაციო უნივერსიტეტი 08.08.2025 10:07; 
1310102,131,საჰაერო ხომალდების ტექნიკური ექსპლუატაცია,საავიაციო ინჟინერიის ბაკალავრი,გამოცდა კოეფიციენტი მინ. ზღვარი პრიორიტეტი ადგილების რ-ბა; ქართული ენა და ლიტერატურა 2 25%-ზე მეტი 3; უცხოური ენა (გერ.; ინგ.; რუს.; ფრან.) 6 20%-ზე მეტი 1; ,ერთ-ერთი შემდეგი სავალდებულო საგნებიდან; მათემატიკა 4 20%-ზე მეტი 2 100; ფიზიკა 4 25%-ზე მეტი 2 20; 708; 131 შპს - საქართველოს საავიაციო უნივერსიტეტი 08.08.2025 10:07; 
1310103,131,საფრენი აპარატების დაპროექტება და წარმოება,ინჟინერიის ბაკალავრის აკადემიური ხარისხი მექანიკის ინჟინერიასა და ტექნოლოგიაში,გამოცდა კოეფიციენტი მინ. ზღვარი პრიორიტეტი ადგილების რ-ბა; ქართული ენა და ლიტერატურა 2 25%-ზე მეტი 3; უცხოური ენა (გერ.; ინგ.; რუს.; ფრან.) 4 20%-ზე მეტი 2; ,ერთ-ერთი შემდეგი სავალდებულო საგნებიდან; მათემატიკა 6 20%-ზე მეტი 1 80; ფიზიკა 6 25%-ზე მეტი 1 20; 709; 131 შპს - საქართველოს საავიაციო უნივერსიტეტი 08.08.2025 10:07; 
1310104,131,საჰაერო მოძრაობის მართვის სისტემების ტექნიკური ექსპლუატაცია,საავიაციო ინჟინერიის ბაკალავრი,გამოცდა კოეფიციენტი მინ. ზღვარი პრიორიტეტი ადგილების რ-ბა; ქართული ენა და ლიტერატურა 2 25%-ზე მეტი 3; უცხოური ენა (გერ.; ინგ.; რუს.; ფრან.) 4 20%-ზე მეტი 2; ,ერთ-ერთი შემდეგი სავალდებულო საგნებიდან; მათემატიკა 6 20%-ზე მეტი 1 80; ფიზიკა 6 25%-ზე მეტი 1 20; 710; 131 შპს - საქართველოს საავიაციო უნივერსიტეტი 08.08.2025 10:07; 
1310105,131,ინფორმაციული სისტემები ავიაციაში,ინფორმაციული სისტემების ბაკალავრი,გამოცდა კოეფიციენტი მინ. ზღვარი პრიორიტეტი ადგილების რ-ბა; ქართული ენა და ლიტერატურა 2 25%-ზე მეტი 3; უცხოური ენა (გერ.; ინგ.; რუს.; ფრან.) 4 20%-ზე მეტი 2; ,ერთ-ერთი შემდეგი სავალდებულო საგნებიდან; მათემატიკა 6 20%-ზე მეტი 1 80; ფიზიკა 6 25%-ზე მეტი 1 20; 711; 131 შპს - საქართველოს საავიაციო უნივერსიტეტი 08.08.2025 10:07; 
1310106,131,საჰაერო ტრანსპორტის მენეჯმენტი,ბიზნესის ადმინისტრირების ბაკალავრი მენეჯმენტში,გამოცდა კოეფიციენტი მინ. ზღვარი პრიორიტეტი ადგილების რ-ბა; ქართული ენა და ლიტერატურა 4 25%-ზე მეტი 2; უცხოური ენა (გერ.; ინგ.; რუს.; ფრან.) 4 20%-ზე მეტი 1; ,ერთ-ერთი შემდეგი სავალდებულო საგნებიდან; მათემატიკა 4 20%-ზე მეტი 3 30; ისტორია 4 25%-ზე მეტი 3 120; 712; 131 შპს - საქართველოს საავიაციო უნივერსიტეტი 08.08.2025 10:07; 
1310107,131,საჰაერო ტრანსპორტის მენეჯმენტი (ქართულენოვანი) (180 კრედიტი),ბიზნესის ადმინისტრირების ბაკალავრი მენეჯმენტში,გამოცდა კოეფიციენტი მინ. ზღვარი პრიორიტეტი ადგილების რ-ბა; ქართული ენა და ლიტერატურა 4 25%-ზე მეტი 2; უცხოური ენა (ინგ.; რუს.; გერ.; ფრა.) 4 20%-ზე მეტი 1; ,ერთ-ერთი შემდეგი სავალდებულო საგნებიდან; მათემატიკა 4 20%-ზე მეტი 3 30; ისტორია 4 25%-ზე მეტი 3 90; 713; 131 შპს - საქართველოს საავიაციო უნივერსიტეტი 08.08.2025 10:07; 
1310108,131,საჰაერო ტრანსპორტის მენეჯმენტი (ინგლისურენოვანი) (180 კრედიტი),ბიზნესის ადმინისტრირების ბაკალავრი მენეჯმენტში,გამოცდა კოეფიციენტი მინ. ზღვარი პრიორიტეტი ადგილების რ-ბა; ქართული ენა და ლიტერატურა 2 25%-ზე მეტი 3; უცხოური ენა (ინგ.; რუს.; გერ.; ფრა.) 6 20%-ზე მეტი 1; ,"ერთ-ერთი შემდეგი სავალდებულო საგნებიდან; მათემატიკა 4 20%-ზე მეტი 2 10; ისტორია 4 25%-ზე მეტი 2 20; 714; 131 შპს - საქართველოს საავიაციო უნივერსიტეტი 08.08.2025 10:07; 133 სსიპ - გორის სახელმწიფო უნივერსიტეტი; მისამართი: ქ. გორი, ჭავჭავაძის ქ. N53; ტელეფონი: 0370272413; 0370275389; ვებგვერდი: www.gu.edu.ge; ელ.ფოსტა: contact@gu.edu.ge; 715; 133 სსიპ - გორის სახელმწიფო უნივერსიტეტი 08.08.2025 10:07; "
1330101,133,ბიზნესის ორგანიზაცია და მართვა,ბიზნესის ადმინისტრირების ბაკალავრი,გამოცდა კოეფიციენტი მინ. ზღვარი პრიორიტეტი ადგილების რ-ბა; ქართული ენა და ლიტერატურა 4 25%-ზე მეტი 1; უცხოური ენა (გერ.; ინგ.; რუს.; ფრან.) 4 20%-ზე მეტი 2; ,ერთ-ერთი შემდეგი სავალდებულო საგნებიდან; მათემატიკა 4 20%-ზე მეტი 3 20; ისტორია 4 25%-ზე მეტი 3 50; 716; 133 სსიპ - გორის სახელმწიფო უნივერსიტეტი 08.08.2025 10:07; 
1330102,133,ბიოლოგია,ბიოლოგიის ბაკალავრი,გამოცდა კოეფიციენტი მინ. ზღვარი პრიორიტეტი ადგილების რ-ბა; ქართული ენა და ლიტერატურა 4 25%-ზე მეტი 1; უცხოური ენა (გერ.; ინგ.; რუს.; ფრან.) 4 20%-ზე მეტი 2; ,ერთ-ერთი შემდეგი სავალდებულო საგნებიდან; მათემატიკა 4 20%-ზე მეტი 3 5; ქიმია 4 25%-ზე მეტი 3 5; ბიოლოგია 4 25%-ზე მეტი 3 10; 717; 133 სსიპ - გორის სახელმწიფო უნივერსიტეტი 08.08.2025 10:07; 
1330103,133,ეკონომიკა,ეკონომიკის ბაკალავრი,გამოცდა კოეფიციენტი მინ. ზღვარი პრიორიტეტი ადგილების რ-ბა; ქართული ენა და ლიტერატურა 4 25%-ზე მეტი 1; უცხოური ენა (გერ.; ინგ.; რუს.; ფრან.) 4 20%-ზე მეტი 2; მათემატიკა 4 20%-ზე მეტი 3; 718; 133 სსიპ - გორის სახელმწიფო უნივერსიტეტი 08.08.2025 10:07; ,
1330104,133,ზოგადი განათლების დაწყებითი საფეხურის მასწავლებლის მომზადების ინტეგრირებული საბაკალავრო-სამაგისტრო საგანმანათლებლო,განათლების მაგისტრი,გამოცდა კოეფიციენტი მინ. ზღვარი პრიორიტეტი ადგილების რ-ბა; ქართული ენა და ლიტერატურა 4 25%-ზე მეტი 1; უცხოური ენა (ინგ.; რუს.; გერ.; ფრა.) 4 20%-ზე მეტი 2; ,ერთ-ერთი შემდეგი სავალდებულო საგნებიდან; მათემატიკა 4 20%-ზე მეტი 3 10; ისტორია 4 25%-ზე მეტი 3 40; 719; 133 სსიპ - გორის სახელმწიფო უნივერსიტეტი 08.08.2025 10:07; 
1330105,133,ინგლისური ფილოლოგია,ჰუმანიტარულ მეცნიერებათა ბაკალავრი,გამოცდა კოეფიციენტი მინ. ზღვარი პრიორიტეტი ადგილების რ-ბა; ქართული ენა და ლიტერატურა 4 25%-ზე მეტი 2; უცხოური ენა (ინგ.) 4 20%-ზე მეტი 1; ,ერთ-ერთი შემდეგი სავალდებულო საგნებიდან; ისტორია 4 25%-ზე მეტი 3 35; ლიტერატურა 4 25%-ზე მეტი 3 10; 720; 133 სსიპ - გორის სახელმწიფო უნივერსიტეტი 08.08.2025 10:07; 
1330106,133,ინფორმატიკა,ინფორმატიკის ბაკალავრი,გამოცდა კოეფიციენტი მინ. ზღვარი პრიორიტეტი ადგილების რ-ბა; ქართული ენა და ლიტერატურა 4 25%-ზე მეტი 1; უცხოური ენა (გერ.; ინგ.; რუს.; ფრან.) 4 20%-ზე მეტი 2; ,ერთ-ერთი შემდეგი სავალდებულო საგნებიდან; მათემატიკა 4 20%-ზე მეტი 3 30; ფიზიკა 4 25%-ზე მეტი 3 10; 721; 133 სსიპ - გორის სახელმწიფო უნივერსიტეტი 08.08.2025 10:07; 
1330107,133,ისტორია,ჰუმანიტარულ მეცნიერებათა ბაკალავრი ისტორიაში,გამოცდა კოეფიციენტი მინ. ზღვარი პრიორიტეტი ადგილების რ-ბა; ქართული ენა და ლიტერატურა 4 25%-ზე მეტი 1; უცხოური ენა (გერ.; ინგ.; რუს.; ფრან.) 4 20%-ზე მეტი 3; ,ერთ-ერთი შემდეგი სავალდებულო საგნებიდან; ისტორია 4 25%-ზე მეტი 2 25; ლიტერატურა 4 25%-ზე მეტი 2 5; 722; 133 სსიპ - გორის სახელმწიფო უნივერსიტეტი 08.08.2025 10:07; 
1330108,133,მათემატიკა,მათემატიკის ბაკალავრი,გამოცდა კოეფიციენტი მინ. ზღვარი პრიორიტეტი ადგილების რ-ბა; ქართული ენა და ლიტერატურა 4 25%-ზე მეტი 1; უცხოური ენა (გერ.; ინგ.; რუს.; ფრან.) 4 20%-ზე მეტი 2; ,ერთ-ერთი შემდეგი სავალდებულო საგნებიდან; მათემატიკა 4 20%-ზე მეტი 3 8; ფიზიკა 4 25%-ზე მეტი 3 2; 723; 133 სსიპ - გორის სახელმწიფო უნივერსიტეტი 08.08.2025 10:07; 
1330109,133,სამართალი,სამართლის ბაკალავრი,გამოცდა კოეფიციენტი მინ. ზღვარი პრიორიტეტი ადგილების რ-ბა; ქართული ენა და ლიტერატურა 4 25%-ზე მეტი 1; უცხოური ენა (გერ.; ინგ.; რუს.; ფრან.) 4 20%-ზე მეტი 2; ,ერთ-ერთი შემდეგი სავალდებულო საგნებიდან; მათემატიკა 4 20%-ზე მეტი 3 12; ისტორია 4 25%-ზე მეტი 3 85; სამოქალაქო განათლება 4 25%-ზე მეტი 3 13; 724; 133 სსიპ - გორის სახელმწიფო უნივერსიტეტი 08.08.2025 10:07; 
1330110,133,სასტუმროს მენეჯმენტი,ბიზნესის ადმინისტრირების ბაკალავრი ტურიზმში,გამოცდა კოეფიციენტი მინ. ზღვარი პრიორიტეტი ადგილების რ-ბა; ქართული ენა და ლიტერატურა 4 25%-ზე მეტი 1; უცხოური ენა (გერ.; ინგ.; რუს.; ფრან.) 4 20%-ზე მეტი 2; ,ერთ-ერთი შემდეგი სავალდებულო საგნებიდან; მათემატიკა 4 20%-ზე მეტი 3 5; ისტორია 4 25%-ზე მეტი 3 10; გეოგრაფია 4 25%-ზე მეტი 3 5; 725; 133 სსიპ - გორის სახელმწიფო უნივერსიტეტი 08.08.2025 10:07; 
1330111,133,საჯარო მმართველობა,საჯარო მმართველობის ბაკალავრი,გამოცდა კოეფიციენტი მინ. ზღვარი პრიორიტეტი ადგილების რ-ბა; ქართული ენა და ლიტერატურა 4 25%-ზე მეტი 1; უცხოური ენა (ინგ.; რუს.; გერ.; ფრა.) 4 20%-ზე მეტი 2; ,ერთ-ერთი შემდეგი სავალდებულო საგნებიდან; მათემატიკა 4 20%-ზე მეტი 3 10; ისტორია 4 25%-ზე მეტი 3 55; გეოგრაფია 4 25%-ზე მეტი 3 15; სამოქალაქო განათლება 4 25%-ზე მეტი 3 10; 726; 133 სსიპ - გორის სახელმწიფო უნივერსიტეტი 08.08.2025 10:07; 
1330112,133,სპორტი,სპორტის ბაკალავრი,გამოცდა კოეფიციენტი მინ. ზღვარი პრიორიტეტი ადგილების რ-ბა; ქართული ენა და ლიტერატურა 4 25%-ზე მეტი 1; უცხოური ენა (გერ.; ინგ.; რუს.; ფრან.) 4 20%-ზე მეტი 3; შემოქმედებითი ტური 4 2; 727; 133 სსიპ - გორის სახელმწიფო უნივერსიტეტი 08.08.2025 10:07; ,
1330113,133,ტურიზმი,ბიზნესის ადმინისტრირების ბაკალავრი ტურიზმში,გამოცდა კოეფიციენტი მინ. ზღვარი პრიორიტეტი ადგილების რ-ბა; ქართული ენა და ლიტერატურა 4 25%-ზე მეტი 1; უცხოური ენა (გერ.; ინგ.; რუს.; ფრან.) 4 20%-ზე მეტი 2; ,ერთ-ერთი შემდეგი სავალდებულო საგნებიდან; მათემატიკა 4 20%-ზე მეტი 3 5; ისტორია 4 25%-ზე მეტი 3 15; გეოგრაფია 4 25%-ზე მეტი 3 10; 728; 133 სსიპ - გორის სახელმწიფო უნივერსიტეტი 08.08.2025 10:07; 
1330114,133,ფსიქოლოგია,ფსიქოლოგიის ბაკალავრი,გამოცდა კოეფიციენტი მინ. ზღვარი პრიორიტეტი ადგილების რ-ბა; ქართული ენა და ლიტერატურა 4 25%-ზე მეტი 1; უცხოური ენა (გერ.; ინგ.; რუს.; ფრან.) 4 20%-ზე მეტი 2; ,ერთ-ერთი შემდეგი სავალდებულო საგნებიდან; მათემატიკა 4 20%-ზე მეტი 3 3; ისტორია 4 25%-ზე მეტი 3 17; ბიოლოგია 4 25%-ზე მეტი 3 10; 729; 133 სსიპ - გორის სახელმწიფო უნივერსიტეტი 08.08.2025 10:07; 
1330115,133,ქართული ფილოლოგია,ჰუმანიტარულ მეცნიერებათა ბაკალავრი,გამოცდა კოეფიციენტი მინ. ზღვარი პრიორიტეტი ადგილების რ-ბა; ქართული ენა და ლიტერატურა 4 25%-ზე მეტი 1; უცხოური ენა (გერ.; ინგ.; რუს.; ფრან.) 4 20%-ზე მეტი 2; ,ერთ-ერთი შემდეგი სავალდებულო საგნებიდან; ისტორია 4 25%-ზე მეტი 3 10; ლიტერატურა 4 25%-ზე მეტი 3 20; 730; 133 სსიპ - გორის სახელმწიფო უნივერსიტეტი 08.08.2025 10:07; 
1330116,133,ქართულ ენაში მომზადება აზერბაიჯანულენოვანთათვის,,გამოცდა კოეფიციენტი მინ. ზღვარი პრიორიტეტი ადგილების რ-ბა; ზოგადი უნარები (აზერ) 12 30%-ზე მეტი 1; 731; 133 სსიპ - გორის სახელმწიფო უნივერსიტეტი 08.08.2025 10:07; ,
1330117,133,ქართულ ენაში მომზადება აფხაზურენოვანთათვის,,გამოცდა კოეფიციენტი მინ. ზღვარი პრიორიტეტი ადგილების რ-ბა; აფხაზური ენა 12 25%-ზე მეტი 1; 732; 133 სსიპ - გორის სახელმწიფო უნივერსიტეტი 08.08.2025 10:07; ,
1330118,133,ქართულ ენაში მომზადება ოსურენოვანთათვის,,გამოცდა კოეფიციენტი მინ. ზღვარი პრიორიტეტი ადგილების რ-ბა; ოსური ენა 12 25%-ზე მეტი 1; 733; 133 სსიპ - გორის სახელმწიფო უნივერსიტეტი 08.08.2025 10:07; ,
1330119,133,ქართულ ენაში მომზადება სომხურენოვანთათვის,,"გამოცდა კოეფიციენტი მინ. ზღვარი პრიორიტეტი ადგილების რ-ბა; ზოგადი უნარები (სომხ) 12 30%-ზე მეტი 1; 734; 133 სსიპ - გორის სახელმწიფო უნივერსიტეტი 08.08.2025 10:07; 140 შპს - ბათუმის ნავიგაციის უნივერსიტეტი; მისამართი: ქ. ბათუმი, თამარ მეფის გამზირი N38; ტელეფონი: 514 40 77 40; ვებგვერდი: http://www.bntu.edu.ge/; ელ.ფოსტა: info@bntu.edu.ge; 735; 140 შპს - ბათუმის ნავიგაციის უნივერსიტეტი 08.08.2025 10:07; ",
1400101,140,გემის მექანიკა,ინჟინერიის ბაკალავრი საზღვაო ინჟინერიაში,გამოცდა კოეფიციენტი მინ. ზღვარი პრიორიტეტი ადგილების რ-ბა; ქართული ენა და ლიტერატურა 4 25%-ზე მეტი 3; უცხოური ენა (გერ.; ინგ.; რუს.; ფრან.) 4 20%-ზე მეტი 1; ,ერთ-ერთი შემდეგი სავალდებულო საგნებიდან; მათემატიკა 4 20%-ზე მეტი 2 25; ფიზიკა 4 25%-ზე მეტი 2 5; 736; 140 შპს - ბათუმის ნავიგაციის უნივერსიტეტი 08.08.2025 10:07; 
1400102,140,ლოგისტიკა (180 კრედიტი),მენეჯმენტის ბაკალავრი,გამოცდა კოეფიციენტი მინ. ზღვარი პრიორიტეტი ადგილების რ-ბა; ქართული ენა და ლიტერატურა 4 25%-ზე მეტი 1; უცხოური ენა (გერ.; ინგ.; რუს.; ფრან.) 4 20%-ზე მეტი 2; ,ერთ-ერთი შემდეგი სავალდებულო საგნებიდან; მათემატიკა 4 20%-ზე მეტი 3 5; ისტორია 4 25%-ზე მეტი 3 15; 737; 140 შპს - ბათუმის ნავიგაციის უნივერსიტეტი 08.08.2025 10:07; 
1400103,140,საზღვაო ნავიგაცია (ინგლისურენოვანი),საზღვაო მეცნიერების ბაკალავრი,გამოცდა კოეფიციენტი მინ. ზღვარი პრიორიტეტი ადგილების რ-ბა; ქართული ენა და ლიტერატურა 3 25%-ზე მეტი 3; უცხოური ენა (ინგ.) 5 50%-ზე მეტი 1; ,ერთ-ერთი შემდეგი სავალდებულო საგნებიდან; მათემატიკა 4 20%-ზე მეტი 2 5; გეოგრაფია 4 25%-ზე მეტი 2 17; ფიზიკა 4 25%-ზე მეტი 2 3; 738; 140 შპს - ბათუმის ნავიგაციის უნივერსიტეტი 08.08.2025 10:07; 
1400104,140,საზღვაო ნავიგაცია,საზღვაო მეცნიერების ბაკალავრი,გამოცდა კოეფიციენტი მინ. ზღვარი პრიორიტეტი ადგილების რ-ბა; ქართული ენა და ლიტერატურა 4 25%-ზე მეტი 3; უცხოური ენა (ინგ.; რუს.; გერ.; ფრან.) 4 20%-ზე მეტი 1; ,"ერთ-ერთი შემდეგი სავალდებულო საგნებიდან; მათემატიკა 4 20%-ზე მეტი 2 20; გეოგრაფია 4 25%-ზე მეტი 2 50; ფიზიკა 4 25%-ზე მეტი 2 10; 739; 140 შპს - ბათუმის ნავიგაციის უნივერსიტეტი 08.08.2025 10:07; 142 ა(ა)იპ ""საქართველოს საპატრიარქოს წმიდა ტბელ აბუსერისძის სახელობის სასწავლო უნივერსიტეტი""; მისამართი: შუახევის მუნიციპალიტეტი სოფ. ტაკიძეები (ხიჭაური); ტელეფონი: 595171465; ვებგვერდი: tbeli.ge; ელ.ფოსტა: tbelabuserisdze@gmail.com; 740; 142 ა(ა)იპ ""საქართველოს საპატრიარქოს წმიდა ტბელ აბუსერისძის სახელობის სასწავლო უნივერსიტეტი"" 08.08.2025 10:07; "
1420101,142,ბიზნესის ადმინისტრირება (180 კრედიტი),ბიზნესის ადმინისტრირების ბაკალავრი,გამოცდა კოეფიციენტი მინ. ზღვარი პრიორიტეტი ადგილების რ-ბა; ქართული ენა და ლიტერატურა 4 25%-ზე მეტი 2; უცხოური ენა (ინგ.; რუს.; გერ.; ფრა.) 3 20%-ზე მეტი 3; ,"ერთ-ერთი შემდეგი სავალდებულო საგნებიდან; მათემატიკა 5 20%-ზე მეტი 1 56; ისტორია 5 25%-ზე მეტი 1 56; 741; 142 ა(ა)იპ ""საქართველოს საპატრიარქოს წმიდა ტბელ აბუსერისძის სახელობის სასწავლო უნივერსიტეტი"" 08.08.2025 10:07; "
1420102,142,ზოგადი განათლების დაწყებითი საფეხურის მასწავლებლის მომზადების ინტეგრირებული საბაკალავრო - სამაგისტრო საგანმანათლებლო,"განათლების მაგისტრი ( ზოგადი განათლების საბაზო და საშუალო საფეხურის საგანი/საგანთა ჯგუფი: I-IV კლასი - ქართული, მათემატიკა,",გამოცდა კოეფიციენტი მინ. ზღვარი პრიორიტეტი ადგილების რ-ბა; ქართული ენა და ლიტერატურა 5 25%-ზე მეტი 1; უცხოური ენა (ინგ.; რუს.; გერ.; ფრა.) 3 20%-ზე მეტი 3; ,"ერთ-ერთი შემდეგი სავალდებულო საგნებიდან; მათემატიკა 4 20%-ზე მეტი 2 56; ისტორია 4 25%-ზე მეტი 2 56; 742; 142 ა(ა)იპ ""საქართველოს საპატრიარქოს წმიდა ტბელ აბუსერისძის სახელობის სასწავლო უნივერსიტეტი"" 08.08.2025 10:07; "
1420103,142,ისტორია,ისტორიის ბაკალავრი,გამოცდა კოეფიციენტი მინ. ზღვარი პრიორიტეტი ადგილების რ-ბა; ქართული ენა და ლიტერატურა 4 25%-ზე მეტი 2; უცხოური ენა (ინგ.; რუს.; გერ.; ფრა.) 3 20%-ზე მეტი 3; ,"ერთ-ერთი შემდეგი სავალდებულო საგნებიდან; ისტორია 5 25%-ზე მეტი 1 30; ლიტერატურა 5 25%-ზე მეტი 1 24; 743; 142 ა(ა)იპ ""საქართველოს საპატრიარქოს წმიდა ტბელ აბუსერისძის სახელობის სასწავლო უნივერსიტეტი"" 08.08.2025 10:07; "
1420104,142,მათემატიკა,მათემატიკის ბაკალავრი,გამოცდა კოეფიციენტი მინ. ზღვარი პრიორიტეტი ადგილების რ-ბა; ქართული ენა და ლიტერატურა 4 25%-ზე მეტი 2; უცხოური ენა (გერ.; ინგ.; რუს.; ფრან.) 5 20%-ზე მეტი 1; ,"ერთ-ერთი შემდეგი სავალდებულო საგნებიდან; მათემატიკა 3 20%-ზე მეტი 3 30; ფიზიკა 3 25%-ზე მეტი 3 24; 744; 142 ა(ა)იპ ""საქართველოს საპატრიარქოს წმიდა ტბელ აბუსერისძის სახელობის სასწავლო უნივერსიტეტი"" 08.08.2025 10:07; "
1420105,142,ჟურნალისტიკა,სოციალური მეცნიერებების ბაკალავრი,გამოცდა კოეფიციენტი მინ. ზღვარი პრიორიტეტი ადგილების რ-ბა; ქართული ენა და ლიტერატურა 4 25%-ზე მეტი 2; უცხოური ენა (გერ.; ინგ.; რუს.; ფრან.) 3 20%-ზე მეტი 3; ,"ერთ-ერთი შემდეგი სავალდებულო საგნებიდან; მათემატიკა 5 20%-ზე მეტი 1 6; ისტორია 5 25%-ზე მეტი 1 20; გეოგრაფია 5 25%-ზე მეტი 1 8; ლიტერატურა 5 25%-ზე მეტი 1 14; სამოქალაქო განათლება 5 25%-ზე მეტი 1 6; 745; 142 ა(ა)იპ ""საქართველოს საპატრიარქოს წმიდა ტბელ აბუსერისძის სახელობის სასწავლო უნივერსიტეტი"" 08.08.2025 10:07; "
1420106,142,სამართალი,სამართლის ბაკალავრი,გამოცდა კოეფიციენტი მინ. ზღვარი პრიორიტეტი ადგილების რ-ბა; ქართული ენა და ლიტერატურა 4 25%-ზე მეტი 2; უცხოური ენა (გერ.; ინგ.; რუს.; ფრან.) 3 20%-ზე მეტი 3; ,"ერთ-ერთი შემდეგი სავალდებულო საგნებიდან; მათემატიკა 5 20%-ზე მეტი 1 31; ისტორია 5 25%-ზე მეტი 1 50; სამოქალაქო განათლება 5 25%-ზე მეტი 1 31; 746; 142 ა(ა)იპ ""საქართველოს საპატრიარქოს წმიდა ტბელ აბუსერისძის სახელობის სასწავლო უნივერსიტეტი"" 08.08.2025 10:07; "
1420107,142,საჯარო მმართველობა (180 კრედიტი),საჯარო მმართველობის ბაკალავრი,გამოცდა კოეფიციენტი მინ. ზღვარი პრიორიტეტი ადგილების რ-ბა; ქართული ენა და ლიტერატურა 4 25%-ზე მეტი 2; უცხოური ენა (ინგ.; რუს.; გერ.; ფრა.) 3 20%-ზე მეტი 3; ,"ერთ-ერთი შემდეგი სავალდებულო საგნებიდან; მათემატიკა 5 20%-ზე მეტი 1 12; ისტორია 5 25%-ზე მეტი 1 50; გეოგრაფია 5 25%-ზე მეტი 1 25; სამოქალაქო განათლება 5 25%-ზე მეტი 1 25; 747; 142 ა(ა)იპ ""საქართველოს საპატრიარქოს წმიდა ტბელ აბუსერისძის სახელობის სასწავლო უნივერსიტეტი"" 08.08.2025 10:07; "
1420108,142,ქართული ფილოლოგია,ქართული ფილოლოგიის ბაკალავრი,გამოცდა კოეფიციენტი მინ. ზღვარი პრიორიტეტი ადგილების რ-ბა; ქართული ენა და ლიტერატურა 4 25%-ზე მეტი 2; უცხოური ენა (გერ.; ინგ.; რუს.; ფრან.) 3 20%-ზე მეტი 3; ,"ერთ-ერთი შემდეგი სავალდებულო საგნებიდან; ისტორია 5 25%-ზე მეტი 1 27; ლიტერატურა 5 25%-ზე მეტი 1 27; 748; 142 ა(ა)იპ ""საქართველოს საპატრიარქოს წმიდა ტბელ აბუსერისძის სახელობის სასწავლო უნივერსიტეტი"" 08.08.2025 10:07; "
1420109,142,ხელოვნების ისტორია და თეორია,ხელოვნების ისტორიისა და თეორიის ბაკალავრი,გამოცდა კოეფიციენტი მინ. ზღვარი პრიორიტეტი ადგილების რ-ბა; ქართული ენა და ლიტერატურა 4 25%-ზე მეტი 2; უცხოური ენა (გერ.; ინგ.; რუს.; ფრან.) 3 20%-ზე მეტი 3; ,"ერთ-ერთი შემდეგი სავალდებულო საგნებიდან; ისტორია 5 25%-ზე მეტი 1 25; ლიტერატურა 5 25%-ზე მეტი 1 14; ხელოვნება 5 25%-ზე მეტი 1 15; 749; 142 ა(ა)იპ ""საქართველოს საპატრიარქოს წმიდა ტბელ აბუსერისძის სახელობის სასწავლო უნივერსიტეტი"" 08.08.2025 10:07; 143 შპს - „საქართველოს საერთაშორისო უნივერსიტეტი ჯიუ“; მისამართი: საქართველო, 0101, თბილისი, სამღერეთის ქ. №5; ტელეფონი: +995 32 2661512; ვებგვერდი: www.giu.edu.ge; ელ.ფოსტა: info@giu.edu.ge; 750; 143 შპს - „საქართველოს საერთაშორისო უნივერსიტეტი ჯიუ“ 08.08.2025 10:07; "
1430101,143,ბიზნესის ადმინისტრირება (180 კრედიტი),ბიზნესის ადმინისტრირების ბაკალავრი,გამოცდა კოეფიციენტი მინ. ზღვარი პრიორიტეტი ადგილების რ-ბა; ქართული ენა და ლიტერატურა 4 25%-ზე მეტი 2; უცხოური ენა (ინგ.; რუს.; გერ.; ფრან.) 4 20%-ზე მეტი 3; ,ერთ-ერთი შემდეგი სავალდებულო საგნებიდან; მათემატიკა 4 20%-ზე მეტი 1 50; ისტორია 4 25%-ზე მეტი 1 50; 752; 143 შპს - „საქართველოს საერთაშორისო უნივერსიტეტი ჯიუ“ 08.08.2025 10:07; 
1430102,143,ბიზნესის ადმინისტრირება (ინგლისურენოვანი) (180 კრედიტი),ბიზნესის ადმინისტრირების ბაკალავრი,გამოცდა კოეფიციენტი მინ. ზღვარი პრიორიტეტი ადგილების რ-ბა; ქართული ენა და ლიტერატურა 4 25%-ზე მეტი 2; უცხოური ენა (ინგ.) 4 20%-ზე მეტი 1; ,ერთ-ერთი შემდეგი სავალდებულო საგნებიდან; მათემატიკა 4 20%-ზე მეტი 3 10; ისტორია 4 25%-ზე მეტი 3 10; 753; 143 შპს - „საქართველოს საერთაშორისო უნივერსიტეტი ჯიუ“ 08.08.2025 10:07; 
1430103,143,სამართალი,სამართლის ბაკალავრი,გამოცდა კოეფიციენტი მინ. ზღვარი პრიორიტეტი ადგილების რ-ბა; ქართული ენა და ლიტერატურა 4 25%-ზე მეტი 1; უცხოური ენა (ინგ.; რუს.; გერ.; ფრან.) 4 20%-ზე მეტი 2; ,ერთ-ერთი შემდეგი სავალდებულო საგნებიდან; მათემატიკა 4 20%-ზე მეტი 3 10; ისტორია 4 25%-ზე მეტი 3 60; სამოქალაქო განათლება 4 25%-ზე მეტი 3 30; 754; 143 შპს - „საქართველოს საერთაშორისო უნივერსიტეტი ჯიუ“ 08.08.2025 10:07; 
1430104,143,ტურიზმი,ბიზნესის ადმინისტრირების ბაკალავრი ტურიზმში,გამოცდა კოეფიციენტი მინ. ზღვარი პრიორიტეტი ადგილების რ-ბა; ქართული ენა და ლიტერატურა 4 25%-ზე მეტი 2; უცხოური ენა (ინგ.; რუს.; გერ.; ფრან.) 4 20%-ზე მეტი 1; ,ერთ-ერთი შემდეგი სავალდებულო საგნებიდან; მათემატიკა 4 20%-ზე მეტი 3 5; ისტორია 4 25%-ზე მეტი 3 35; გეოგრაფია 4 25%-ზე მეტი 3 10; 755; 143 შპს - „საქართველოს საერთაშორისო უნივერსიტეტი ჯიუ“ 08.08.2025 10:07; 
1430105,143,ტურიზმი (ინგლისურენოვანი),ბიზნესის ადმინისტრირების ბაკალავრი ტურიზმში,გამოცდა კოეფიციენტი მინ. ზღვარი პრიორიტეტი ადგილების რ-ბა; ქართული ენა და ლიტერატურა 5 25%-ზე მეტი 1; უცხოური ენა (ინგ.) 4 20%-ზე მეტი 2; ,ერთ-ერთი შემდეგი სავალდებულო საგნებიდან; მათემატიკა 3 20%-ზე მეტი 3 3; ისტორია 3 25%-ზე მეტი 3 14; გეოგრაფია 3 25%-ზე მეტი 3 3; 756; 143 შპს - „საქართველოს საერთაშორისო უნივერსიტეტი ჯიუ“ 08.08.2025 10:07; 
1430106,143,ფსიქოლოგია,სოციალური მეცნიერებების ბაკალავრი ფსიქოლოგიაში,გამოცდა კოეფიციენტი მინ. ზღვარი პრიორიტეტი ადგილების რ-ბა; ქართული ენა და ლიტერატურა 5 25%-ზე მეტი 1; უცხოური ენა (ინგ.; რუს.; გერ.; ფრან.) 4 20%-ზე მეტი 2; ,"ერთ-ერთი შემდეგი სავალდებულო საგნებიდან; მათემატიკა 3 20%-ზე მეტი 3 10; ისტორია 3 25%-ზე მეტი 3 73; ბიოლოგია 3 25%-ზე მეტი 3 17; 757; 143 შპს - „საქართველოს საერთაშორისო უნივერსიტეტი ჯიუ“ 08.08.2025 10:07; 145 ა(ა)იპ - საქართველოს საპატრიარქოს წმიდა ანდრია პირველწოდებულის სახელობის ქართული; უნივერსიტეტი; მისამართი: ილია ჭავჭავაძის გამზირი 53ა, თბილისი, 0179 საქართველო; ტელეფონი: 2258243; ვებგვერდი: www.sangu.edu.ge; ელ.ფოსტა: info@sangu.edu.ge; 758; 145 ა(ა)იპ - საქართველოს საპატრიარქოს წმიდა ანდრია პირველწოდებულის სახელობის ქართული უნივერსიტეტი 08.08.2025 10:07; "
1450101,145,კომპიუტერული მეცნიერება,კომპიუტერული მეცნიერების ბაკალავრი,გამოცდა კოეფიციენტი მინ. ზღვარი პრიორიტეტი ადგილების რ-ბა; ქართული ენა და ლიტერატურა 4 25%-ზე მეტი 2; უცხოური ენა (გერ.; ინგ.; რუს.; ფრან.) 4 20%-ზე მეტი 1; ,ერთ-ერთი შემდეგი სავალდებულო საგნებიდან; მათემატიკა 4 20%-ზე მეტი 3 90; ფიზიკა 4 25%-ზე მეტი 3 10; 760; 145 ა(ა)იპ - საქართველოს საპატრიარქოს წმიდა ანდრია პირველწოდებულის სახელობის ქართული უნივერსიტეტი 08.08.2025 10:07; 
1450102,145,სამართალი,სამართლის ბაკალავრი,გამოცდა კოეფიციენტი მინ. ზღვარი პრიორიტეტი ადგილების რ-ბა; ქართული ენა და ლიტერატურა 4 25%-ზე მეტი 2; უცხოური ენა (ინგ.; რუს.; გერ.; ფრან.) 5 20%-ზე მეტი 1; ,ერთ-ერთი შემდეგი სავალდებულო საგნებიდან; მათემატიკა 3 20%-ზე მეტი 3 8; ისტორია 3 25%-ზე მეტი 3 48; სამოქალაქო განათლება 3 25%-ზე მეტი 3 24; 761; 145 ა(ა)იპ - საქართველოს საპატრიარქოს წმიდა ანდრია პირველწოდებულის სახელობის ქართული უნივერსიტეტი 08.08.2025 10:07; 
1450103,145,ფსიქოლოგია,ფსიქოლოგიის ბაკალავრი,გამოცდა კოეფიციენტი მინ. ზღვარი პრიორიტეტი ადგილების რ-ბა; ქართული ენა და ლიტერატურა 5 25%-ზე მეტი 1; უცხოური ენა (გერ.; ინგ.; რუს.; ფრან.) 4 20%-ზე მეტი 2; ,ერთ-ერთი შემდეგი სავალდებულო საგნებიდან; მათემატიკა 3 20%-ზე მეტი 3 8; ისტორია 3 25%-ზე მეტი 3 39; ბიოლოგია 3 25%-ზე მეტი 3 33; 762; 145 ა(ა)იპ - საქართველოს საპატრიარქოს წმიდა ანდრია პირველწოდებულის სახელობის ქართული უნივერსიტეტი 08.08.2025 10:07; 
1450104,145,საერთაშორისო ურთიერთობები,საერთაშორისო ურთიერთობების ბაკალავრი,გამოცდა კოეფიციენტი მინ. ზღვარი პრიორიტეტი ადგილების რ-ბა; ქართული ენა და ლიტერატურა 4 25%-ზე მეტი 2; უცხოური ენა (ინგ.; რუს.; გერ.; ფრან.) 3 20%-ზე მეტი 3; ,ერთ-ერთი შემდეგი სავალდებულო საგნებიდან; მათემატიკა 5 20%-ზე მეტი 1 4; ისტორია 5 25%-ზე მეტი 1 28; გეოგრაფია 5 25%-ზე მეტი 1 4; სამოქალაქო განათლება 5 25%-ზე მეტი 1 4; 763; 145 ა(ა)იპ - საქართველოს საპატრიარქოს წმიდა ანდრია პირველწოდებულის სახელობის ქართული უნივერსიტეტი 08.08.2025 10:07; 
1450105,145,ბიზნესის ადმინისტრირება (180 კრედიტი),ბიზნესის ადმინისტრირების ბაკალავრი,გამოცდა კოეფიციენტი მინ. ზღვარი პრიორიტეტი ადგილების რ-ბა; ქართული ენა და ლიტერატურა 4 25%-ზე მეტი 2; უცხოური ენა (ინგ.; რუს.; გერ.; ფრან.) 4 20%-ზე მეტი 1; ,ერთ-ერთი შემდეგი სავალდებულო საგნებიდან; მათემატიკა 4 20%-ზე მეტი 3 10; ისტორია 4 25%-ზე მეტი 3 40; 764; 145 ა(ა)იპ - საქართველოს საპატრიარქოს წმიდა ანდრია პირველწოდებულის სახელობის ქართული უნივერსიტეტი 08.08.2025 10:07; 
1450106,145,ისტორია,ჰუმანიტარულ მეცნიერებათა ბაკალავრი ისტორიაში,გამოცდა კოეფიციენტი მინ. ზღვარი პრიორიტეტი ადგილების რ-ბა; ქართული ენა და ლიტერატურა 4 25%-ზე მეტი 2; უცხოური ენა (გერ.; ინგ.; რუს.; ფრან.) 3 20%-ზე მეტი 3; ,ერთ-ერთი შემდეგი სავალდებულო საგნებიდან; ისტორია 5 25%-ზე მეტი 1 36; ლიტერატურა 5 25%-ზე მეტი 1 4; 765; 145 ა(ა)იპ - საქართველოს საპატრიარქოს წმიდა ანდრია პირველწოდებულის სახელობის ქართული უნივერსიტეტი 08.08.2025 10:07; 
1450107,145,ქართული ფილოლოგია,"ფილოლოგია, მათ შორის ქვედარგის/სპეციალიზაციის შესაბამისი მოდიფიცირებით",გამოცდა კოეფიციენტი მინ. ზღვარი პრიორიტეტი ადგილების რ-ბა; ქართული ენა და ლიტერატურა 6 25%-ზე მეტი 1; უცხოური ენა (გერ.; ინგ.; რუს.; ფრან.) 2 20%-ზე მეტი 3; ,ერთ-ერთი შემდეგი სავალდებულო საგნებიდან; ისტორია 4 25%-ზე მეტი 2 36; ლიტერატურა 4 25%-ზე მეტი 2 4; 766; 145 ა(ა)იპ - საქართველოს საპატრიარქოს წმიდა ანდრია პირველწოდებულის სახელობის ქართული უნივერსიტეტი 08.08.2025 10:07; 
1450108,145,მასწავლებლის მომზადების ინტეგრირებული საბაკალავრო-სამაგისტრო საგანმანათლებლო პროგრამა (ისტორია-გეოგრაფია-მოქალაქეობა),"განათლების მაგისტრი (საბაზო და საშუალო საფეხურის მასწავლებელი ისტორიაში, გეოგრაფიასა და მოქალაქეობაში)",გამოცდა კოეფიციენტი მინ. ზღვარი პრიორიტეტი ადგილების რ-ბა; ქართული ენა და ლიტერატურა 4 25%-ზე მეტი 2; უცხოური ენა (გერ.; ინგ.; რუს.; ფრან.) 2 20%-ზე მეტი 3; ,ერთ-ერთი შემდეგი სავალდებულო საგნებიდან; მათემატიკა 6 20%-ზე მეტი 1 2; ისტორია 6 25%-ზე მეტი 1 18; 767; 145 ა(ა)იპ - საქართველოს საპატრიარქოს წმიდა ანდრია პირველწოდებულის სახელობის ქართული უნივერსიტეტი 08.08.2025 10:07; 152 შპს საქართველოს ეროვნული უნივერსიტეტი სეუ; მისამართი: თბილისი წინანდლის ქუჩა 9; ტელეფონი: +995 322900000; ვებგვერდი: www.seu.edu.ge; ელ.ფოსტა: info@seu.edu.ge; 768; 152 შპს საქართველოს ეროვნული უნივერსიტეტი სეუ 08.08.2025 10:07; 
1520101,152,ბიზნესის ადმინისტრირება (180 კრედიტი),ბიზნესის ადმინისტრირების ბაკალავრი,გამოცდა კოეფიციენტი მინ. ზღვარი პრიორიტეტი ადგილების რ-ბა; ქართული ენა და ლიტერატურა 4 25%-ზე მეტი 3; უცხოური ენა (ინგ.) 4 20%-ზე მეტი 2; ,ერთ-ერთი შემდეგი სავალდებულო საგნებიდან; მათემატიკა 4 20%-ზე მეტი 1 80; ისტორია 4 25%-ზე მეტი 1 120; 770; 152 შპს საქართველოს ეროვნული უნივერსიტეტი სეუ 08.08.2025 10:07; 
1520102,152,ბიზნესის ადმინისტრირება (180 კრედიტი) (ინგლისურენოვანი),ბიზნესის ადმინისტრირების ბაკალავრი,გამოცდა კოეფიციენტი მინ. ზღვარი პრიორიტეტი ადგილების რ-ბა; ქართული ენა და ლიტერატურა 4 25%-ზე მეტი 3; უცხოური ენა (გერ.; ინგ.; რუს.; ფრან.) 4 50%-ზე მეტი 2; ,ერთ-ერთი შემდეგი სავალდებულო საგნებიდან; მათემატიკა 4 20%-ზე მეტი 1 4; ისტორია 4 25%-ზე მეტი 1 6; 771; 152 შპს საქართველოს ეროვნული უნივერსიტეტი სეუ 08.08.2025 10:07; 
1520103,152,ბიზნესის მენეჯმენტი და ციფრული ტექნოლოგიები (180 კრედიტი),მენეჯმენტის ბაკალავრი,გამოცდა კოეფიციენტი მინ. ზღვარი პრიორიტეტი ადგილების რ-ბა; ქართული ენა და ლიტერატურა 4 25%-ზე მეტი 3; უცხოური ენა (გერ.; ინგ.; რუს.; ფრან.) 4 20%-ზე მეტი 2; ,ერთ-ერთი შემდეგი სავალდებულო საგნებიდან; მათემატიკა 4 25%-ზე მეტი 1 15; ისტორია 4 35%-ზე მეტი 1 15; 772; 152 შპს საქართველოს ეროვნული უნივერსიტეტი სეუ 08.08.2025 10:07; 
1520104,152,ბიზნესის მენეჯმენტი და ციფრული ტექნოლოგიები (180 კრედიტი) (ინგლისურენოვანი),მენეჯმენტის ბაკალავრი,გამოცდა კოეფიციენტი მინ. ზღვარი პრიორიტეტი ადგილების რ-ბა; ქართული ენა და ლიტერატურა 4 25%-ზე მეტი 3; უცხოური ენა (ინგ.) 4 50%-ზე მეტი 2; ,ერთ-ერთი შემდეგი სავალდებულო საგნებიდან; მათემატიკა 4 25%-ზე მეტი 1 5; ისტორია 4 35%-ზე მეტი 1 5; 773; 152 შპს საქართველოს ეროვნული უნივერსიტეტი სეუ 08.08.2025 10:07; 
1520105,152,დიპლომირებული სტომატოლოგი (ინგლისურენოვანი),დიპლომირებული სტომატოლოგი,გამოცდა კოეფიციენტი მინ. ზღვარი პრიორიტეტი ადგილების რ-ბა; ქართული ენა და ლიტერატურა 3 25%-ზე მეტი 4; უცხოური ენა (ინგ.) 3 50%-ზე მეტი 3; ბიოლოგია 3 25%-ზე მეტი 1; ,ერთ-ერთი შემდეგი სავალდებულო საგნებიდან; მათემატიკა 3 20%-ზე მეტი 2 3; ფიზიკა 3 30%-ზე მეტი 2 3; ქიმია 3 30%-ზე მეტი 2 4; 774; 152 შპს საქართველოს ეროვნული უნივერსიტეტი სეუ 08.08.2025 10:07; 
1520106,152,ინფორმაციული ტექნოლოგიები,ინფორმაციული ტექნოლოგიების ბაკალავრი,გამოცდა კოეფიციენტი მინ. ზღვარი პრიორიტეტი ადგილების რ-ბა; ქართული ენა და ლიტერატურა 4 25%-ზე მეტი 3; უცხოური ენა (გერ.; ინგ.; რუს.; ფრან.) 4 20%-ზე მეტი 2; ,ერთ-ერთი შემდეგი სავალდებულო საგნებიდან; მათემატიკა 4 20%-ზე მეტი 1 108; ფიზიკა 4 30%-ზე მეტი 1 12; 775; 152 შპს საქართველოს ეროვნული უნივერსიტეტი სეუ 08.08.2025 10:07; 
1520107,152,მედიცინა (ინგლისურენოვანი),დიპლომირებული მედიკოსი,გამოცდა კოეფიციენტი მინ. ზღვარი პრიორიტეტი ადგილების რ-ბა; ქართული ენა და ლიტერატურა 3 25%-ზე მეტი 4; უცხოური ენა (ინგ.) 3 50%-ზე მეტი 3; ბიოლოგია 3 50%-ზე მეტი 1; ,ერთ-ერთი შემდეგი სავალდებულო საგნებიდან; მათემატიკა 3 25%-ზე მეტი 2 5; ფიზიკა 3 30%-ზე მეტი 2 5; ქიმია 3 30%-ზე მეტი 2 5; 776; 152 შპს საქართველოს ეროვნული უნივერსიტეტი სეუ 08.08.2025 10:07; 
1520108,152,მენეჯმენტი (180 კრედიტი),მენეჯმენტის ბაკალავრი,გამოცდა კოეფიციენტი მინ. ზღვარი პრიორიტეტი ადგილების რ-ბა; ქართული ენა და ლიტერატურა 4 25%-ზე მეტი 3; უცხოური ენა (გერ.; ინგ.; რუს.; ფრან.) 4 20%-ზე მეტი 2; ,ერთ-ერთი შემდეგი სავალდებულო საგნებიდან; მათემატიკა 4 20%-ზე მეტი 1 15; ისტორია 4 25%-ზე მეტი 1 45; 777; 152 შპს საქართველოს ეროვნული უნივერსიტეტი სეუ 08.08.2025 10:07; 
1520109,152,მონაცემთა მეცნიერება და ხელოვნური ინტელექტი,კომპიუტერული მეცნიერების ბაკალავრი,გამოცდა კოეფიციენტი მინ. ზღვარი პრიორიტეტი ადგილების რ-ბა; ქართული ენა და ლიტერატურა 4 25%-ზე მეტი 3; უცხოური ენა (გერ.; ინგ.; რუს.; ფრან.) 4 20%-ზე მეტი 2; ,ერთ-ერთი შემდეგი სავალდებულო საგნებიდან; მათემატიკა 4 35%-ზე მეტი 1 52; ფიზიკა 4 35%-ზე მეტი 1 8; 778; 152 შპს საქართველოს ეროვნული უნივერსიტეტი სეუ 08.08.2025 10:07; 
1520110,152,ჟურნალისტიკა,ჟურნალისტიკის ბაკალავრი,გამოცდა კოეფიციენტი მინ. ზღვარი პრიორიტეტი ადგილების რ-ბა; ქართული ენა და ლიტერატურა 4 25%-ზე მეტი 1; უცხოური ენა (გერ.; ინგ.; რუს.; ფრან.) 4 20%-ზე მეტი 2; ,ერთ-ერთი შემდეგი სავალდებულო საგნებიდან; მათემატიკა 4 20%-ზე მეტი 3 6; ისტორია 4 25%-ზე მეტი 3 30; გეოგრაფია 4 30%-ზე მეტი 3 6; ლიტერატურა 4 30%-ზე მეტი 3 12; სამოქალაქო განათლება 4 30%-ზე მეტი 3 6; 779; 152 შპს საქართველოს ეროვნული უნივერსიტეტი სეუ 08.08.2025 10:07; 
1520111,152,საერთაშორისო ურთიერთობები,საერთაშორისო ურთიერთობების ბაკალავრი,გამოცდა კოეფიციენტი მინ. ზღვარი პრიორიტეტი ადგილების რ-ბა; ქართული ენა და ლიტერატურა 4 25%-ზე მეტი 3; უცხოური ენა (გერ.; ინგ.; რუს.; ფრან.) 4 20%-ზე მეტი 1; ,ერთ-ერთი შემდეგი სავალდებულო საგნებიდან; მათემატიკა 4 20%-ზე მეტი 2 10; ისტორია 4 25%-ზე მეტი 2 35; გეოგრაფია 4 30%-ზე მეტი 2 13; სამოქალაქო განათლება 4 30%-ზე მეტი 2 12; 780; 152 შპს საქართველოს ეროვნული უნივერსიტეტი სეუ 08.08.2025 10:07; 
1520112,152,საექთნო საქმე (ინგლისურენოვანი),საექთნო საქმის ბაკალავრი,გამოცდა კოეფიციენტი მინ. ზღვარი პრიორიტეტი ადგილების რ-ბა; ქართული ენა და ლიტერატურა 3 25%-ზე მეტი 4; უცხოური ენა (ინგ.) 3 50%-ზე მეტი 3; ბიოლოგია 3 25%-ზე მეტი 1; ,ერთ-ერთი შემდეგი სავალდებულო საგნებიდან; მათემატიკა 3 20%-ზე მეტი 2 3; ფიზიკა 3 30%-ზე მეტი 2 3; ქიმია 3 30%-ზე მეტი 2 4; 781; 152 შპს საქართველოს ეროვნული უნივერსიტეტი სეუ 08.08.2025 10:07; 
1520113,152,სამართალი,სამართლის ბაკალავრი,გამოცდა კოეფიციენტი მინ. ზღვარი პრიორიტეტი ადგილების რ-ბა; ქართული ენა და ლიტერატურა 4 25%-ზე მეტი 2; უცხოური ენა (გერ.; ინგ.; რუს.; ფრან.) 4 20%-ზე მეტი 3; ,ერთ-ერთი შემდეგი სავალდებულო საგნებიდან; მათემატიკა 4 20%-ზე მეტი 1 31; ისტორია 4 25%-ზე მეტი 1 216; სამოქალაქო განათლება 4 30%-ზე მეტი 1 53; 782; 152 შპს საქართველოს ეროვნული უნივერსიტეტი სეუ 08.08.2025 10:07; 
1520114,152,ტურიზმი,ტურიზმის ბაკალავრი,გამოცდა კოეფიციენტი მინ. ზღვარი პრიორიტეტი ადგილების რ-ბა; ქართული ენა და ლიტერატურა 4 25%-ზე მეტი 3; უცხოური ენა (გერ.; ინგ.; რუს.; ფრან.) 4 20%-ზე მეტი 2; ,ერთ-ერთი შემდეგი სავალდებულო საგნებიდან; მათემატიკა 4 20%-ზე მეტი 1 12; ისტორია 4 25%-ზე მეტი 1 68; გეოგრაფია 4 30%-ზე მეტი 1 40; 783; 152 შპს საქართველოს ეროვნული უნივერსიტეტი სეუ 08.08.2025 10:07; 
1520115,152,ფინანსები (180 კრედიტი),ფინანსების ბაკალავრი,გამოცდა კოეფიციენტი მინ. ზღვარი პრიორიტეტი ადგილების რ-ბა; ქართული ენა და ლიტერატურა 4 25%-ზე მეტი 3; უცხოური ენა (გერ.; ინგ.; რუს.; ფრან.) 4 20%-ზე მეტი 2; მათემატიკა 4 20%-ზე მეტი 1; 784; 152 შპს საქართველოს ეროვნული უნივერსიტეტი სეუ 08.08.2025 10:07; ,
1520116,152,ფსიქოლოგია,ფსიქოლოგიის ბაკალავრი,გამოცდა კოეფიციენტი მინ. ზღვარი პრიორიტეტი ადგილების რ-ბა; ქართული ენა და ლიტერატურა 4 25%-ზე მეტი 2; უცხოური ენა (გერ.; ინგ.; რუს.; ფრან.) 4 20%-ზე მეტი 3; ,"ერთ-ერთი შემდეგი სავალდებულო საგნებიდან; მათემატიკა 4 20%-ზე მეტი 1 30; ისტორია 4 25%-ზე მეტი 1 190; ბიოლოგია 4 25%-ზე მეტი 1 70; 785; 152 შპს საქართველოს ეროვნული უნივერსიტეტი სეუ 08.08.2025 10:07; 153 ა(ა)იპ - ჯიპა - საქართველოს საზოგადოებრივ საქმეთა ინსტიტუტი; მისამართი: ქ. თბილისი, მარი ბროსეს ქ. N2; ტელეფონი: 599217141; ვებგვერდი: www.gipa.ge; ელ.ფოსტა: admin@gipa.ge; 786; 153 ა(ა)იპ - ჯიპა - საქართველოს საზოგადოებრივ საქმეთა ინსტიტუტი 08.08.2025 10:07; "
1530101,153,აუდიოვიზუალური ხელოვნება,აუდიოვიზუალური ხელოვნების ბაკალავრი,გამოცდა კოეფიციენტი მინ. ზღვარი პრიორიტეტი ადგილების რ-ბა; ქართული ენა და ლიტერატურა 1 25%-ზე მეტი 4; უცხოური ენა (ინგ.) 2 20%-ზე მეტი 3; შემოქმედებითი ტური 6 1; ,ერთ-ერთი შემდეგი სავალდებულო საგნებიდან; მათემატიკა 3 20%-ზე მეტი 2 10; ისტორია 3 25%-ზე მეტი 2 5; ლიტერატურა 3 25%-ზე მეტი 2 3; ხელოვნება 3 25%-ზე მეტი 2 7; 787; 153 ა(ა)იპ - ჯიპა - საქართველოს საზოგადოებრივ საქმეთა ინსტიტუტი 08.08.2025 10:07; 
1530102,153,ბიზნესის ადმინისტრირება (180 კრედიტი),ბიზნესის ადმინისტრირების ბაკალავრი,გამოცდა კოეფიციენტი მინ. ზღვარი პრიორიტეტი ადგილების რ-ბა; ქართული ენა და ლიტერატურა 4 25%-ზე მეტი 2; უცხოური ენა (ინგ.; რუს.; გერ.; ფრან.) 4 20%-ზე მეტი 3; ,ერთ-ერთი შემდეგი სავალდებულო საგნებიდან; მათემატიკა 4 20%-ზე მეტი 1 50; ისტორია 4 25%-ზე მეტი 1 40; 788; 153 ა(ა)იპ - ჯიპა - საქართველოს საზოგადოებრივ საქმეთა ინსტიტუტი 08.08.2025 10:07; 
1530103,153,ვიზუალური კომუნიკაცია (რეკლამა და საკომუნიკაციო დიზაინი) (180 კრედიტი),ხელოვნების ბაკალავრი ვიზუალურ კომუნიკაციაში,გამოცდა კოეფიციენტი მინ. ზღვარი პრიორიტეტი ადგილების რ-ბა; ქართული ენა და ლიტერატურა 2 25%-ზე მეტი 4; უცხოური ენა (ინგ.) 2 20%-ზე მეტი 3; შემოქმედებითი ტური 6 1; ,ერთ-ერთი შემდეგი სავალდებულო საგნებიდან; მათემატიკა 2 20%-ზე მეტი 2 12; ისტორია 2 25%-ზე მეტი 2 6; ხელოვნება 2 25%-ზე მეტი 2 12; 789; 153 ა(ა)იპ - ჯიპა - საქართველოს საზოგადოებრივ საქმეთა ინსტიტუტი 08.08.2025 10:07; 
1530104,153,მმართველობა (180 კრედიტი),საჯარო მმართველობის ბაკალავრი,გამოცდა კოეფიციენტი მინ. ზღვარი პრიორიტეტი ადგილების რ-ბა; ქართული ენა და ლიტერატურა 4 25%-ზე მეტი 1; უცხოური ენა (ინგ.; რუს.; გერ.; ფრან.) 4 20%-ზე მეტი 2; ,ერთ-ერთი შემდეგი სავალდებულო საგნებიდან; მათემატიკა 4 20%-ზე მეტი 3 5; ისტორია 4 25%-ზე მეტი 3 20; გეოგრაფია 4 25%-ზე მეტი 3 5; სამოქალაქო განათლება 4 25%-ზე მეტი 3 10; 790; 153 ა(ა)იპ - ჯიპა - საქართველოს საზოგადოებრივ საქმეთა ინსტიტუტი 08.08.2025 10:07; 
1530105,153,პოლიტიკის მეცნიერებები,პოლიტიკის მეცნიერების ბაკალავრი,გამოცდა კოეფიციენტი მინ. ზღვარი პრიორიტეტი ადგილების რ-ბა; ქართული ენა და ლიტერატურა 4 25%-ზე მეტი 1; უცხოური ენა (ინგ.) 4 20%-ზე მეტი 2; ,ერთ-ერთი შემდეგი სავალდებულო საგნებიდან; მათემატიკა 4 20%-ზე მეტი 3 3; ისტორია 4 25%-ზე მეტი 3 13; გეოგრაფია 4 25%-ზე მეტი 3 3; სამოქალაქო განათლება 4 25%-ზე მეტი 3 6; 791; 153 ა(ა)იპ - ჯიპა - საქართველოს საზოგადოებრივ საქმეთა ინსტიტუტი 08.08.2025 10:07; 
1530106,153,საერთაშორისო ურთიერთობები,საერთაშორისო ურთიერთობების ბაკალავრი,გამოცდა კოეფიციენტი მინ. ზღვარი პრიორიტეტი ადგილების რ-ბა; ქართული ენა და ლიტერატურა 4 25%-ზე მეტი 1; უცხოური ენა (ინგ.; რუს.; გერ.; ფრან.) 4 20%-ზე მეტი 2; ,ერთ-ერთი შემდეგი სავალდებულო საგნებიდან; მათემატიკა 4 20%-ზე მეტი 3 15; ისტორია 4 25%-ზე მეტი 3 43; გეოგრაფია 4 25%-ზე მეტი 3 22; სამოქალაქო განათლება 4 25%-ზე მეტი 3 10; 792; 153 ა(ა)იპ - ჯიპა - საქართველოს საზოგადოებრივ საქმეთა ინსტიტუტი 08.08.2025 10:07; 
1530107,153,სამართალი,სამართლის ბაკალავრი,გამოცდა კოეფიციენტი მინ. ზღვარი პრიორიტეტი ადგილების რ-ბა; ქართული ენა და ლიტერატურა 4 25%-ზე მეტი 1; უცხოური ენა (ინგ.; რუს.; გერ.; ფრან.) 4 20%-ზე მეტი 2; ,ერთ-ერთი შემდეგი სავალდებულო საგნებიდან; მათემატიკა 4 20%-ზე მეტი 3 20; ისტორია 4 25%-ზე მეტი 3 60; სამოქალაქო განათლება 4 25%-ზე მეტი 3 10; 793; 153 ა(ა)იპ - ჯიპა - საქართველოს საზოგადოებრივ საქმეთა ინსტიტუტი 08.08.2025 10:07; 
1530108,153,სოციალური მეცნიერებები,სოციალური მეცნიერებების ბაკალავრი,გამოცდა კოეფიციენტი მინ. ზღვარი პრიორიტეტი ადგილების რ-ბა; ქართული ენა და ლიტერატურა 4 25%-ზე მეტი 1; უცხოური ენა (ინგ.) 4 20%-ზე მეტი 2; ,ერთ-ერთი შემდეგი სავალდებულო საგნებიდან; მათემატიკა 4 20%-ზე მეტი 3 10; ისტორია 4 25%-ზე მეტი 3 10; გეოგრაფია 4 25%-ზე მეტი 3 10; 794; 153 ა(ა)იპ - ჯიპა - საქართველოს საზოგადოებრივ საქმეთა ინსტიტუტი 08.08.2025 10:07; 
1530109,153,ფსიქოლოგია,ფსიქოლოგიის ბაკალავრი,გამოცდა კოეფიციენტი მინ. ზღვარი პრიორიტეტი ადგილების რ-ბა; ქართული ენა და ლიტერატურა 4 25%-ზე მეტი 1; უცხოური ენა (ინგ.) 4 20%-ზე მეტი 2; ,ერთ-ერთი შემდეგი სავალდებულო საგნებიდან; მათემატიკა 4 20%-ზე მეტი 3 14; ისტორია 4 25%-ზე მეტი 3 49; ბიოლოგია 4 25%-ზე მეტი 3 7; 795; 153 ა(ა)იპ - ჯიპა - საქართველოს საზოგადოებრივ საქმეთა ინსტიტუტი 08.08.2025 10:07; 
1530110,153,ციფრული მარკეტინგი (180 კრედიტი),ციფრული მარკეტინგის ბაკალავრი,გამოცდა კოეფიციენტი მინ. ზღვარი პრიორიტეტი ადგილების რ-ბა; ქართული ენა და ლიტერატურა 4 25%-ზე მეტი 2; უცხოური ენა (ინგ.) 4 20%-ზე მეტი 3; ,ერთ-ერთი შემდეგი სავალდებულო საგნებიდან; მათემატიკა 4 20%-ზე მეტი 1 16; ისტორია 4 25%-ზე მეტი 1 16; 796; 153 ა(ა)იპ - ჯიპა - საქართველოს საზოგადოებრივ საქმეთა ინსტიტუტი 08.08.2025 10:07; 
1530111,153,ციფრული მედია და კომუნიკაცია,მასობრივი კომუნიკაციის ბაკალავრი,გამოცდა კოეფიციენტი მინ. ზღვარი პრიორიტეტი ადგილების რ-ბა; ქართული ენა და ლიტერატურა 4 25%-ზე მეტი 1; უცხოური ენა (ინგ.) 4 20%-ზე მეტი 2; ,ერთ-ერთი შემდეგი სავალდებულო საგნებიდან; მათემატიკა 4 20%-ზე მეტი 3 6; ისტორია 4 25%-ზე მეტი 3 24; ლიტერატურა 4 25%-ზე მეტი 3 24; სამოქალაქო განათლება 4 25%-ზე მეტი 3 6; 797; 153 ა(ა)იპ - ჯიპა - საქართველოს საზოგადოებრივ საქმეთა ინსტიტუტი 08.08.2025 10:07; 154 ა(ა)იპ - საქართველოს საპატრიარქოს წმინდა თამარ მეფის სახელობის უნივერსიტეტი; მისამართი: 0102 ქ.თბილისი. უზნაძის ქ.68; ტელეფონი: 2951040; ვებგვერდი: tamariuni.edu.ge; ელ.ფოსტა: sainttamariuni@gmail.com; 798; 154 ა(ა)იპ - საქართველოს საპატრიარქოს წმინდა თამარ მეფის სახელობის უნივერსიტეტი 08.08.2025 10:07; 
1540101,154,ფსიქოლოგია,ბაკალავრი ფსიქოლოგიაში,გამოცდა კოეფიციენტი მინ. ზღვარი პრიორიტეტი ადგილების რ-ბა; ქართული ენა და ლიტერატურა 4 25%-ზე მეტი 2; უცხოური ენა (გერ.; ინგ.; რუს.; ფრან.) 4 20%-ზე მეტი 3; ,ერთ-ერთი შემდეგი სავალდებულო საგნებიდან; მათემატიკა 4 20%-ზე მეტი 1 5; ისტორია 4 25%-ზე მეტი 1 10; ბიოლოგია 4 25%-ზე მეტი 1 5; 799; 154 ა(ა)იპ - საქართველოს საპატრიარქოს წმინდა თამარ მეფის სახელობის უნივერსიტეტი 08.08.2025 10:07; 
1540102,154,ფიზიკური მედიცინა და რეაბილიტაცია,ბაკალავრი ფიზიკურ მედიცინასა და რეაბილიტაციაში,გამოცდა კოეფიციენტი მინ. ზღვარი პრიორიტეტი ადგილების რ-ბა; ქართული ენა და ლიტერატურა 3 25%-ზე მეტი 3; უცხოური ენა (გერ.; ინგ.; რუს.; ფრან.) 3 20%-ზე მეტი 4; ბიოლოგია 3 25%-ზე მეტი 1; ,ერთ-ერთი შემდეგი სავალდებულო საგნებიდან; მათემატიკა 3 20%-ზე მეტი 2 5; ფიზიკა 3 25%-ზე მეტი 2 5; ქიმია 3 25%-ზე მეტი 2 5; 800; 154 ა(ა)იპ - საქართველოს საპატრიარქოს წმინდა თამარ მეფის სახელობის უნივერსიტეტი 08.08.2025 10:07; 
1540103,154,ფარმაცია,ფარმაციის ბაკალავრი,გამოცდა კოეფიციენტი მინ. ზღვარი პრიორიტეტი ადგილების რ-ბა; ქართული ენა და ლიტერატურა 3 25%-ზე მეტი 3; უცხოური ენა (გერ.; ინგ.; რუს.; ფრან.) 3 20%-ზე მეტი 4; ბიოლოგია 3 25%-ზე მეტი 1; ,ერთ-ერთი შემდეგი სავალდებულო საგნებიდან; მათემატიკა 3 20%-ზე მეტი 2 4; ფიზიკა 3 25%-ზე მეტი 2 4; ქიმია 3 25%-ზე მეტი 2 4; 801; 154 ა(ა)იპ - საქართველოს საპატრიარქოს წმინდა თამარ მეფის სახელობის უნივერსიტეტი 08.08.2025 10:07; 
1540104,154,საზოგადოებრივი ჯანდაცვა,ბაკალავრი საზოგადოებრივ ჯანდაცვაში,გამოცდა კოეფიციენტი მინ. ზღვარი პრიორიტეტი ადგილების რ-ბა; ქართული ენა და ლიტერატურა 3 25%-ზე მეტი 3; უცხოური ენა (გერ.; ინგ.; რუს.; ფრან.) 3 20%-ზე მეტი 4; ბიოლოგია 3 25%-ზე მეტი 1; ,ერთ-ერთი შემდეგი სავალდებულო საგნებიდან; მათემატიკა 3 20%-ზე მეტი 2 5; ფიზიკა 3 25%-ზე მეტი 2 5; ქიმია 3 25%-ზე მეტი 2 5; 802; 154 ა(ა)იპ - საქართველოს საპატრიარქოს წმინდა თამარ მეფის სახელობის უნივერსიტეტი 08.08.2025 10:07; 
1540105,154,საექთნო საქმე,საექთნო საქმის ბაკალავრი,გამოცდა კოეფიციენტი მინ. ზღვარი პრიორიტეტი ადგილების რ-ბა; ქართული ენა და ლიტერატურა 3 25%-ზე მეტი 3; უცხოური ენა (გერ.; ინგ.; რუს.; ფრან.) 3 20%-ზე მეტი 4; ბიოლოგია 3 25%-ზე მეტი 1; ,"ერთ-ერთი შემდეგი სავალდებულო საგნებიდან; მათემატიკა 3 20%-ზე მეტი 2 4; ფიზიკა 3 25%-ზე მეტი 2 4; ქიმია 3 25%-ზე მეტი 2 4; 803; 154 ა(ა)იპ - საქართველოს საპატრიარქოს წმინდა თამარ მეფის სახელობის უნივერსიტეტი 08.08.2025 10:07; 155 სსიპ - დავით აღმაშენებლის სახელობის საქართველოს ეროვნული თავდაცვის აკადემია; მისამართი: ქ. გორი, ცხინვალის გზატკეცილი მე-3 კმ; ტელეფონი: +995577199205; +995322305285.; ვებგვერდი: eta.edu.ge; ელ.ფოსტა: nda@mod.gov.ge; 804; 155 სსიპ - დავით აღმაშენებლის სახელობის საქართველოს ეროვნული თავდაცვის აკადემია 08.08.2025 10:07; "
1550101,155,თავდაცვა და უსაფრთხოება,თავდაცვისა და უსაფრთხოების ბაკალავრი,გამოცდა კოეფიციენტი მინ. ზღვარი პრიორიტეტი ადგილების რ-ბა; ქართული ენა და ლიტერატურა 4 25%-ზე მეტი 2; უცხოური ენა (ინგ.; რუს.; გერ.; ფრან.) 4 25%-ზე მეტი 1; ,ერთ-ერთი შემდეგი სავალდებულო საგნებიდან; მათემატიკა 4 20%-ზე მეტი 3 5; ისტორია 4 25%-ზე მეტი 3 40; სამოქალაქო განათლება 4 25%-ზე მეტი 3 5; 805; 155 სსიპ - დავით აღმაშენებლის სახელობის საქართველოს ეროვნული თავდაცვის აკადემია 08.08.2025 10:07; 
1550102,155,ინფორმატიკა,ინფორმატიკის ბაკალავრი,გამოცდა კოეფიციენტი მინ. ზღვარი პრიორიტეტი ადგილების რ-ბა; ქართული ენა და ლიტერატურა 4 25%-ზე მეტი 2; უცხოური ენა (ინგ.; რუს.; გერ.; ფრან.) 4 25%-ზე მეტი 1; ,ერთ-ერთი შემდეგი სავალდებულო საგნებიდან; მათემატიკა 4 25%-ზე მეტი 3 15; ფიზიკა 4 25%-ზე მეტი 3 5; 806; 155 სსიპ - დავით აღმაშენებლის სახელობის საქართველოს ეროვნული თავდაცვის აკადემია 08.08.2025 10:07; 
1550103,155,მენეჯმენტი,მენეჯმენტის ბაკალავრი,გამოცდა კოეფიციენტი მინ. ზღვარი პრიორიტეტი ადგილების რ-ბა; ქართული ენა და ლიტერატურა 4 25%-ზე მეტი 2; უცხოური ენა (ინგ.; რუს.; გერ.; ფრა.) 4 25%-ზე მეტი 1; ,ერთ-ერთი შემდეგი სავალდებულო საგნებიდან; მათემატიკა 4 25%-ზე მეტი 3 10; ისტორია 4 25%-ზე მეტი 3 10; 807; 155 სსიპ - დავით აღმაშენებლის სახელობის საქართველოს ეროვნული თავდაცვის აკადემია 08.08.2025 10:07; 
1550104,155,მექანიკის ინჟინერია,ინჟინერიის ბაკალავრი მექანიკის ინჟინერიაში,გამოცდა კოეფიციენტი მინ. ზღვარი პრიორიტეტი ადგილების რ-ბა; ქართული ენა და ლიტერატურა 4 25%-ზე მეტი 2; უცხოური ენა (ინგ.; რუს.; გერ.; ფრან.) 4 25%-ზე მეტი 1; ,ერთ-ერთი შემდეგი სავალდებულო საგნებიდან; მათემატიკა 4 25%-ზე მეტი 3 5; ფიზიკა 4 25%-ზე მეტი 3 5; 808; 155 სსიპ - დავით აღმაშენებლის სახელობის საქართველოს ეროვნული თავდაცვის აკადემია 08.08.2025 10:07; 
1550105,155,საავიაციო ინჟინერია,ინჟინერიის ბაკალავრი საავიაციო ინჟინერიაში,გამოცდა კოეფიციენტი მინ. ზღვარი პრიორიტეტი ადგილების რ-ბა; ქართული ენა და ლიტერატურა 4 25%-ზე მეტი 2; უცხოური ენა (ინგ.; რუს.; გერ.; ფრან.) 4 25%-ზე მეტი 1; ,ერთ-ერთი შემდეგი სავალდებულო საგნებიდან; მათემატიკა 4 25%-ზე მეტი 3 5; ფიზიკა 4 25%-ზე მეტი 3 5; 809; 155 სსიპ - დავით აღმაშენებლის სახელობის საქართველოს ეროვნული თავდაცვის აკადემია 08.08.2025 10:07; 
1550106,155,სამართალი,სამართლის ბაკალავრი,"შესარჩევი ტური: ფიზიკური შესაბამისობის ტესტირება, ფსიქოლოგიური შერჩევა, სამედიცინო შემოწმება, გამოცდა ინგლისურ ენაში.; ეროვნული თავდაცვის აკადემიის მიერ დადგენილ პერიოდში, აკადემიაში გამოუცხადებლობისა და შესარჩევი ტურის დადებითი შედეგებით გაუვლელობის შემთხვევაში,; აბიტურიენტი ვერ ჩაირიცხება აკადემიის საგანმანათლებლო პროგრამაზე.; აკრედიტაცია აკრედიტაციის ვადა სწავლების ენა დაფინანსება კრედიტების რ-ბა წლიური საფასური ადგილების რ-ბა; აკრედიტებული 01-07-2026 ქართული ენა ფინანსდება 269 2250 20; გამოცდა კოეფიციენტი მინ. ზღვარი პრიორიტეტი ადგილების რ-ბა; ქართული ენა და ლიტერატურა 4 25%-ზე მეტი 2; უცხოური ენა (ინგ.) 4 25%-ზე მეტი 1; ",ერთ-ერთი შემდეგი სავალდებულო საგნებიდან; მათემატიკა 4 20%-ზე მეტი 3 5; ისტორია 4 25%-ზე მეტი 3 10; სამოქალაქო განათლება 4 25%-ზე მეტი 3 5; 810; 155 სსიპ - დავით აღმაშენებლის სახელობის საქართველოს ეროვნული თავდაცვის აკადემია 08.08.2025 10:07; 
1550107,155,ქართულ ენაში მომზადების საგანმანათლებლო პროგრამა აზერბაიჯანულენოვანთათვის,,გამოცდა კოეფიციენტი მინ. ზღვარი პრიორიტეტი ადგილების რ-ბა; ზოგადი უნარები (აზერ) 12 30%-ზე მეტი 1; 811; 155 სსიპ - დავით აღმაშენებლის სახელობის საქართველოს ეროვნული თავდაცვის აკადემია 08.08.2025 10:07; ,
1550108,155,ქართულ ენაში მომზადების საგანმანათლებლო პროგრამა აფხაზურენოვანთათვის,,გამოცდა კოეფიციენტი მინ. ზღვარი პრიორიტეტი ადგილების რ-ბა; აფხაზური ენა 12 25%-ზე მეტი 1; 812; 155 სსიპ - დავით აღმაშენებლის სახელობის საქართველოს ეროვნული თავდაცვის აკადემია 08.08.2025 10:07; ,
1550109,155,ქართულ ენაში მომზადების საგანმანათლებლო პროგრამა ოსურენოვანთათვის,,გამოცდა კოეფიციენტი მინ. ზღვარი პრიორიტეტი ადგილების რ-ბა; ოსური ენა 12 25%-ზე მეტი 1; 813; 155 სსიპ - დავით აღმაშენებლის სახელობის საქართველოს ეროვნული თავდაცვის აკადემია 08.08.2025 10:07; ,
1550110,155,ქართულ ენაში მომზადების საგანმანათლებლო პროგრამა სომხურენოვანთათვის,,"გამოცდა კოეფიციენტი მინ. ზღვარი პრიორიტეტი ადგილების რ-ბა; ზოგადი უნარები (სომხ) 12 30%-ზე მეტი 1; 814; 155 სსიპ - დავით აღმაშენებლის სახელობის საქართველოს ეროვნული თავდაცვის აკადემია 08.08.2025 10:07; 171 შპს - ევროპის უნივერსიტეტი; მისამართი: თბილისი, 0141, გურამიშვილის გამზ. 76; ტელეფონი: (+995 32) 2 000 171; ვებგვერდი: https://www.eu.edu.ge; ელ.ფოსტა: info@eu.edu.ge; 815; 171 შპს - ევროპის უნივერსიტეტი 08.08.2025 10:07; ",
1710101,171,დიპლომირებული მედიკოსი,დიპლომირებული მედიკოსი,გამოცდა კოეფიციენტი მინ. ზღვარი პრიორიტეტი ადგილების რ-ბა; ქართული ენა და ლიტერატურა 2 25%-ზე მეტი 4; უცხოური ენა (გერ.; ინგ.; რუს.; ფრან.) 3 20%-ზე მეტი 3; ბიოლოგია 4 25%-ზე მეტი 1; ,ერთ-ერთი შემდეგი სავალდებულო საგნებიდან; მათემატიკა 3 20%-ზე მეტი 2 17; ფიზიკა 3 25%-ზე მეტი 2 17; ქიმია 3 25%-ზე მეტი 2 21; 817; 171 შპს - ევროპის უნივერსიტეტი 08.08.2025 10:07; 
1710102,171,დიპლომირებული მედიკოსი (ინგლისურენოვანი),დიპლომირებული მედიკოსი,გამოცდა კოეფიციენტი მინ. ზღვარი პრიორიტეტი ადგილების რ-ბა; ქართული ენა და ლიტერატურა 2 25%-ზე მეტი 4; უცხოური ენა (ინგ.) 3 80%-ზე მეტი 3; ბიოლოგია 4 25%-ზე მეტი 1; ,ერთ-ერთი შემდეგი სავალდებულო საგნებიდან; მათემატიკა 3 20%-ზე მეტი 2 7; ფიზიკა 3 25%-ზე მეტი 2 7; ქიმია 3 25%-ზე მეტი 2 8; 818; 171 შპს - ევროპის უნივერსიტეტი 08.08.2025 10:07; 
1710103,171,სტომატოლოგია,დიპლომირებული სტომატოლოგი,გამოცდა კოეფიციენტი მინ. ზღვარი პრიორიტეტი ადგილების რ-ბა; ქართული ენა და ლიტერატურა 2 25%-ზე მეტი 4; უცხოური ენა (გერ.; ინგ.; რუს.; ფრან.) 3 20%-ზე მეტი 3; ბიოლოგია 4 25%-ზე მეტი 1; ,ერთ-ერთი შემდეგი სავალდებულო საგნებიდან; მათემატიკა 3 20%-ზე მეტი 2 7; ფიზიკა 3 25%-ზე მეტი 2 7; ქიმია 3 25%-ზე მეტი 2 8; 819; 171 შპს - ევროპის უნივერსიტეტი 08.08.2025 10:07; 
1710104,171,სტომატოლოგია (ინგლისურენოვანი),დიპლომირებული სტომატოლოგი,გამოცდა კოეფიციენტი მინ. ზღვარი პრიორიტეტი ადგილების რ-ბა; ქართული ენა და ლიტერატურა 2 25%-ზე მეტი 4; უცხოური ენა (ინგ.) 3 80%-ზე მეტი 3; ბიოლოგია 4 25%-ზე მეტი 1; ,ერთ-ერთი შემდეგი სავალდებულო საგნებიდან; მათემატიკა 3 20%-ზე მეტი 2 2; ფიზიკა 3 25%-ზე მეტი 2 2; ქიმია 3 25%-ზე მეტი 2 2; 820; 171 შპს - ევროპის უნივერსიტეტი 08.08.2025 10:07; 
1710105,171,ფსიქოლოგია,ფსიქოლოგიის ბაკალავრი,გამოცდა კოეფიციენტი მინ. ზღვარი პრიორიტეტი ადგილების რ-ბა; ქართული ენა და ლიტერატურა 4 25%-ზე მეტი 1; უცხოური ენა (გერ.; ინგ.; რუს.; ფრან.) 4 20%-ზე მეტი 2; ,ერთ-ერთი შემდეგი სავალდებულო საგნებიდან; მათემატიკა 4 20%-ზე მეტი 3 5; ისტორია 4 25%-ზე მეტი 3 15; ბიოლოგია 4 25%-ზე მეტი 3 5; 821; 171 შპს - ევროპის უნივერსიტეტი 08.08.2025 10:07; 
1710106,171,არქეოლოგია,არქეოლოგიის ბაკალავრი,გამოცდა კოეფიციენტი მინ. ზღვარი პრიორიტეტი ადგილების რ-ბა; ქართული ენა და ლიტერატურა 4 25%-ზე მეტი 1; უცხოური ენა (გერ.; ინგ.; რუს.; ფრან.) 4 20%-ზე მეტი 2; ,ერთ-ერთი შემდეგი სავალდებულო საგნებიდან; მათემატიკა 4 20%-ზე მეტი 3 1; ისტორია 4 25%-ზე მეტი 3 3; ლიტერატურა 4 25%-ზე მეტი 3 1; 822; 171 შპს - ევროპის უნივერსიტეტი 08.08.2025 10:07; 
1710107,171,სამართალი,სამართლის ბაკალავრი,გამოცდა კოეფიციენტი მინ. ზღვარი პრიორიტეტი ადგილების რ-ბა; ქართული ენა და ლიტერატურა 4 25%-ზე მეტი 1; უცხოური ენა (გერ.; ინგ.; რუს.; ფრან.) 4 20%-ზე მეტი 2; ,ერთ-ერთი შემდეგი სავალდებულო საგნებიდან; მათემატიკა 4 20%-ზე მეტი 3 3; ისტორია 4 25%-ზე მეტი 3 10; სამოქალაქო განათლება 4 25%-ზე მეტი 3 7; 823; 171 შპს - ევროპის უნივერსიტეტი 08.08.2025 10:07; 
1710108,171,ბიზნესის ადმინისტრირება (180 კრედიტი),ბიზნესის ადმინისტრირების ბაკალავრი,გამოცდა კოეფიციენტი მინ. ზღვარი პრიორიტეტი ადგილების რ-ბა; ქართული ენა და ლიტერატურა 4 25%-ზე მეტი 1; უცხოური ენა (გერ.; ინგ.; რუს.; ფრან.) 4 20%-ზე მეტი 2; ,ერთ-ერთი შემდეგი სავალდებულო საგნებიდან; მათემატიკა 4 20%-ზე მეტი 3 9; ისტორია 4 25%-ზე მეტი 3 6; 824; 171 შპს - ევროპის უნივერსიტეტი 08.08.2025 10:07; 
1710109,171,ბიზნესის ადმინისტრირება (ინგლისურენოვანი) (180 კრედიტი),ბიზნესის ადმინისტრირების ბაკალავრი,გამოცდა კოეფიციენტი მინ. ზღვარი პრიორიტეტი ადგილების რ-ბა; ქართული ენა და ლიტერატურა 4 25%-ზე მეტი 2; უცხოური ენა (ინგ.) 4 51%-ზე მეტი 1; ,ერთ-ერთი შემდეგი სავალდებულო საგნებიდან; მათემატიკა 4 20%-ზე მეტი 3 2; ისტორია 4 25%-ზე მეტი 3 1; 825; 171 შპს - ევროპის უნივერსიტეტი 08.08.2025 10:07; 
1710110,171,ბიზნესის ადმინისტრირება-ფინანსები და აუდიტი (180 კრედიტი),ბიზნესის ადმინისტრირების ბაკალავრი ფინანსებში,გამოცდა კოეფიციენტი მინ. ზღვარი პრიორიტეტი ადგილების რ-ბა; ქართული ენა და ლიტერატურა 4 25%-ზე მეტი 1; უცხოური ენა (ინგ.; რუს.; გერ.; ფრა.) 4 20%-ზე მეტი 2; მათემატიკა 4 20%-ზე მეტი 3; 826; 171 შპს - ევროპის უნივერსიტეტი 08.08.2025 10:07; ,
1710111,171,ბიზნესის ადმინისტრირება - ფინანსები და აუდიტი (ინგლისურენოვანი) (180 კრედიტი),ბიზნესის ადმინისტრირების ბაკალავრი ფინანსებში,გამოცდა კოეფიციენტი მინ. ზღვარი პრიორიტეტი ადგილების რ-ბა; ქართული ენა და ლიტერატურა 4 25%-ზე მეტი 2; უცხოური ენა (ინგ.) 4 51%-ზე მეტი 1; მათემატიკა 4 20%-ზე მეტი 3; 827; 171 შპს - ევროპის უნივერსიტეტი 08.08.2025 10:07; ,
1710112,171,ინფორმატიკა,ინფორმატიკის ბაკალავრი,გამოცდა კოეფიციენტი მინ. ზღვარი პრიორიტეტი ადგილების რ-ბა; ქართული ენა და ლიტერატურა 3 25%-ზე მეტი 3; უცხოური ენა (გერ.; ინგ.; რუს.; ფრან.) 4 20%-ზე მეტი 2; ,ერთ-ერთი შემდეგი სავალდებულო საგნებიდან; მათემატიკა 5 20%-ზე მეტი 1 17; ფიზიკა 5 25%-ზე მეტი 1 3; 828; 171 შპს - ევროპის უნივერსიტეტი 08.08.2025 10:07; 
1710113,171,ვეტერინარია,ვეტერინარიის მაგისტრი,გამოცდა კოეფიციენტი მინ. ზღვარი პრიორიტეტი ადგილების რ-ბა; ქართული ენა და ლიტერატურა 4 25%-ზე მეტი 2; უცხოური ენა (გერ.; ინგ.; რუს.; ფრან.) 4 20%-ზე მეტი 3; ,"ერთ-ერთი შემდეგი სავალდებულო საგნებიდან; მათემატიკა 4 20%-ზე მეტი 1 10; ისტორია 4 25%-ზე მეტი 1 10; ქიმია 4 25%-ზე მეტი 1 14; ბიოლოგია 4 25%-ზე მეტი 1 21; 829; 171 შპს - ევროპის უნივერსიტეტი 08.08.2025 10:07; 172 შპს აღმოსავლეთ ევროპის უნივერსიტეტი; მისამართი: საქართველო, ქ. თბილისი, 0178, ტ. ფუტკარაძის ქ. 1; საქართველო, ქ. თბილისი, 0159, ი. ენუქიძის ქ. 6; ტელეფონი: (+995 32) 2 48 01 41; ვებგვერდი: www.eeu.edu.ge; ელ.ფოსტა: info@eeu.edu.ge; 830; 172 შპს აღმოსავლეთ ევროპის უნივერსიტეტი 08.08.2025 10:07; "
1720101,172,არქიტექტურა,არქიტექტურის ბაკალავრი,გამოცდა კოეფიციენტი მინ. ზღვარი პრიორიტეტი ადგილების რ-ბა; ქართული ენა და ლიტერატურა 5 25%-ზე მეტი 1; უცხოური ენა (გერ.; ინგ.; რუს.; ფრან.) 4 20%-ზე მეტი 2; ,ერთ-ერთი შემდეგი სავალდებულო საგნებიდან; მათემატიკა 3 20%-ზე მეტი 3 60; ფიზიკა 3 25%-ზე მეტი 3 15; 832; 172 შპს აღმოსავლეთ ევროპის უნივერსიტეტი 08.08.2025 10:07; 
1720102,172,ბიზნესის ადმინისტრირება,ბიზნესის ადმინისტრირების ბაკალავრი,გამოცდა კოეფიციენტი მინ. ზღვარი პრიორიტეტი ადგილების რ-ბა; ქართული ენა და ლიტერატურა 5 25%-ზე მეტი 1; უცხოური ენა (გერ.; ინგ.; რუს.; ფრან.) 4 20%-ზე მეტი 2; ,ერთ-ერთი შემდეგი სავალდებულო საგნებიდან; მათემატიკა 3 20%-ზე მეტი 3 10; ისტორია 3 25%-ზე მეტი 3 20; 833; 172 შპს აღმოსავლეთ ევროპის უნივერსიტეტი 08.08.2025 10:07; 
1720103,172,საერთაშორისო ურთიერთობები,საერთაშორისო ურთიერთობების ბაკალავრი,გამოცდა კოეფიციენტი მინ. ზღვარი პრიორიტეტი ადგილების რ-ბა; ქართული ენა და ლიტერატურა 5 25%-ზე მეტი 1; უცხოური ენა (ინგ.) 4 20%-ზე მეტი 2; ,ერთ-ერთი შემდეგი სავალდებულო საგნებიდან; მათემატიკა 3 20%-ზე მეტი 3 5; ისტორია 3 25%-ზე მეტი 3 15; გეოგრაფია 3 25%-ზე მეტი 3 5; სამოქალაქო განათლება 3 25%-ზე მეტი 3 5; 834; 172 შპს აღმოსავლეთ ევროპის უნივერსიტეტი 08.08.2025 10:07; 
1720104,172,სამართალი,სამართლის ბაკალავრი,გამოცდა კოეფიციენტი მინ. ზღვარი პრიორიტეტი ადგილების რ-ბა; ქართული ენა და ლიტერატურა 5 25%-ზე მეტი 1; უცხოური ენა (ინგ.) 4 20%-ზე მეტი 2; ,ერთ-ერთი შემდეგი სავალდებულო საგნებიდან; მათემატიკა 3 20%-ზე მეტი 3 10; ისტორია 3 25%-ზე მეტი 3 35; სამოქალაქო განათლება 3 25%-ზე მეტი 3 15; 835; 172 შპს აღმოსავლეთ ევროპის უნივერსიტეტი 08.08.2025 10:07; 
1720105,172,საჯარო მმართველობა (180 კრედიტი),საჯარო მმართველობის ბაკალავრი,გამოცდა კოეფიციენტი მინ. ზღვარი პრიორიტეტი ადგილების რ-ბა; ქართული ენა და ლიტერატურა 5 25%-ზე მეტი 1; უცხოური ენა (ინგ.) 4 20%-ზე მეტი 2; ,ერთ-ერთი შემდეგი სავალდებულო საგნებიდან; მათემატიკა 3 20%-ზე მეტი 3 5; ისტორია 3 25%-ზე მეტი 3 15; გეოგრაფია 3 25%-ზე მეტი 3 5; სამოქალაქო განათლება 3 25%-ზე მეტი 3 5; 836; 172 შპს აღმოსავლეთ ევროპის უნივერსიტეტი 08.08.2025 10:07; 
1720106,172,სკოლამდელი განათლება,სკოლამდელი განათლების ბაკალავრი,გამოცდა კოეფიციენტი მინ. ზღვარი პრიორიტეტი ადგილების რ-ბა; ქართული ენა და ლიტერატურა 5 25%-ზე მეტი 1; უცხოური ენა (ინგ.) 4 20%-ზე მეტი 2; ,ერთ-ერთი შემდეგი სავალდებულო საგნებიდან; მათემატიკა 3 20%-ზე მეტი 3 10; ისტორია 3 25%-ზე მეტი 3 15; 837; 172 შპს აღმოსავლეთ ევროპის უნივერსიტეტი 08.08.2025 10:07; 
1720107,172,ფსიქოლოგია,ფსიქოლოგიის ბაკალავრი,გამოცდა კოეფიციენტი მინ. ზღვარი პრიორიტეტი ადგილების რ-ბა; ქართული ენა და ლიტერატურა 5 25%-ზე მეტი 1; უცხოური ენა (ინგ.) 4 20%-ზე მეტი 2; ,"ერთ-ერთი შემდეგი სავალდებულო საგნებიდან; მათემატიკა 3 20%-ზე მეტი 3 15; ისტორია 3 25%-ზე მეტი 3 35; ბიოლოგია 3 25%-ზე მეტი 3 10; 838; 172 შპს აღმოსავლეთ ევროპის უნივერსიტეტი 08.08.2025 10:07; 177 ა(ა)იპ - გიორგი მთაწმინდელის სახელობის გალობის უნივერსიტეტი; მისამართი: თბილისი, 0188, ზ. ანჯაფარიძის ქ. 21; ტელეფონი: 598148431; ვებგვერდი: www.galoba.edu.ge; ელ.ფოსტა: info@galoba.edu.ge; 839; 177 ა(ა)იპ - გიორგი მთაწმინდელის სახელობის გალობის უნივერსიტეტი 08.08.2025 10:07; "
1770101,177,ქართული ტრადიციული მუსიკა,სამუსიკო ხელოვნების ბაკალავრი ქართული ხალხური და საეკლესიო გუნდის დირიჟორობაში (ლოტბარი/რეგენტი),"გამოცდა კოეფიციენტი მინ. ზღვარი პრიორიტეტი ადგილების რ-ბა; ქართული ენა და ლიტერატურა 25%-ზე მეტი; უცხოური ენა (გერ.; ინგ.; რუს.; ფრან.) 20%-ზე მეტი; შემოქმედებითი ტური 12 1; 840; 177 ა(ა)იპ - გიორგი მთაწმინდელის სახელობის გალობის უნივერსიტეტი 08.08.2025 10:07; 181 შპს „ახალი უმაღლესი სასწავლებელი-ნიუუნი“; მისამართი: ქ. თბილისი, ჭყონდიდელის ქუჩა N 56; ტელეფონი: 0322690070; ვებგვერდი: newuni.edu.ge; ელ.ფოსტა: info@newuni.edu.ge; 841; 181 შპს „ახალი უმაღლესი სასწავლებელი-ნიუუნი“ 08.08.2025 10:07; ",
1810101,181,ბიზნესის ადმინისტრირება,ბიზნესის ადმინისტრირების ბაკალავრი,გამოცდა კოეფიციენტი მინ. ზღვარი პრიორიტეტი ადგილების რ-ბა; ქართული ენა და ლიტერატურა 4 25%-ზე მეტი 3; უცხოური ენა (ინგ.; რუს.; გერ.; ფრან.) 4 20%-ზე მეტი 2; ,ერთ-ერთი შემდეგი სავალდებულო საგნებიდან; მათემატიკა 4 20%-ზე მეტი 1 30; ისტორია 4 25%-ზე მეტი 1 30; 842; 181 შპს „ახალი უმაღლესი სასწავლებელი-ნიუუნი“ 08.08.2025 10:07; 
1810102,181,საერთაშორისო ურთიერთობები,საერთაშორისო ურთიერთობების ბაკალავრი,გამოცდა კოეფიციენტი მინ. ზღვარი პრიორიტეტი ადგილების რ-ბა; ქართული ენა და ლიტერატურა 4 25%-ზე მეტი 3; უცხოური ენა (გერ.; ინგ.; რუს.; ფრან.) 4 20%-ზე მეტი 1; ,ერთ-ერთი შემდეგი სავალდებულო საგნებიდან; მათემატიკა 4 20%-ზე მეტი 2 5; ისტორია 4 25%-ზე მეტი 2 15; გეოგრაფია 4 25%-ზე მეტი 2 5; სამოქალაქო განათლება 4 25%-ზე მეტი 2 15; 843; 181 შპს „ახალი უმაღლესი სასწავლებელი-ნიუუნი“ 08.08.2025 10:07; 
1810103,181,ტურიზმი,ბიზნესის ადმინისტრირების ბაკალავრი ტურიზმში,გამოცდა კოეფიციენტი მინ. ზღვარი პრიორიტეტი ადგილების რ-ბა; ქართული ენა და ლიტერატურა 4 25%-ზე მეტი 3; უცხოური ენა (გერ.; ინგ.; რუს.; ფრან.) 4 20%-ზე მეტი 2; ,ერთ-ერთი შემდეგი სავალდებულო საგნებიდან; მათემატიკა 4 20%-ზე მეტი 1 10; ისტორია 4 25%-ზე მეტი 1 15; გეოგრაფია 4 25%-ზე მეტი 1 15; 844; 181 შპს „ახალი უმაღლესი სასწავლებელი-ნიუუნი“ 08.08.2025 10:07; 
1810104,181,ფსიქოლოგია,ფსიქოლოგიის ბაკალავრი,გამოცდა კოეფიციენტი მინ. ზღვარი პრიორიტეტი ადგილების რ-ბა; ქართული ენა და ლიტერატურა 4 25%-ზე მეტი 1; უცხოური ენა (გერ.; ინგ.; რუს.; ფრან.) 4 20%-ზე მეტი 2; ,"ერთ-ერთი შემდეგი სავალდებულო საგნებიდან; მათემატიკა 4 20%-ზე მეტი 3 15; ისტორია 4 25%-ზე მეტი 3 30; ბიოლოგია 4 25%-ზე მეტი 3 15; 845; 181 შპს „ახალი უმაღლესი სასწავლებელი-ნიუუნი“ 08.08.2025 10:07; 183 ა(ა)იპ - ნიუ ვიჟენ უნივერსიტეტი; მისამართი: ბოხუას ქ. 11, 0159, თბილისი; ტელეფონი: 995322424440; ვებგვერდი: www.newvision.ge; ელ.ფოსტა: info@newvision.ge; 846; 183 ა(ა)იპ - ნიუ ვიჟენ უნივერსიტეტი 08.08.2025 10:07; "
1830101,183,მულტიმედია ჟურნალიზმი,მასობრივი კომუნიკაციის ბაკალავრი,გამოცდა კოეფიციენტი მინ. ზღვარი პრიორიტეტი ადგილების რ-ბა; ქართული ენა და ლიტერატურა 3 25%-ზე მეტი 3; უცხოური ენა (ინგ.) 6 20%-ზე მეტი 1; ,ერთ-ერთი შემდეგი სავალდებულო საგნებიდან; მათემატიკა 3 20%-ზე მეტი 2 5; ისტორია 3 25%-ზე მეტი 2 10; ლიტერატურა 3 25%-ზე მეტი 2 10; სამოქალაქო განათლება 3 25%-ზე მეტი 2 5; 847; 183 ა(ა)იპ - ნიუ ვიჟენ უნივერსიტეტი 08.08.2025 10:07; 
1830102,183,სამოქალაქო ინჟინერიის მენეჯმენტი (ინგლისურენოვანი),ბიზნესის ადმინისტრირების ბაკალავრი მენეჯმენტში,გამოცდა კოეფიციენტი მინ. ზღვარი პრიორიტეტი ადგილების რ-ბა; ქართული ენა და ლიტერატურა 3 25%-ზე მეტი 3; უცხოური ენა (ინგ.) 6 20%-ზე მეტი 1; ,ერთ-ერთი შემდეგი სავალდებულო საგნებიდან; მათემატიკა 3 20%-ზე მეტი 2 25; ისტორია 3 25%-ზე მეტი 2 25; 848; 183 ა(ა)იპ - ნიუ ვიჟენ უნივერსიტეტი 08.08.2025 10:07; 
1830103,183,ბიზნესის ადმინისტრირება (ინგლისურენოვანი),ბიზნესის ადმინისტრირების ბაკალავრი,გამოცდა კოეფიციენტი მინ. ზღვარი პრიორიტეტი ადგილების რ-ბა; ქართული ენა და ლიტერატურა 3 25%-ზე მეტი 3; უცხოური ენა (ინგ.) 6 20%-ზე მეტი 1; ,ერთ-ერთი შემდეგი სავალდებულო საგნებიდან; მათემატიკა 3 20%-ზე მეტი 2 15; ისტორია 3 25%-ზე მეტი 2 10; 849; 183 ა(ა)იპ - ნიუ ვიჟენ უნივერსიტეტი 08.08.2025 10:07; 
1830104,183,პოლიტიკის მეცნიერება და საერთაშორისო ურთიერთობები (ინგლისურენოვანი),სოციალური მეცნიერებების ბაკალავრი პოლიტიკის მეცნიერებაში ან საერთაშორისო ურთიერთობებში,გამოცდა კოეფიციენტი მინ. ზღვარი პრიორიტეტი ადგილების რ-ბა; ქართული ენა და ლიტერატურა 3 25%-ზე მეტი 3; უცხოური ენა (ინგ.) 6 20%-ზე მეტი 1; ,ერთ-ერთი შემდეგი სავალდებულო საგნებიდან; მათემატიკა 3 20%-ზე მეტი 2 5; ისტორია 3 25%-ზე მეტი 2 10; გეოგრაფია 3 25%-ზე მეტი 2 5; სამოქალაქო განათლება 3 25%-ზე მეტი 2 5; 850; 183 ა(ა)იპ - ნიუ ვიჟენ უნივერსიტეტი 08.08.2025 10:07; 
1830105,183,სამართალი,სამართლის ბაკალავრი,გამოცდა კოეფიციენტი მინ. ზღვარი პრიორიტეტი ადგილების რ-ბა; ქართული ენა და ლიტერატურა 3 25%-ზე მეტი 3; უცხოური ენა (ინგ.) 6 20%-ზე მეტი 1; ,ერთ-ერთი შემდეგი სავალდებულო საგნებიდან; მათემატიკა 3 20%-ზე მეტი 2 5; ისტორია 3 25%-ზე მეტი 2 15; სამოქალაქო განათლება 3 25%-ზე მეტი 2 5; 851; 183 ა(ა)იპ - ნიუ ვიჟენ უნივერსიტეტი 08.08.2025 10:07; 
1830106,183,მედიცინის საგანმანათლებლო პროგრამა (ინგლისურენოვანი),დიპლომირებული მედიკოსი,გამოცდა კოეფიციენტი მინ. ზღვარი პრიორიტეტი ადგილების რ-ბა; ქართული ენა და ლიტერატურა 2 25%-ზე მეტი 4; უცხოური ენა (ინგ.) 4 20%-ზე მეტი 1; ბიოლოგია 3 25%-ზე მეტი 2; ,ერთ-ერთი შემდეგი სავალდებულო საგნებიდან; მათემატიკა 3 20%-ზე მეტი 3 8; ფიზიკა 3 25%-ზე მეტი 3 8; ქიმია 3 25%-ზე მეტი 3 9; 852; 183 ა(ა)იპ - ნიუ ვიჟენ უნივერსიტეტი 08.08.2025 10:07; 
1830107,183,საექთნო საქმე (ინგლისურენოვანი),საექთნო საქმის ბაკალავრი,გამოცდა კოეფიციენტი მინ. ზღვარი პრიორიტეტი ადგილების რ-ბა; ქართული ენა და ლიტერატურა 2 25%-ზე მეტი 4; უცხოური ენა (ინგ.) 4 20%-ზე მეტი 1; ბიოლოგია 3 25%-ზე მეტი 2; ,ერთ-ერთი შემდეგი სავალდებულო საგნებიდან; მათემატიკა 3 20%-ზე მეტი 3 5; ფიზიკა 3 25%-ზე მეტი 3 5; ქიმია 3 25%-ზე მეტი 3 5; 853; 183 ა(ა)იპ - ნიუ ვიჟენ უნივერსიტეტი 08.08.2025 10:07; 
1830108,183,ფიზიკური მედიცინა და რეაბილიტაცია (ინგლისურენოვანი),ფიზიკურ მედიცინისა და რეაბილიტაციის ბაკალავრი,გამოცდა კოეფიციენტი მინ. ზღვარი პრიორიტეტი ადგილების რ-ბა; ქართული ენა და ლიტერატურა 2 25%-ზე მეტი 4; უცხოური ენა (ინგ.) 4 20%-ზე მეტი 1; ბიოლოგია 3 25%-ზე მეტი 2; ,ერთ-ერთი შემდეგი სავალდებულო საგნებიდან; მათემატიკა 3 20%-ზე მეტი 3 5; ფიზიკა 3 25%-ზე მეტი 3 5; ქიმია 3 25%-ზე მეტი 3 5; 854; 183 ა(ა)იპ - ნიუ ვიჟენ უნივერსიტეტი 08.08.2025 10:07; 186 სსიპ საქართველოს ფიზიკური აღზრდისა და სპორტის სახელმწიფო სასწავლო უნივერსიტეტი; მისამართი: ქ. თბილისი ჭავჭავაძის 49; ტელეფონი: +995 32 2250040; ვებგვერდი: sportuni.ge; ელ.ფოსტა: info@sportuni.ge; 855; 186 სსიპ საქართველოს ფიზიკური აღზრდისა და სპორტის სახელმწიფო სასწავლო უნივერსიტეტი 08.08.2025 10:07; 
1860101,186,ბიზნესის ადმინისტრირება და სპორტის მენეჯმენტი,ბიზნესის ადმინისტრირების ბაკალავრი მენეჯმენტში,გამოცდა კოეფიციენტი მინ. ზღვარი პრიორიტეტი ადგილების რ-ბა; ქართული ენა და ლიტერატურა 4 25%-ზე მეტი 2; უცხოური ენა (ინგ.; რუს.; გერ.; ფრან.) 4 20%-ზე მეტი 1; ,ერთ-ერთი შემდეგი სავალდებულო საგნებიდან; მათემატიკა 4 20%-ზე მეტი 3 5; ისტორია 4 25%-ზე მეტი 3 30; 856; 186 სსიპ საქართველოს ფიზიკური აღზრდისა და სპორტის სახელმწიფო სასწავლო უნივერსიტეტი 08.08.2025 10:07; 
1860102,186,ფიზიკური აღზრდა და სპორტი (მწვრთნელი),სპორტის ბაკალავრი,გამოცდა კოეფიციენტი მინ. ზღვარი პრიორიტეტი ადგილების რ-ბა; ქართული ენა და ლიტერატურა 1 25%-ზე მეტი 2; უცხოური ენა (ინგ.; რუს.; გერ.; ფრან.) 1 20%-ზე მეტი 3; შემოქმედებითი ტური 10 1; 857; 186 სსიპ საქართველოს ფიზიკური აღზრდისა და სპორტის სახელმწიფო სასწავლო უნივერსიტეტი 08.08.2025 10:07; ,
1860103,186,ფიზიკური მედიცინა და რეაბილიტაცია,ფიზიკური მედიცინისა და რეაბილიტაციის ბაკალავრი,გამოცდა კოეფიციენტი მინ. ზღვარი პრიორიტეტი ადგილების რ-ბა; ქართული ენა და ლიტერატურა 3 25%-ზე მეტი 1; უცხოური ენა (ინგ.; რუს.; გერ.; ფრან.) 3 20%-ზე მეტი 2; ბიოლოგია 3 25%-ზე მეტი 3; ,ერთ-ერთი შემდეგი სავალდებულო საგნებიდან; მათემატიკა 3 20%-ზე მეტი 4 8; ფიზიკა 3 25%-ზე მეტი 4 8; ქიმია 3 25%-ზე მეტი 4 8; 858; 186 სსიპ საქართველოს ფიზიკური აღზრდისა და სპორტის სახელმწიფო სასწავლო უნივერსიტეტი 08.08.2025 10:07; 
1860104,186,ფიტნესი და ჯანმრთელობა,სპორტის ბაკალავრი,გამოცდა კოეფიციენტი მინ. ზღვარი პრიორიტეტი ადგილების რ-ბა; ქართული ენა და ლიტერატურა 1 25%-ზე მეტი 2; უცხოური ენა (ინგ.; რუს.; გერ.; ფრან.) 1 20%-ზე მეტი 3; შემოქმედებითი ტური 10 1; 859; 186 სსიპ საქართველოს ფიზიკური აღზრდისა და სპორტის სახელმწიფო სასწავლო უნივერსიტეტი 08.08.2025 10:07; ,
1860105,186,ქართულ ენაში მომზადება აზერბაიჯანულენოვანთათვის,,გამოცდა კოეფიციენტი მინ. ზღვარი პრიორიტეტი ადგილების რ-ბა; ზოგადი უნარები (აზერ) 12 30%-ზე მეტი 1; 860; 186 სსიპ საქართველოს ფიზიკური აღზრდისა და სპორტის სახელმწიფო სასწავლო უნივერსიტეტი 08.08.2025 10:07; ,
1860106,186,ქართულ ენაში მომზადება სომხურენოვანთათვის,,გამოცდა კოეფიციენტი მინ. ზღვარი პრიორიტეტი ადგილების რ-ბა; ზოგადი უნარები (სომხ) 12 30%-ზე მეტი 1; 861; 186 სსიპ საქართველოს ფიზიკური აღზრდისა და სპორტის სახელმწიფო სასწავლო უნივერსიტეტი 08.08.2025 10:07; ,
1860107,186,ქართულ ენაში მომზადება აფხაზურენოვანთათვის,,გამოცდა კოეფიციენტი მინ. ზღვარი პრიორიტეტი ადგილების რ-ბა; აფხაზური ენა 12 25%-ზე მეტი 1; 862; 186 სსიპ საქართველოს ფიზიკური აღზრდისა და სპორტის სახელმწიფო სასწავლო უნივერსიტეტი 08.08.2025 10:07; ,
1860108,186,ქართულ ენაში მომზადება ოსურენოვანთათვის,,"გამოცდა კოეფიციენტი მინ. ზღვარი პრიორიტეტი ადგილების რ-ბა; ოსური ენა 12 25%-ზე მეტი 1; 863; 186 სსიპ საქართველოს ფიზიკური აღზრდისა და სპორტის სახელმწიფო სასწავლო უნივერსიტეტი 08.08.2025 10:07; 192 შპს ბაუ ინთერნეიშენალ უნივერსითი, ბათუმი; მისამართი: ბათუმი, ფრიდონ ხალვაშის გამზირი 237; ტელეფონი: +995 593 511 795; ვებგვერდი: bauinternational.edu.ge; ელ.ფოსტა: info@bauinternational.edu.ge; 864; 192 შპს ბაუ ინთერნეიშენალ უნივერსითი, ბათუმი 08.08.2025 10:07; ",
1920101,192,მედიცინა (ინგლისურენოვანი),დიპლომირებული მედიკოსი,გამოცდა კოეფიციენტი მინ. ზღვარი პრიორიტეტი ადგილების რ-ბა; ქართული ენა და ლიტერატურა 3 25%-ზე მეტი 3; უცხოური ენა (ინგ.) 3 56%-ზე მეტი 2; ბიოლოგია 3 25%-ზე მეტი 1; ,"ერთ-ერთი შემდეგი სავალდებულო საგნებიდან; მათემატიკა 3 20%-ზე მეტი 4 4; ფიზიკა 3 25%-ზე მეტი 4 3; ქიმია 3 25%-ზე მეტი 4 3; 865; 192 შპს ბაუ ინთერნეიშენალ უნივერსითი, ბათუმი 08.08.2025 10:07; "
1920102,192,სტომატოლოგია (ინგლისურენოვანი),დიპლომირებული სტომატოლოგი,გამოცდა კოეფიციენტი მინ. ზღვარი პრიორიტეტი ადგილების რ-ბა; ქართული ენა და ლიტერატურა 3 25%-ზე მეტი 3; უცხოური ენა (ინგ.) 3 36%-ზე მეტი 2; ბიოლოგია 3 25%-ზე მეტი 1; ,"ერთ-ერთი შემდეგი სავალდებულო საგნებიდან; მათემატიკა 3 20%-ზე მეტი 4 2; ფიზიკა 3 25%-ზე მეტი 4 2; ქიმია 3 25%-ზე მეტი 4 2; 866; 192 შპს ბაუ ინთერნეიშენალ უნივერსითი, ბათუმი 08.08.2025 10:07; 195 შპს - ბიზნესისა და ტექნოლოგიების უნივერსიტეტი; მისამართი: საქართველო, თბილისი, ვაკე-საბურთალოს რაიონი, ი. ჭავჭავაძის გამზ., №82; ტელეფონი: (+995 32) 2 195 015; ვებგვერდი: www.btu.edu.ge; ელ.ფოსტა: info@btu.edu.ge; 867; 195 შპს - ბიზნესისა და ტექნოლოგიების უნივერსიტეტი 08.08.2025 10:07; "
1950101,195,ბიზნესის ადმინისტრირება (მენეჯმენტი) (180 კრედიტი),ბიზნესის ადმინისტრირების ბაკალავრი მენეჯმენტში,გამოცდა კოეფიციენტი მინ. ზღვარი პრიორიტეტი ადგილების რ-ბა; ქართული ენა და ლიტერატურა 4 25%-ზე მეტი 1; უცხოური ენა (ინგ.) 4 20%-ზე მეტი 2; ,ერთ-ერთი შემდეგი სავალდებულო საგნებიდან; მათემატიკა 4 20%-ზე მეტი 3 180; ისტორია 4 25%-ზე მეტი 3 120; 869; 195 შპს - ბიზნესისა და ტექნოლოგიების უნივერსიტეტი 08.08.2025 10:07; 
1950102,195,ბიზნესის ადმინისტრირება (ფინანსები) (180 კრედიტი),ბიზნესის ადმინისტრირების ბაკალავრი ფინანსებში,გამოცდა კოეფიციენტი მინ. ზღვარი პრიორიტეტი ადგილების რ-ბა; ქართული ენა და ლიტერატურა 4 25%-ზე მეტი 1; უცხოური ენა (ინგ.) 4 20%-ზე მეტი 2; მათემატიკა 4 20%-ზე მეტი 3; 870; 195 შპს - ბიზნესისა და ტექნოლოგიების უნივერსიტეტი 08.08.2025 10:07; ,
1950103,195,ციფრული მარკეტინგი (180 კრედიტი),მარკეტინგის ბაკალავრი,გამოცდა კოეფიციენტი მინ. ზღვარი პრიორიტეტი ადგილების რ-ბა; ქართული ენა და ლიტერატურა 4 25%-ზე მეტი 1; უცხოური ენა (ინგ.) 4 20%-ზე მეტი 2; ,ერთ-ერთი შემდეგი სავალდებულო საგნებიდან; მათემატიკა 4 20%-ზე მეტი 3 270; ისტორია 4 25%-ზე მეტი 3 180; 871; 195 შპს - ბიზნესისა და ტექნოლოგიების უნივერსიტეტი 08.08.2025 10:07; 
1950104,195,საინფორმაციო ტექნოლოგიები,ინფორმაციული ტექნოლოგიების ბაკალავრი,გამოცდა კოეფიციენტი მინ. ზღვარი პრიორიტეტი ადგილების რ-ბა; ქართული ენა და ლიტერატურა 4 25%-ზე მეტი 1; უცხოური ენა (ინგ.) 4 20%-ზე მეტი 2; ,ერთ-ერთი შემდეგი სავალდებულო საგნებიდან; მათემატიკა 4 20%-ზე მეტი 3 470; ფიზიკა 4 25%-ზე მეტი 3 55; 872; 195 შპს - ბიზნესისა და ტექნოლოგიების უნივერსიტეტი 08.08.2025 10:07; 
1950105,195,კომპიუტერული მეცნიერება და ხელოვნური ინტელექტი,კომპიუტერული მეცნიერების ბაკალავრი,გამოცდა კოეფიციენტი მინ. ზღვარი პრიორიტეტი ადგილების რ-ბა; ქართული ენა და ლიტერატურა 4 25%-ზე მეტი 1; უცხოური ენა (ინგ.) 4 20%-ზე მეტი 2; ,ერთ-ერთი შემდეგი სავალდებულო საგნებიდან; მათემატიკა 4 20%-ზე მეტი 3 270; ფიზიკა 4 25%-ზე მეტი 3 30; 873; 195 შპს - ბიზნესისა და ტექნოლოგიების უნივერსიტეტი 08.08.2025 10:07; 
1950106,195,ფსიქოლოგია ციფრულ სამყაროში,ფსიქოლოგიის ბაკალავრი,გამოცდა კოეფიციენტი მინ. ზღვარი პრიორიტეტი ადგილების რ-ბა; ქართული ენა და ლიტერატურა 4 25%-ზე მეტი 1; უცხოური ენა (ინგ.) 4 20%-ზე მეტი 2; ,"ერთ-ერთი შემდეგი სავალდებულო საგნებიდან; მათემატიკა 4 20%-ზე მეტი 3 60; ისტორია 4 25%-ზე მეტი 3 30; ბიოლოგია 4 25%-ზე მეტი 3 60; 874; 195 შპს - ბიზნესისა და ტექნოლოგიების უნივერსიტეტი 08.08.2025 10:07; 197 სსიპ - ქუთაისის საერთაშორისო უნივერსიტეტი; მისამართი: ახალგაზრდობის გამზირი, მე-5 შესახვევი, K კორპუსი, ქუთაისი, 4600 საქართველო; ტელეფონი: 555118040; ვებგვერდი: kiu.edu.ge; ელ.ფოსტა: info@kiu.edu.ge; 875; 197 სსიპ - ქუთაისის საერთაშორისო უნივერსიტეტი 08.08.2025 10:07; "
1970101,197,კომპიუტერული მეცნიერება (ინგლისურენოვანი),"მეცნიერების ბაკალავრი კომპიუტერულ მეცნიერებაში, BSc in Computer Science",გამოცდა კოეფიციენტი მინ. ზღვარი პრიორიტეტი ადგილების რ-ბა; ქართული ენა და ლიტერატურა 1 25%-ზე მეტი 3; უცხოური ენა (ინგ.) 3 70%-ზე მეტი 2; ,ერთ-ერთი შემდეგი სავალდებულო საგნებიდან; მათემატიკა 8 60%-ზე მეტი 1 180; ფიზიკა 8 55%-ზე მეტი 1 20; 876; 197 სსიპ - ქუთაისის საერთაშორისო უნივერსიტეტი 08.08.2025 10:07; 
1970102,197,"მათემატიკა & გამოყენებები: ხელოვნური ინტელექტის, სამეცნიერო გამოთვლების, ფინანსური მათემატიკის საფუძვლები (ინგლისურენოვანი)",მეცნიერების ბაკალავრი მათემატიკაში,გამოცდა კოეფიციენტი მინ. ზღვარი პრიორიტეტი ადგილების რ-ბა; ქართული ენა და ლიტერატურა 1 25%-ზე მეტი 3; უცხოური ენა (ინგ.) 2 70%-ზე მეტი 2; ,ერთ-ერთი შემდეგი სავალდებულო საგნებიდან; მათემატიკა 9 55%-ზე მეტი 1 36; ფიზიკა 9 60%-ზე მეტი 1 4; 877; 197 სსიპ - ქუთაისის საერთაშორისო უნივერსიტეტი 08.08.2025 10:07; 
1970103,197,მენეჯმენტი (ინგლისურენოვანი),"მეცნიერების ბაკალავრი მენეჯმენტში, BSc in Management",გამოცდა კოეფიციენტი მინ. ზღვარი პრიორიტეტი ადგილების რ-ბა; ქართული ენა და ლიტერატურა 3 25%-ზე მეტი 3; უცხოური ენა (ინგ.) 3 70%-ზე მეტი 2; ,ერთ-ერთი შემდეგი სავალდებულო საგნებიდან; მათემატიკა 6 40%-ზე მეტი 1 135; ისტორია 6 80%-ზე მეტი 1 15; 878; 197 სსიპ - ქუთაისის საერთაშორისო უნივერსიტეტი 08.08.2025 10:07; 
1970104,197,მედიცინა (ინგლისურენოვანი),დიპლომირებული მედიკოსი (ორმაგი დიპლომი),გამოცდა კოეფიციენტი მინ. ზღვარი პრიორიტეტი ადგილების რ-ბა; ქართული ენა და ლიტერატურა 1 25%-ზე მეტი 4; უცხოური ენა (ინგ.) 2 70%-ზე მეტი 3; ბიოლოგია 6 70%-ზე მეტი 1; ,ერთ-ერთი შემდეგი სავალდებულო საგნებიდან; მათემატიკა 3 25%-ზე მეტი 2 45; ფიზიკა 3 25%-ზე მეტი 2 45; ქიმია 3 25%-ზე მეტი 2 60; 879; 197 სსიპ - ქუთაისის საერთაშორისო უნივერსიტეტი 08.08.2025 10:07; 
1970105,197,დიზაინი (ინგლისურენოვანი) (180 კრედიტი),ბაკალავრი დიზაინში (ორმაგი დიპლომი),გამოცდა კოეფიციენტი მინ. ზღვარი პრიორიტეტი ადგილების რ-ბა; ქართული ენა და ლიტერატურა 4 25%-ზე მეტი 3; უცხოური ენა (ინგ.) 4 70%-ზე მეტი 2; ,ერთ-ერთი შემდეგი სავალდებულო საგნებიდან; მათემატიკა 4 25%-ზე მეტი 1 40; ისტორია 4 25%-ზე მეტი 1 40; ხელოვნება 4 25%-ზე მეტი 1 20; 880; 197 სსიპ - ქუთაისის საერთაშორისო უნივერსიტეტი 08.08.2025 10:07; 
1970106,197,სამართალმცოდნეობა (ქართულ-ინგლისური),სამართლის ბაკალავრი,გამოცდა კოეფიციენტი მინ. ზღვარი პრიორიტეტი ადგილების რ-ბა; ქართული ენა და ლიტერატურა 4 35%-ზე მეტი 1; უცხოური ენა (ინგ.) 4 70%-ზე მეტი 3; ,ერთ-ერთი შემდეგი სავალდებულო საგნებიდან; მათემატიკა 4 25%-ზე მეტი 2 35; ისტორია 4 35%-ზე მეტი 2 55; სამოქალაქო განათლება 4 35%-ზე მეტი 2 10; 881; 197 სსიპ - ქუთაისის საერთაშორისო უნივერსიტეტი 08.08.2025 10:07; 
1970107,197,ერთობლივი საბაკალავრო პროგრამა ფსიქოლოგიაში (ქართულ-ინგლისური) (180 კრედიტი),მეცნიერების ბაკალავრი ფსიქოლოგიაში (ერთობლივი პროგრამა),გამოცდა კოეფიციენტი მინ. ზღვარი პრიორიტეტი ადგილების რ-ბა; ქართული ენა და ლიტერატურა 4 25%-ზე მეტი 1; უცხოური ენა (ინგ.) 4 70%-ზე მეტი 3; ,"ერთ-ერთი შემდეგი სავალდებულო საგნებიდან; მათემატიკა 4 25%-ზე მეტი 2 40; ისტორია 4 25%-ზე მეტი 2 20; ბიოლოგია 4 25%-ზე მეტი 2 40; 882; 197 სსიპ - ქუთაისის საერთაშორისო უნივერსიტეტი 08.08.2025 10:07; 198 შპს უნივერსიტეტი „ალტერბრიჯი“; მისამართი: ქ.თბილისი, ბაგები წყნეთის გზატკეცილი N 67; ტელეფონი: 558198198; ვებგვერდი: www.alterbridge.edu.ge; ელ.ფოსტა: info@alterbridge.edu.ge; 883; 198 შპს უნივერსიტეტი „ალტერბრიჯი“ 08.08.2025 10:07; "
1980101,198,ბიზნესის ადმინისტრირება (ინგლისურენოვანი) (180 კრედიტი),ბიზნესის ადმინისტრირების ბაკალავრი,გამოცდა კოეფიციენტი მინ. ზღვარი პრიორიტეტი ადგილების რ-ბა; ქართული ენა და ლიტერატურა 3 25%-ზე მეტი 3; უცხოური ენა (ინგ.) 5 70%-ზე მეტი 1; ,ერთ-ერთი შემდეგი სავალდებულო საგნებიდან; მათემატიკა 4 20%-ზე მეტი 2 5; ისტორია 4 25%-ზე მეტი 2 15; 884; 198 შპს უნივერსიტეტი „ალტერბრიჯი“ 08.08.2025 10:07; 
1980102,198,მასობრივი კომუნიკაცია,მასობრივი კომუნიკაციის ბაკალავრი,გამოცდა კოეფიციენტი მინ. ზღვარი პრიორიტეტი ადგილების რ-ბა; ქართული ენა და ლიტერატურა 5 25%-ზე მეტი 1; უცხოური ენა (გერ.; ინგ.; რუს.; ფრან.) 4 20%-ზე მეტი 2; ,ერთ-ერთი შემდეგი სავალდებულო საგნებიდან; მათემატიკა 3 20%-ზე მეტი 3 5; ისტორია 3 25%-ზე მეტი 3 35; ლიტერატურა 3 25%-ზე მეტი 3 5; სამოქალაქო განათლება 3 25%-ზე მეტი 3 5; 885; 198 შპს უნივერსიტეტი „ალტერბრიჯი“ 08.08.2025 10:07; 
1980103,198,ფსიქოლოგია,ფსიქოლოგიის ბაკალავრი,გამოცდა კოეფიციენტი მინ. ზღვარი პრიორიტეტი ადგილების რ-ბა; ქართული ენა და ლიტერატურა 4 25%-ზე მეტი 1; უცხოური ენა (გერ.; ინგ.; რუს.; ფრან.) 4 20%-ზე მეტი 2; ,"ერთ-ერთი შემდეგი სავალდებულო საგნებიდან; მათემატიკა 4 20%-ზე მეტი 3 5; ისტორია 4 25%-ზე მეტი 3 35; ბიოლოგია 4 25%-ზე მეტი 3 10; 886; 198 შპს უნივერსიტეტი „ალტერბრიჯი“ 08.08.2025 10:07; 199 შპს „ბრიტანული უნივერსიტეტი“; მისამართი: თბილისი, დიდი დიღომი, მე-3 მკრ. ვეფხისტყაოსნის ქ. 92; ტელეფონი: 574299933; ვებგვერდი: https://britishuni.edu.ge/; ელ.ფოსტა: info@britishuni.edu.ge; 887; 199 შპს „ბრიტანული უნივერსიტეტი“ 08.08.2025 10:07; "
1990101,199,ბიზნესი და მენეჯმენტი (ინგლისურენოვანი),ბიზნესის ადმინისტრირების ბაკალავრი,გამოცდა კოეფიციენტი მინ. ზღვარი პრიორიტეტი ადგილების რ-ბა; ქართული ენა და ლიტერატურა 2 25%-ზე მეტი 3; უცხოური ენა (ინგ.) 6 25%-ზე მეტი 1; ,ერთ-ერთი შემდეგი სავალდებულო საგნებიდან; მათემატიკა 4 20%-ზე მეტი 2 30; ისტორია 4 25%-ზე მეტი 2 20; 888; 199 შპს „ბრიტანული უნივერსიტეტი“ 08.08.2025 10:07; 
1990102,199,ლიდერობა (ინგლისურენოვანი) (180 კრედიტი),ბიზნესის ადმინისტრირების ბაკალავრი,გამოცდა კოეფიციენტი მინ. ზღვარი პრიორიტეტი ადგილების რ-ბა; ქართული ენა და ლიტერატურა 2 25%-ზე მეტი 3; უცხოური ენა (ინგ.) 6 25%-ზე მეტი 1; ,ერთ-ერთი შემდეგი სავალდებულო საგნებიდან; მათემატიკა 4 20%-ზე მეტი 2 10; ისტორია 4 25%-ზე მეტი 2 15; 889; 199 შპს „ბრიტანული უნივერსიტეტი“ 08.08.2025 10:07; 
1990103,199,მეწარმეობა და ინოვაცია (ინგლისურენოვანი) (180 კრედიტი),ბიზნესის ადმინისტრირების ბაკალავრი,გამოცდა კოეფიციენტი მინ. ზღვარი პრიორიტეტი ადგილების რ-ბა; ქართული ენა და ლიტერატურა 2 25%-ზე მეტი 3; უცხოური ენა (ინგ.) 6 25%-ზე მეტი 1; ,ერთ-ერთი შემდეგი სავალდებულო საგნებიდან; მათემატიკა 4 20%-ზე მეტი 2 15; ისტორია 4 25%-ზე მეტი 2 10; 890; 199 შპს „ბრიტანული უნივერსიტეტი“ 08.08.2025 10:07; 
1990104,199,პოლიტიკის მეცნიერება (ინგლისურენოვანი),პოლიტიკის მეცნიერების ბაკალავრი,გამოცდა კოეფიციენტი მინ. ზღვარი პრიორიტეტი ადგილების რ-ბა; ქართული ენა და ლიტერატურა 2 25%-ზე მეტი 3; უცხოური ენა (ინგ.) 6 25%-ზე მეტი 1; ,"ერთ-ერთი შემდეგი სავალდებულო საგნებიდან; მათემატიკა 4 20%-ზე მეტი 2 15; ისტორია 4 25%-ზე მეტი 2 25; გეოგრაფია 4 25%-ზე მეტი 2 5; სამოქალაქო განათლება 4 25%-ზე მეტი 2 5; 891; 199 შპს „ბრიტანული უნივერსიტეტი“ 08.08.2025 10:07; 201 შპს - აღმოსავლეთ-დასავლეთ უნივერსიტეტი; მისამართი: ვახტანგ გორგასლის ქ. 9; თბილისი, საქართველო; ტელეფონი: 0322439353; ვებგვერდი: eastwest.edu.ge; ელ.ფოსტა: info@eastwest.edu.ge; 892; 201 შპს - აღმოსავლეთ-დასავლეთ უნივერსიტეტი 08.08.2025 10:07; "
2010101,201,მედიცინა (ინგლისურენოვანი),დიპლომირებული მედიკოსი,გამოცდა კოეფიციენტი მინ. ზღვარი პრიორიტეტი ადგილების რ-ბა; ქართული ენა და ლიტერატურა 2 25%-ზე მეტი 4; უცხოური ენა (ინგ.) 4 20%-ზე მეტი 1; ბიოლოგია 3 25%-ზე მეტი 2; ,"ერთ-ერთი შემდეგი სავალდებულო საგნებიდან; მათემატიკა 3 20%-ზე მეტი 3 3; ფიზიკა 3 25%-ზე მეტი 3 3; ქიმია 3 25%-ზე მეტი 3 4; 893; 201 შპს - აღმოსავლეთ-დასავლეთ უნივერსიტეტი 08.08.2025 10:07; 202 ვებსტერ უნივერსიტეტის, ინკ.-ის ფილიალი საქართველოში; მისამართი: ქ. თბილისი, ვაკის რაიონი, ჭავჭავაძის 82, შენობა 3, სართული მე-5; ტელეფონი: +995 550000584; ვებგვერდი: www.webster.edu.ge; ელ.ფოსტა: tbilisi@webster.edu; 894; 202 ვებსტერ უნივერსიტეტის, ინკ.-ის ფილიალი საქართველოში 08.08.2025 10:07; "
2020101,202,ბიზნესის ადმინისტრირება (ინგლისურენოვანი),მეცნიერების ბაკალავრი ბიზნესის ადმინისტრირებაში,გამოცდა კოეფიციენტი მინ. ზღვარი პრიორიტეტი ადგილების რ-ბა; ქართული ენა და ლიტერატურა 4 25%-ზე მეტი 2; უცხოური ენა (ინგ.) 3 20%-ზე მეტი 3; ,"ერთ-ერთი შემდეგი სავალდებულო საგნებიდან; მათემატიკა 5 20%-ზე მეტი 1 25; ისტორია 5 25%-ზე მეტი 1 25; 896; 202 ვებსტერ უნივერსიტეტის, ინკ.-ის ფილიალი საქართველოში 08.08.2025 10:07; "
2020102,202,კომპიუტერული მეცნიერება (ინგლისურენოვანი),კომპიუტერული მეცნიერების ბაკალავრი,გამოცდა კოეფიციენტი მინ. ზღვარი პრიორიტეტი ადგილების რ-ბა; ქართული ენა და ლიტერატურა 4 25%-ზე მეტი 2; უცხოური ენა (ინგ.) 3 20%-ზე მეტი 3; ,"ერთ-ერთი შემდეგი სავალდებულო საგნებიდან; მათემატიკა 5 20%-ზე მეტი 1 35; ფიზიკა 5 25%-ზე მეტი 1 15; 897; 202 ვებსტერ უნივერსიტეტის, ინკ.-ის ფილიალი საქართველოში 08.08.2025 10:07; "
2020103,202,საერთაშორისო ურთიერთობები (ინგლისურენოვანი),ჰუმანიტარული მეცნიერებების ბაკალავრი საერთაშორისო ურთიერთობებში,გამოცდა კოეფიციენტი მინ. ზღვარი პრიორიტეტი ადგილების რ-ბა; ქართული ენა და ლიტერატურა 4 25%-ზე მეტი 2; უცხოური ენა (ინგ.) 3 20%-ზე მეტი 3; ,"ერთ-ერთი შემდეგი სავალდებულო საგნებიდან; მათემატიკა 5 20%-ზე მეტი 1 15; ისტორია 5 25%-ზე მეტი 1 15; გეოგრაფია 5 25%-ზე მეტი 1 10; სამოქალაქო განათლება 5 25%-ზე მეტი 1 10; 898; 202 ვებსტერ უნივერსიტეტის, ინკ.-ის ფილიალი საქართველოში 08.08.2025 10:07; "
2020104,202,ფსიქოლოგიის მეცნიერება (ინგლისურენოვანი),მეცნიერების ბაკალავრი ფსიქოლოგიაში,გამოცდა კოეფიციენტი მინ. ზღვარი პრიორიტეტი ადგილების რ-ბა; ქართული ენა და ლიტერატურა 4 25%-ზე მეტი 2; უცხოური ენა (ინგ.) 3 20%-ზე მეტი 3; ,"ერთ-ერთი შემდეგი სავალდებულო საგნებიდან; მათემატიკა 5 20%-ზე მეტი 1 20; ისტორია 5 25%-ზე მეტი 1 20; ბიოლოგია 5 25%-ზე მეტი 1 10; 899; 202 ვებსტერ უნივერსიტეტის, ინკ.-ის ფილიალი საქართველოში 08.08.2025 10:07; 203 შპს - კენ ვოლკერის საერთაშორისო უნივერსიტეტი; მისამართი: გუდამაყარის ქ. 4, თბილისი 0141; ტელეფონი: 599635533; ვებგვერდი: https://kwiu.edu.ge/; ელ.ფოსტა: info@kwiu.edu.ge; 900; 203 შპს - კენ ვოლკერის საერთაშორისო უნივერსიტეტი 08.08.2025 10:07; "
2030101,203,მედიცინა (ინგლისურენოვანი),დიპლომირებული მედიკოსი,გამოცდა კოეფიციენტი მინ. ზღვარი პრიორიტეტი ადგილების რ-ბა; ქართული ენა და ლიტერატურა 2 60%-ზე მეტი 4; უცხოური ენა (ინგ.) 2 70%-ზე მეტი 3; ბიოლოგია 4 60%-ზე მეტი 1; ,ერთ-ერთი შემდეგი სავალდებულო საგნებიდან; მათემატიკა 4 60%-ზე მეტი 2 6; ფიზიკა 4 60%-ზე მეტი 2 6; ქიმია 4 60%-ზე მეტი 2 8; 901; 203 შპს - კენ ვოლკერის საერთაშორისო უნივერსიტეტი 08.08.2025 10:07; 
2030102,203,სტომატოლოგია (ინგლისურენოვანი),დიპლომირებული სტომატოლოგი,გამოცდა კოეფიციენტი მინ. ზღვარი პრიორიტეტი ადგილების რ-ბა; ქართული ენა და ლიტერატურა 2 60%-ზე მეტი 4; უცხოური ენა (ინგ.) 2 70%-ზე მეტი 3; ბიოლოგია 4 60%-ზე მეტი 1; ,"ერთ-ერთი შემდეგი სავალდებულო საგნებიდან; მათემატიკა 4 60%-ზე მეტი 2 5; ფიზიკა 4 60%-ზე მეტი 2 5; ქიმია 4 60%-ზე მეტი 2 6; 902; 203 შპს - კენ ვოლკერის საერთაშორისო უნივერსიტეტი 08.08.2025 10:07; 204 შპს ,,ნეუ - ეროვნული საგანმანათლებლო უნივერსიტეტი”; მისამართი: ქ. თბილისი, ჯურხა ნადირაძის ქუჩა No46; ტელეფონი: +9950322185252; ვებგვერდი: www.neu.edu.ge; ელ.ფოსტა: info@neu.edu.ge; 903; 204 შპს ,,ნეუ - ეროვნული საგანმანათლებლო უნივერსიტეტი” 08.08.2025 10:07; "
2040101,204,ბიზნესის ადმინისტრირება,ბიზნესის ადმინისტრირების ბაკალავრი,გამოცდა კოეფიციენტი მინ. ზღვარი პრიორიტეტი ადგილების რ-ბა; ქართული ენა და ლიტერატურა 6 25%-ზე მეტი 1; უცხოური ენა (გერ.; ინგ.; რუს.; ფრან.) 4 20%-ზე მეტი 2; ,"ერთ-ერთი შემდეგი სავალდებულო საგნებიდან; მათემატიკა 2 20%-ზე მეტი 3 3; ისტორია 2 25%-ზე მეტი 3 7; 905; 204 შპს ,,ნეუ - ეროვნული საგანმანათლებლო უნივერსიტეტი” 08.08.2025 10:07; "
2040102,204,ბიზნესის ადმინისტრირება (180 კრედიტი),ბიზნესის ადმინისტრირების ბაკალავრი,გამოცდა კოეფიციენტი მინ. ზღვარი პრიორიტეტი ადგილების რ-ბა; ქართული ენა და ლიტერატურა 6 25%-ზე მეტი 1; უცხოური ენა (ინგ.; რუს.; გერ.; ფრა.) 4 20%-ზე მეტი 2; ,"ერთ-ერთი შემდეგი სავალდებულო საგნებიდან; მათემატიკა 2 20%-ზე მეტი 3 3; ისტორია 2 25%-ზე მეტი 3 21; 906; 204 შპს ,,ნეუ - ეროვნული საგანმანათლებლო უნივერსიტეტი” 08.08.2025 10:07; "
2040103,204,ბიზნესის ადმინისტრირება (ინგლისურენოვანი),ბიზნესის ადმინისტრირების ბაკალავრი,გამოცდა კოეფიციენტი მინ. ზღვარი პრიორიტეტი ადგილების რ-ბა; ქართული ენა და ლიტერატურა 4 25%-ზე მეტი 2; უცხოური ენა (ინგ.) 6 20%-ზე მეტი 1; ,"ერთ-ერთი შემდეგი სავალდებულო საგნებიდან; მათემატიკა 2 20%-ზე მეტი 3 1; ისტორია 2 25%-ზე მეტი 3 2; 907; 204 შპს ,,ნეუ - ეროვნული საგანმანათლებლო უნივერსიტეტი” 08.08.2025 10:07; "
2040104,204,სამართალი,სამართლის ბაკალავრი,გამოცდა კოეფიციენტი მინ. ზღვარი პრიორიტეტი ადგილების რ-ბა; ქართული ენა და ლიტერატურა 6 25%-ზე მეტი 1; უცხოური ენა (გერ.; ინგ.; რუს.; ფრან.) 4 20%-ზე მეტი 2; ,"ერთ-ერთი შემდეგი სავალდებულო საგნებიდან; მათემატიკა 2 20%-ზე მეტი 3 3; ისტორია 2 25%-ზე მეტი 3 10; სამოქალაქო განათლება 2 25%-ზე მეტი 3 11; 908; 204 შპს ,,ნეუ - ეროვნული საგანმანათლებლო უნივერსიტეტი” 08.08.2025 10:07; "
2040105,204,ფსიქოლოგია,ფსიქოლოგიის ბაკალავრი,გამოცდა კოეფიციენტი მინ. ზღვარი პრიორიტეტი ადგილების რ-ბა; ქართული ენა და ლიტერატურა 6 25%-ზე მეტი 1; უცხოური ენა (გერ.; ინგ.; რუს.; ფრან.) 4 20%-ზე მეტი 2; ,"ერთ-ერთი შემდეგი სავალდებულო საგნებიდან; მათემატიკა 2 20%-ზე მეტი 3 3; ისტორია 2 25%-ზე მეტი 3 15; ბიოლოგია 2 25%-ზე მეტი 3 6; 909; 204 შპს ,,ნეუ - ეროვნული საგანმანათლებლო უნივერსიტეტი” 08.08.2025 10:07; "
2040106,204,ქართულ ენაში მომზადების საგანმანათლებლო პროგრამა აზერბაიჯანულენოვანთათვის,,"გამოცდა კოეფიციენტი მინ. ზღვარი პრიორიტეტი ადგილების რ-ბა; ზოგადი უნარები (აზერ) 12 30%-ზე მეტი 1; 910; 204 შპს ,,ნეუ - ეროვნული საგანმანათლებლო უნივერსიტეტი” 08.08.2025 10:07; ",
2040107,204,ქართულ ენაში მომზადების საგანმანათლებლო პროგრამა აფხაზურენოვანთათვის,,"გამოცდა კოეფიციენტი მინ. ზღვარი პრიორიტეტი ადგილების რ-ბა; აფხაზური ენა 12 25%-ზე მეტი 1; 911; 204 შპს ,,ნეუ - ეროვნული საგანმანათლებლო უნივერსიტეტი” 08.08.2025 10:07; ",
2040108,204,ქართულ ენაში მომზადების საგანმანათლებლო პროგრამა ოსურენოვანთათვის,,"გამოცდა კოეფიციენტი მინ. ზღვარი პრიორიტეტი ადგილების რ-ბა; ოსური ენა 12 25%-ზე მეტი 1; 912; 204 შპს ,,ნეუ - ეროვნული საგანმანათლებლო უნივერსიტეტი” 08.08.2025 10:07; ",
2040109,204,ქართულ ენაში მომზადების საგანმანათლებლო პროგრამა სომხურენოვანთათვის,,"გამოცდა კოეფიციენტი მინ. ზღვარი პრიორიტეტი ადგილების რ-ბა; ზოგადი უნარები (სომხ) 12 30%-ზე მეტი 1; 913; 204 შპს ,,ნეუ - ეროვნული საგანმანათლებლო უნივერსიტეტი” 08.08.2025 10:07; 205 შპს - ავიცენა - ბათუმის სამედიცინო უნივერსიტეტი; მისამართი: ქ. ბათუმი, ტბეთის ქუჩა #4; ტელეფონი: 0422251525; ვებგვერდი: www.abmu.edu.ge; ელ.ფოსტა: info@abmu.edu.ge; 914; 205 შპს - ავიცენა - ბათუმის სამედიცინო უნივერსიტეტი 08.08.2025 10:07; ",
2050101,205,დიპლომირებული მედიკოსი (ინგლისურენოვანი),დიპლომირებული მედიკოსი,გამოცდა კოეფიციენტი მინ. ზღვარი პრიორიტეტი ადგილების რ-ბა; ქართული ენა და ლიტერატურა 3 30%-ზე მეტი 3; უცხოური ენა (ინგ.) 4 70%-ზე მეტი 1; ბიოლოგია 3 40%-ზე მეტი 2; ,"ერთ-ერთი შემდეგი სავალდებულო საგნებიდან; მათემატიკა 2 25%-ზე მეტი 4 15; ფიზიკა 2 25%-ზე მეტი 4 15; ქიმია 2 25%-ზე მეტი 4 20; 915; 205 შპს - ავიცენა - ბათუმის სამედიცინო უნივერსიტეტი 08.08.2025 10:07; 206 შპს - თბილისის საერთაშორისო უნივერსიტეტი აიიუთ; მისამართი: ქ. თბილისის, ქსნის ქუჩა N25; ტელეფონი: +995 510 000 152; ვებგვერდი: www.iut.edu.ge; ელ.ფოსტა: info@iut.edu.ge; 916; 206 შპს - თბილისის საერთაშორისო უნივერსიტეტი აიიუთ 08.08.2025 10:07; "
2060101,206,ბიზნესის ადმინისტრირება (180 კრედიტი),ბიზნესის ადმინისტრირების ბაკალავრი,გამოცდა კოეფიციენტი მინ. ზღვარი პრიორიტეტი ადგილების რ-ბა; ქართული ენა და ლიტერატურა 4 25%-ზე მეტი 2; უცხოური ენა (ინგ.) 4 70%-ზე მეტი 1; ,ერთ-ერთი შემდეგი სავალდებულო საგნებიდან; მათემატიკა 4 20%-ზე მეტი 3 10; ისტორია 4 25%-ზე მეტი 3 15; 917; 206 შპს - თბილისის საერთაშორისო უნივერსიტეტი აიიუთ 08.08.2025 10:07; 
2060102,206,ბიზნესის ადმინისტრირება (ინგლისურენოვანი) (180 კრედიტი),ბიზნესის ადმინისტრირების ბაკალავრი,გამოცდა კოეფიციენტი მინ. ზღვარი პრიორიტეტი ადგილების რ-ბა; ქართული ენა და ლიტერატურა 4 25%-ზე მეტი 2; უცხოური ენა (ინგ.) 4 70%-ზე მეტი 1; ,ერთ-ერთი შემდეგი სავალდებულო საგნებიდან; მათემატიკა 4 20%-ზე მეტი 3 10; ისტორია 4 25%-ზე მეტი 3 10; 918; 206 შპს - თბილისის საერთაშორისო უნივერსიტეტი აიიუთ 08.08.2025 10:07; 
2060103,206,მედიცინა (ინგლისურენოვანი),დიპლომირებული მედიკოსი,გამოცდა კოეფიციენტი მინ. ზღვარი პრიორიტეტი ადგილების რ-ბა; ქართული ენა და ლიტერატურა 2 25%-ზე მეტი 4; უცხოური ენა (ინგ.) 4 70%-ზე მეტი 2; ბიოლოგია 4 70%-ზე მეტი 1; ,ერთ-ერთი შემდეგი სავალდებულო საგნებიდან; მათემატიკა 2 50%-ზე მეტი 3 6; ფიზიკა 2 50%-ზე მეტი 3 6; ქიმია 2 60%-ზე მეტი 3 8; 919; 206 შპს - თბილისის საერთაშორისო უნივერსიტეტი აიიუთ 08.08.2025 10:07; 
2060104,206,სტომატოლოგია (ინგლისურენოვანი),დიპლომირებული სტომატოლოგი,გამოცდა კოეფიციენტი მინ. ზღვარი პრიორიტეტი ადგილების რ-ბა; ქართული ენა და ლიტერატურა 2 25%-ზე მეტი 4; უცხოური ენა (ინგ.) 4 70%-ზე მეტი 2; ბიოლოგია 4 70%-ზე მეტი 1; ,ერთ-ერთი შემდეგი სავალდებულო საგნებიდან; მათემატიკა 2 50%-ზე მეტი 3 15; ფიზიკა 2 25%-ზე მეტი 3 15; ქიმია 2 60%-ზე მეტი 3 20; 920; 206 შპს - თბილისის საერთაშორისო უნივერსიტეტი აიიუთ 08.08.2025 10:07; 
2060106,206,ფიზიკური მედიცინა და რეაბილიტაცია (ინგლისურენოვანი),ფიზიკური მედიცინის და რეაბილიტაციის ბაკალავრი,გამოცდა კოეფიციენტი მინ. ზღვარი პრიორიტეტი ადგილების რ-ბა; ქართული ენა და ლიტერატურა 3 25%-ზე მეტი 3; უცხოური ენა (ინგ.) 3 70%-ზე მეტი 1; ბიოლოგია 3 25%-ზე მეტი 2; ,ერთ-ერთი შემდეგი სავალდებულო საგნებიდან; მათემატიკა 3 20%-ზე მეტი 4 7; ფიზიკა 3 25%-ზე მეტი 4 6; ქიმია 3 25%-ზე მეტი 4 7; 921; 206 შპს - თბილისის საერთაშორისო უნივერსიტეტი აიიუთ 08.08.2025 10:07; 
2060107,206,ქართულ ენაში მომზადება აზერბაიჯანულენოვანთათვის,,გამოცდა კოეფიციენტი მინ. ზღვარი პრიორიტეტი ადგილების რ-ბა; ზოგადი უნარები (აზერ) 12 30%-ზე მეტი 1; 922; 206 შპს - თბილისის საერთაშორისო უნივერსიტეტი აიიუთ 08.08.2025 10:07; ,
2060108,206,ქართულ ენაში მომზადება აფხაზურენოვანთათვის,,გამოცდა კოეფიციენტი მინ. ზღვარი პრიორიტეტი ადგილების რ-ბა; აფხაზური ენა 12 25%-ზე მეტი 1; 923; 206 შპს - თბილისის საერთაშორისო უნივერსიტეტი აიიუთ 08.08.2025 10:07; ,
2060109,206,ქართულ ენაში მომზადება ოსურენოვანთათვის,,გამოცდა კოეფიციენტი მინ. ზღვარი პრიორიტეტი ადგილების რ-ბა; ოსური ენა 12 25%-ზე მეტი 1; 924; 206 შპს - თბილისის საერთაშორისო უნივერსიტეტი აიიუთ 08.08.2025 10:07; ,
2060110,206,ქართულ ენაში მომზადება სომხურენოვანთათვის,,"გამოცდა კოეფიციენტი მინ. ზღვარი პრიორიტეტი ადგილების რ-ბა; ზოგადი უნარები (სომხ) 12 30%-ზე მეტი 1; 925; 206 შპს - თბილისის საერთაშორისო უნივერსიტეტი აიიუთ 08.08.2025 10:07; მართლმადიდებლურ საღვთისმეტყველო უმაღლეს საგანმანათლებლო დაწესებულებაში სწავლის გაგრძელების მსურველებმა; რეგისტრაციის გავლის შემდეგ ერთიან ეროვნულ გამოცდებზე უნდა ჩააბარონ მხოლოდ ქართული ენისა და ლიტერატურის; გამოცდა. დანარჩენ გამოცდებს აბიტურიენტი აბარებს უშუალოდ მართლმადიდებლურ საღვთისმეტყველო უმაღლეს; საგანმანათლებლო დაწესებულებაში.; მართლმადიდებლური საღვთისმეტყველო უმაღლესი საგანმანათლებლო დაწესებულების კონკრეტული საგანმანათლებლო; პროგრამის არჩევა და ამ პროგრამაზე ჩარიცხვა ხორციელდება მართლმადიდებლური საღვთისმეტყველო უმაღლესი; საგანმანათლებლო დაწესებულების მიერ ერთიანი ეროვნული გამოცდის - ქართული ენისა და ლიტერატურის ქულის; გათვალისწინებით.; აბიტურიენტი მართლმადიდებლურ საღვთისმეტყველო უმაღლეს საგანმანათლებლო პროგრამებს ერთიანი ეროვნული; გამოცდებისათვის რეგისტრაციისას აღარ უთითებს, ქართული ენისა და ლიტერატურის გამოცდის ჩაბარებისა და ზღვარის; გადალახვის შემდეგ უშუალოდ მიმართავს შესაბამის საგანმანათლებლო დაწესებულებას!; 926; 173 ა(ა)იპ საქართველოს საპატრიარქო გრემის სასულიერო სემინარია; მისამართი: 4806 ყვარლის მუნიციპალიტეტი, სოფელი გრემი; ტელეფონი: -; ვებგვერდი: -; ელ.ფოსტა: gremisseminaria@gmail.com; 927; 173 ა(ა)იპ საქართველოს საპატრიარქო გრემის სასულიერო სემინარია 07.08.2025 16:36; ",
1730101,173,თეოლოგია,თეოლოგიის ბაკალავრი,"ერთიან ეროვნულ გამოცდაზე ქართულ ენასა და ლიტერატურაში მინიმალური კომპეტენციის (მაქსიმალური ქულის 25%-ზე მეტი) გადალახვის შემდეგ, აბიტურიენტი; აბარებს შიდა გამოცდებს. კერძოდ: ქრისტიანული მოძღვრების საფუძვლებში (კატეხიზმო) (ზეპირი ან წერითი ფორმით); ქრისტიანული მოძღვრების საფუძვლებში; (კატეხიზმოში) დადებითი შეფასების მიღების შემთხვევაში აბიტურიენტი გადის გასაუბრებას საგამოცდო კომისიასთან.; საბაკალავრო პროგრამაზე ჩარიცხვა ხორციელდება შიდა საგამოცდო კომისიის მიერ დამტკიცებული საგამოცდო (მათ შორის გასაუბრების) შედეგების გათვალისწინებით.; აკრედიტაცია სწავლების ენა დაფინანსება კრედიტების რ-ბა წლიური საფასური ადგილების რ-ბა; არააკრედიტებული ქართული ენა არ ფინანსდება 240 12; გამოცდა მინ. ზღვარი პრიორიტეტი; ქართული ენა და ლიტერატურა 25%-ზე მეტი 1; 928; 173 ა(ა)იპ საქართველოს საპატრიარქო გრემის სასულიერო სემინარია 07.08.2025 16:36; ",
1730102,173,ქრისტიანული ხელოვნებათმცოდნეობა,ხელოვნების ისტორიისა და თეორიის ბაკალავრი,"ერთიან ეროვნულ გამოცდაზე ქართულ ენასა და ლიტერატურაში მინიმალური კომპეტენციის (მაქსიმალური ქულის 25%-ზე მეტი) გადალახვის შემდეგ, აბიტურიენტი; აბარებს შიდა გამოცდებს. კერძოდ: ქრისტიანული მოძღვრების საფუძვლებში (კატეხიზმო) (ზეპირი ან წერითი ფორმით); ქრისტიანული მოძღვრების საფუძვლებში; (კატეხიზმოში) დადებითი შეფასების მიღების შემთხვევაში აბიტურიენტი გადის გასაუბრებას საგამოცდო კომისიასთან.; საბაკალავრო პროგრამაზე ჩარიცხვა ხორციელდება შიდა საგამოცდო კომისიის მიერ დამტკიცებული საგამოცდო (მათ შორის გასაუბრების) შედეგების გათვალისწინებით.; აკრედიტაცია სწავლების ენა დაფინანსება კრედიტების რ-ბა წლიური საფასური ადგილების რ-ბა; არააკრედიტებული ქართული ენა არ ფინანსდება 240 13; გამოცდა მინ. ზღვარი პრიორიტეტი; ქართული ენა და ლიტერატურა 25%-ზე მეტი 1; 929; 173 ა(ა)იპ საქართველოს საპატრიარქო გრემის სასულიერო სემინარია 07.08.2025 16:36; 174 ა(ა)იპ - მართლმადიდებლური საღვთისმეტყველო უმაღლესი საგანმანათლებლო დაწესებულება -; საქართველოს სამოციქულო ავტოკეფალური მართლმადიდებელი ეკლესიის გელათის სასულიერო აკადემია და; სემინარია; მისამართი: ქ.ქუთაისი, დვალიშვილის ქ. №17; ტელეფონი: +995431 (248552); ვებგვერდი: www.gelati.edu.ge; ელ.ფოსტა: gelati.academy@yahoo.com; 174 ა(ა)იპ - მართლმადიდებლური საღვთისმეტყველო უმაღლესი საგანმანათლებლო დაწესებულება - საქართველოს სამოციქულო 07.08.2025 16:36 930; ავტოკეფალური მართლმადიდებელი ეკლესიის გელათის სასულიერო აკადემია და სემინარია; ",
1740101,174,თეოლოგიის საბაკალავრო პროგრამა,თეოლოგიის ბაკალავრი,გამოცდა მინ. ზღვარი პრიორიტეტი; ქართული ენა და ლიტერატურა 25%-ზე მეტი 1; 174 ა(ა)იპ - მართლმადიდებლური საღვთისმეტყველო უმაღლესი საგანმანათლებლო დაწესებულება - საქართველოს სამოციქულო 07.08.2025 16:36 931; ავტოკეფალური მართლმადიდებელი ეკლესიის გელათის სასულიერო აკადემია და სემინარია; ,
1740102,174,ქრისტიანული ხელოვნებათმცოდნეობის საბაკალავრო პროგრამა,ხელოვნების ისტორიისა და თეორიის ბაკალავრი,"გამოცდა მინ. ზღვარი პრიორიტეტი; ქართული ენა და ლიტერატურა 25%-ზე მეტი 1; 174 ა(ა)იპ - მართლმადიდებლური საღვთისმეტყველო უმაღლესი საგანმანათლებლო დაწესებულება - საქართველოს სამოციქულო 07.08.2025 16:36 932; ავტოკეფალური მართლმადიდებელი ეკლესიის გელათის სასულიერო აკადემია და სემინარია; 175 ა(ა)იპ - საქართველოს სამოციქულო ავტოკეფალური მართლმადიდებელი ეკლესიის თბილისის სასულიერო; აკადემია და სემინარია; მისამართი: ქ.თბილისი, სიონის ქუჩა 13/40; ტელეფონი: 2 98 91 16; ვებგვერდი: tsas.ge; ელ.ფოსტა: tsas@academia.edu.ge; 933; 175 ა(ა)იპ - საქართველოს სამოციქულო ავტოკეფალური მართლმადიდებელი ეკლესიის თბილისის სასულიერო აკადემია და სემინარია 07.08.2025 16:36; ",
1750101,175,თეოლოგია,თეოლოგიის ბაკალავრი,"ერთიან ეროვნულ გამოცდაზე მინიმალური კომპეტენციის გადალახვის შემდეგ (ქართულ ენასა და ლიტერატურაში მაქსიმალური ქულის 25%-ზე მეტი) აბიტურიენტი; აბარებს შიდა გამოცდებს:; 1.ქრისტიანული მოძღვრების საფუძვლები (კატეხიზმო (ზეპირი));; 2.საქართველოს ისტორია (ზეპირი);; 3.უცხო ენა არჩევით (ინგლისური ენა, გერმანული ენა, ფრანგული ენა, რუსული ენა) (ზეპირი ან ტესტირება).; აკრედიტაცია სწავლების ენა დაფინანსება კრედიტების რ-ბა წლიური საფასური ადგილების რ-ბა; არააკრედიტებული ქართული ენა არ ფინანსდება 240 40; გამოცდა მინ. ზღვარი პრიორიტეტი; ქართული ენა და ლიტერატურა 25%-ზე მეტი 1; 934; 175 ა(ა)იპ - საქართველოს სამოციქულო ავტოკეფალური მართლმადიდებელი ეკლესიის თბილისის სასულიერო აკადემია და სემინარია 07.08.2025 16:36; ",
1750102,175,მონუმენტური ხატწერის რესტავრაცია,ხელოვნების ნიმუშთა რესტავრაციის ბაკალავრი,"ერთიან ეროვნულ გამოცდაზე მინიმალური კომპეტენციის გადალახვის შემდეგ (ქართულ ენასა და ლიტერატურაში მაქსიმალური ქულის 25%-ზე მეტი) აბიტურიენტი; აბარებს შიდა გამოცდებს:; 1.ხატვა (თაბაშირის ფოთოლი ფანქარში);; 2.საქართველოს ისტორია (ზეპირი);; 3.ქრისტიანული მოძღვრების საფუძვლები (კატეხიზმო (ზეპირი));; 4.უცხო ენა არჩევითი (ინგლისური ენა, გერმანული ენა, ფრანგული ენა, რუსული ენა) (ზეპირი ან ტესტირება).; აკრედიტაცია სწავლების ენა დაფინანსება კრედიტების რ-ბა წლიური საფასური ადგილების რ-ბა; არააკრედიტებული ქართული ენა არ ფინანსდება 240 20; გამოცდა მინ. ზღვარი პრიორიტეტი; ქართული ენა და ლიტერატურა 25%-ზე მეტი 1; 935; 175 ა(ა)იპ - საქართველოს სამოციქულო ავტოკეფალური მართლმადიდებელი ეკლესიის თბილისის სასულიერო აკადემია და სემინარია 07.08.2025 16:36; ",
1750103,175,საეკლესიო არქიტექტურა (ხუროთმოძღვრება),არქიტექტურის ბაკალავრი,"ერთიან ეროვნულ გამოცდაზე მინიმალური კომპეტენციის გადალახვის შემდეგ (ქართულ ენასა და ლიტერატურაში მაქსიმალური ქულის 25%-ზე მეტი) აბიტურიენტი; აბარებს შიდა გამოცდებს:; 1.ხატვა (თაბაშირის ფოთოლი ფანქარში);; 2. საქართველოს ისტორია (ზეპირი);; 3. ქრისტიანული მოძღვრების საფუძვლები (კატეხიზმო (ზეპირი));; 4. უცხო ენა არჩევითი (ინგლისური ენა, გერმანული ენა, ფრანგული ენა, რუსული ენა) (ზეპირი ან ტესტირება).; აკრედიტაცია სწავლების ენა დაფინანსება კრედიტების რ-ბა წლიური საფასური ადგილების რ-ბა; არააკრედიტებული ქართული ენა არ ფინანსდება 240 20; გამოცდა მინ. ზღვარი პრიორიტეტი; ქართული ენა და ლიტერატურა 25%-ზე მეტი 1; 936; 175 ა(ა)იპ - საქართველოს სამოციქულო ავტოკეფალური მართლმადიდებელი ეკლესიის თბილისის სასულიერო აკადემია და სემინარია 07.08.2025 16:36; ",
1750104,175,ქრისტიანული ფსიქოლოგია,ფსიქოლოგიის ბაკალავრი,"ერთიან ეროვნულ გამოცდაზე მინიმალური კომპეტენციის გადალახვის შემდეგ (ქართულ ენასა და ლიტერატურაში მაქსიმალური ქულის 25%-ზე მეტი) აბიტურიენტი; აბარებს შიდა გამოცდებს:; 1. ქრისტიანული მოძღვრების საფუძვლები (კატეხიზმო (ზეპირი));; 2. საქართველოს ისტორია (ზეპირი);; 3. უცხო ენა (ინგლისური ენა, გერმანული ენა, ფრანგული ენა, რუსული ენა ) (ზეპირი ან ტესტირება).; აკრედიტაცია სწავლების ენა დაფინანსება კრედიტების რ-ბა წლიური საფასური ადგილების რ-ბა; არააკრედიტებული ქართული ენა არ ფინანსდება 240 40; გამოცდა მინ. ზღვარი პრიორიტეტი; ქართული ენა და ლიტერატურა 25%-ზე მეტი 1; 937; 175 ა(ა)იპ - საქართველოს სამოციქულო ავტოკეფალური მართლმადიდებელი ეკლესიის თბილისის სასულიერო აკადემია და სემინარია 07.08.2025 16:36; ",
1750105,175,ქრისტიანული ხელოვნებათმცოდნეობა,ჰუმანიტარული მეცნიერებების ბაკალავრი ხელოვნების ისტორიასა და თეორიაში,"ერთიან ეროვნულ გამოცდაზე მინიმალური კომპეტენციის გადალახვის შემდეგ (ქართულ ენასა და ლიტერატურაში მაქსიმალური ქულის 25%-ზე მეტი) აბიტურიენტი; აბარებს შიდა გამოცდებს:; 1. ქრისტიანული მოძღვრების საფუძვლები (კატეხიზმო (ზეპირი));; 2. საქართველოს ისტორია (ზეპირი);; 3. უცხო ენა (ინგლისური ენა, გერმანული ენა, ფრანგული ენა, რუსული ენა) (ზეპირი ან ტესტირება).; აკრედიტაცია სწავლების ენა დაფინანსება კრედიტების რ-ბა წლიური საფასური ადგილების რ-ბა; არააკრედიტებული ქართული ენა არ ფინანსდება 240 30; გამოცდა მინ. ზღვარი პრიორიტეტი; ქართული ენა და ლიტერატურა 25%-ზე მეტი 1; 938; 175 ა(ა)იპ - საქართველოს სამოციქულო ავტოკეფალური მართლმადიდებელი ეკლესიის თბილისის სასულიერო აკადემია და სემინარია 07.08.2025 16:36; ",
1750106,175,ხატწერა,ხატწერის ბაკალავრი,"ერთიან ეროვნულ გამოცდაზე მინიმალური კომპეტენციის გადალახვის შემდეგ (ქართულ ენასა და ლიტერატურაში მაქსიმალური ქულის 25%-ზე მეტი) აბიტურიენტი; აბარებს შიდა გამოცდებს:; 1. ხატვა (თაბაშირის ფოთოლი ფანქარში);; 2. საქართველოს ისტორია (ზეპირი);; 3.ქრისტიანული მოძღვრების საფუძვლები (კატეხიზმო (ზეპირი));; 4. უცხო ენა (ინგლისური ენა, გერმანული ენა, ფრანგული ენა, რუსული ენა) (ზეპირი ან ტესტირება).; აკრედიტაცია სწავლების ენა დაფინანსება კრედიტების რ-ბა წლიური საფასური ადგილების რ-ბა; არააკრედიტებული ქართული ენა არ ფინანსდება 240 20; გამოცდა მინ. ზღვარი პრიორიტეტი; ქართული ენა და ლიტერატურა 25%-ზე მეტი 1; 939; 175 ა(ა)იპ - საქართველოს სამოციქულო ავტოკეფალური მართლმადიდებელი ეკლესიის თბილისის სასულიერო აკადემია და სემინარია 07.08.2025 16:36; 184 ა(ა)იპ - საქართველოს საპატრიარქოს წმიდა იოანე ღვთისმეტყველის სახელობის ბათუმის სასულიერო; სემინარია; მისამართი: ქალაქი ბათუმი, დემეტრე თავდადებულის ქ. N 49; ტელეფონი: 598201600; ვებგვერდი: batumiseminari.ge; ელ.ფოსტა: batumiseminary@gmail.com; 940; 184 ა(ა)იპ - საქართველოს საპატრიარქოს წმიდა იოანე ღვთისმეტყველის სახელობის ბათუმის სასულიერო სემინარია 07.08.2025 16:36; ",
1840101,184,თეოლოგია,თეოლოგიის ბაკალავრი,"აბიტურიენტებს ჩაუტარდებათ დამატებით შიდა გამოცდა შემდეგ საგნებში: კატეხიზმო, საქართველოს ისტორია, უცხო ენა.; აკრედიტაცია სწავლების ენა დაფინანსება კრედიტების რ-ბა წლიური საფასური ადგილების რ-ბა; არააკრედიტებული ქართული ენა არ ფინანსდება 240 50; გამოცდა მინ. ზღვარი პრიორიტეტი; ქართული ენა და ლიტერატურა 25%-ზე მეტი 1; 941; 184 ა(ა)იპ - საქართველოს საპატრიარქოს წმიდა იოანე ღვთისმეტყველის სახელობის ბათუმის სასულიერო სემინარია 07.08.2025 16:36; 194 ა(ა)იპ - საქართველოს საპატრიარქოს ახალციხის წმინდა გრიგოლ ხანძთელის სახელობის სასულიერო; სემინარია; მისამართი: 0800. ქ. ახალციხე ფარნავაზ მეფის ქ. 4; ტელეფონი: -; ვებგვერდი: -; ელ.ფოსტა: seminaria.sapara@gmail.com; 942; 194 ა(ა)იპ - საქართველოს საპატრიარქოს ახალციხის წმინდა გრიგოლ ხანძთელის სახელობის სასულიერო სემინარია 07.08.2025 16:36; ",
1940101,194,თეოლოგია,თეოლოგიის ბაკალავრი,"ერთიან ეროვნულ გამოცდაზე ქართულ ენასა და ლიტერატურაში მინიმალური კომპეტენციის (მაქსიმალური ქულის 25%-ზე მეტი) გადალახვის შემდეგ, აბიტურიენტი; აბარებს შიდა გამოცდებს. კერძოდ: ქრისტიანული მოძღვრების საფუძვლებში (კატეხიზმო) (ზეპირი ან წერითი ფორმით); ქრისტიანული მოძღვრების საფუძვლებში; (კატეხიზმოში) დადებითი შეფასების მიღების შემთხვევაში აბიტურიენტი გადის გასაუბრებას საგამოცდო კომისიასთან.; საბაკალავრო პროგრამაზე ჩარიცხვა ხორციელდება შიდა საგამოცდო კომისიის მიერ დამტკიცებული საგამოცდო (მათ შორის გასაუბრების) შედეგების გათვალისწინებით.; აკრედიტაცია სწავლების ენა დაფინანსება კრედიტების რ-ბა წლიური საფასური ადგილების რ-ბა; არააკრედიტებული ქართული ენა არ ფინანსდება 240 15; გამოცდა მინ. ზღვარი პრიორიტეტი; ქართული ენა და ლიტერატურა 25%-ზე მეტი 1; 943; 194 ა(ა)იპ - საქართველოს საპატრიარქოს ახალციხის წმინდა გრიგოლ ხანძთელის სახელობის სასულიერო სემინარია 07.08.2025 16:36; ",
1940102,194,ქრისტიანული ხელოვნებათმცოდნეობა,ხელოვნების ისტორიისა და თეორიის ბაკალავრი,"ერთიან ეროვნულ გამოცდაზე ქართულ ენასა და ლიტერატურაში მინიმალური კომპეტენციის (მაქსიმალური ქულის 25%-ზე მეტი) გადალახვის შემდეგ, აბიტურიენტი; აბარებს შიდა გამოცდებს. კერძოდ: ქრისტიანული მოძღვრების საფუძვლებში (კატეხიზმო) (ზეპირი ან წერითი ფორმით); ქრისტიანული მოძღვრების საფუძვლებში; (კატეხიზმოში) დადებითი შეფასების მიღების შემთხვევაში აბიტურიენტი გადის გასაუბრებას საგამოცდო კომისიასთან.; საბაკალავრო პროგრამაზე ჩარიცხვა ხორციელდება შიდა საგამოცდო კომისიის მიერ დამტკიცებული საგამოცდო (მათ შორის გასაუბრების) შედეგების გათვალისწინებით.; აკრედიტაცია სწავლების ენა დაფინანსება კრედიტების რ-ბა წლიური საფასური ადგილების რ-ბა; არააკრედიტებული ქართული ენა არ ფინანსდება 240 15; გამოცდა მინ. ზღვარი პრიორიტეტი; ქართული ენა და ლიტერატურა 25%-ზე მეტი 1; 944; 194 ა(ა)იპ - საქართველოს საპატრიარქოს ახალციხის წმინდა გრიგოლ ხანძთელის სახელობის სასულიერო სემინარია 07.08.2025 16:36; ",
